[     379ms] [INFO] %cDownload the React DevTools for a better development experience: https://react.dev/link/react-devtools font-weight:bold @ http://localhost:3000/_next/static/chunks/node_modules_next_dist_1e8vcs8._.js:776
[     562ms] [LOG] [HMR] connected @ http://localhost:3000/_next/static/chunks/node_modules_next_dist_1e8vcs8._.js:776
[     676ms] [ERROR] Failed to load resource: the server responded with a status of 400 (Bad Request) @ http://localhost:3000/_next/image?url=%2Fimages%2Fprojects%2Fremote-nif%2Fcover.png&w=640&q=75:0
[     677ms] [ERROR] Failed to load resource: the server responded with a status of 400 (Bad Request) @ http://localhost:3000/_next/image?url=%2Fimages%2Fprojects%2Fremote-nif%2Fdashboard-client-pc.png&w=640&q=75:0
[     677ms] [ERROR] Failed to load resource: the server responded with a status of 400 (Bad Request) @ http://localhost:3000/_next/image?url=%2Fimages%2Fprojects%2Fremote-nif%2Fdashboard-admin-mobile.png&w=640&q=75:0
[     677ms] [ERROR] Failed to load resource: the server responded with a status of 400 (Bad Request) @ http://localhost:3000/_next/image?url=%2Fimages%2Fprojects%2Fremote-nif%2Fdashboard-operator-pc.png&w=640&q=75:0
[    2275ms] [ERROR] Failed to load resource: the server responded with a status of 400 (Bad Request) @ http://localhost:3000/_next/image?url=%2Fimages%2Fprojects%2Fremote-nif%2Fflow-diagram.png&w=640&q=75:0
[    2927ms] [ERROR] Failed to load resource: the server responded with a status of 400 (Bad Request) @ http://localhost:3000/_next/image?url=%2Fimages%2Fprojects%2Fremote-nif%2Fcontext-folder.png&w=640&q=75:0
[    3167ms] [ERROR] Failed to load resource: the server responded with a status of 400 (Bad Request) @ http://localhost:3000/_next/image?url=%2Fimages%2Fprojects%2Fremote-nif%2Fprocess-diagram.png&w=640&q=75:0
[  261099ms] [LOG] [Fast Refresh] rebuilding @ http://localhost:3000/_next/static/chunks/node_modules_next_dist_1e8vcs8._.js:776
[  261167ms] [LOG] [Fast Refresh] done in 146ms @ http://localhost:3000/_next/static/chunks/node_modules_next_dist_1e8vcs8._.js:776
[  933284ms] [LOG] [Fast Refresh] rebuilding @ http://localhost:3000/_next/static/chunks/node_modules_next_dist_1e8vcs8._.js:776
[  933341ms] [LOG] [Fast Refresh] done in 51ms @ http://localhost:3000/_next/static/chunks/node_modules_next_dist_1e8vcs8._.js:776
[  933395ms] [LOG] [Fast Refresh] done in 51ms @ http://localhost:3000/_next/static/chunks/node_modules_next_dist_1e8vcs8._.js:776
[  933450ms] [LOG] [Fast Refresh] done in 51ms @ http://localhost:3000/_next/static/chunks/node_modules_next_dist_1e8vcs8._.js:776
[  933508ms] [LOG] [Fast Refresh] done in 51ms @ http://localhost:3000/_next/static/chunks/node_modules_next_dist_1e8vcs8._.js:776
[  933569ms] [LOG] [Fast Refresh] done in 51ms @ http://localhost:3000/_next/static/chunks/node_modules_next_dist_1e8vcs8._.js:776
[  933622ms] [LOG] [Fast Refresh] done in 51ms @ http://localhost:3000/_next/static/chunks/node_modules_next_dist_1e8vcs8._.js:776
[  933679ms] [LOG] [Fast Refresh] done in 51ms @ http://localhost:3000/_next/static/chunks/node_modules_next_dist_1e8vcs8._.js:776
[  933741ms] [LOG] [Fast Refresh] done in 51ms @ http://localhost:3000/_next/static/chunks/node_modules_next_dist_1e8vcs8._.js:776
[  933798ms] [LOG] [Fast Refresh] done in 51ms @ http://localhost:3000/_next/static/chunks/node_modules_next_dist_1e8vcs8._.js:776
[  933861ms] [LOG] [Fast Refresh] done in 51ms @ http://localhost:3000/_next/static/chunks/node_modules_next_dist_1e8vcs8._.js:776
[  933922ms] [LOG] [Fast Refresh] done in 51ms @ http://localhost:3000/_next/static/chunks/node_modules_next_dist_1e8vcs8._.js:776
[  933983ms] [LOG] [Fast Refresh] done in 51ms @ http://localhost:3000/_next/static/chunks/node_modules_next_dist_1e8vcs8._.js:776
[  934046ms] [LOG] [Fast Refresh] done in 51ms @ http://localhost:3000/_next/static/chunks/node_modules_next_dist_1e8vcs8._.js:776
[  934106ms] [LOG] [Fast Refresh] done in 51ms @ http://localhost:3000/_next/static/chunks/node_modules_next_dist_1e8vcs8._.js:776
[  934154ms] [LOG] [Fast Refresh] done in 51ms @ http://localhost:3000/_next/static/chunks/node_modules_next_dist_1e8vcs8._.js:776
[  934213ms] [LOG] [Fast Refresh] done in 51ms @ http://localhost:3000/_next/static/chunks/node_modules_next_dist_1e8vcs8._.js:776
[  934259ms] [LOG] [Fast Refresh] done in 51ms @ http://localhost:3000/_next/static/chunks/node_modules_next_dist_1e8vcs8._.js:776
[  934336ms] [LOG] [Fast Refresh] done in 51ms @ http://localhost:3000/_next/static/chunks/node_modules_next_dist_1e8vcs8._.js:776
[  934395ms] [LOG] [Fast Refresh] done in 51ms @ http://localhost:3000/_next/static/chunks/node_modules_next_dist_1e8vcs8._.js:776
[  934448ms] [LOG] [Fast Refresh] done in 51ms @ http://localhost:3000/_next/static/chunks/node_modules_next_dist_1e8vcs8._.js:776
[  934509ms] [LOG] [Fast Refresh] done in 51ms @ http://localhost:3000/_next/static/chunks/node_modules_next_dist_1e8vcs8._.js:776
[  934556ms] [LOG] [Fast Refresh] done in 51ms @ http://localhost:3000/_next/static/chunks/node_modules_next_dist_1e8vcs8._.js:776
[  934606ms] [LOG] [Fast Refresh] done in 51ms @ http://localhost:3000/_next/static/chunks/node_modules_next_dist_1e8vcs8._.js:776
[  934664ms] [LOG] [Fast Refresh] done in 51ms @ http://localhost:3000/_next/static/chunks/node_modules_next_dist_1e8vcs8._.js:776
[  934709ms] [LOG] [Fast Refresh] done in 51ms @ http://localhost:3000/_next/static/chunks/node_modules_next_dist_1e8vcs8._.js:776
[  934767ms] [LOG] [Fast Refresh] done in 51ms @ http://localhost:3000/_next/static/chunks/node_modules_next_dist_1e8vcs8._.js:776
[  934817ms] [LOG] [Fast Refresh] done in 51ms @ http://localhost:3000/_next/static/chunks/node_modules_next_dist_1e8vcs8._.js:776
[  934869ms] [LOG] [Fast Refresh] done in 51ms @ http://localhost:3000/_next/static/chunks/node_modules_next_dist_1e8vcs8._.js:776
[  934927ms] [LOG] [Fast Refresh] done in 51ms @ http://localhost:3000/_next/static/chunks/node_modules_next_dist_1e8vcs8._.js:776
[  934984ms] [LOG] [Fast Refresh] done in 51ms @ http://localhost:3000/_next/static/chunks/node_modules_next_dist_1e8vcs8._.js:776
[  935040ms] [LOG] [Fast Refresh] done in 51ms @ http://localhost:3000/_next/static/chunks/node_modules_next_dist_1e8vcs8._.js:776
[  935097ms] [LOG] [Fast Refresh] done in 51ms @ http://localhost:3000/_next/static/chunks/node_modules_next_dist_1e8vcs8._.js:776
[  935149ms] [LOG] [Fast Refresh] done in 51ms @ http://localhost:3000/_next/static/chunks/node_modules_next_dist_1e8vcs8._.js:776
[  935204ms] [LOG] [Fast Refresh] done in 51ms @ http://localhost:3000/_next/static/chunks/node_modules_next_dist_1e8vcs8._.js:776
[  935262ms] [LOG] [Fast Refresh] done in 51ms @ http://localhost:3000/_next/static/chunks/node_modules_next_dist_1e8vcs8._.js:776
[  935319ms] [LOG] [Fast Refresh] done in 51ms @ http://localhost:3000/_next/static/chunks/node_modules_next_dist_1e8vcs8._.js:776
[  935381ms] [LOG] [Fast Refresh] done in 51ms @ http://localhost:3000/_next/static/chunks/node_modules_next_dist_1e8vcs8._.js:776
[  935435ms] [LOG] [Fast Refresh] done in 51ms @ http://localhost:3000/_next/static/chunks/node_modules_next_dist_1e8vcs8._.js:776
[  935492ms] [LOG] [Fast Refresh] done in 51ms @ http://localhost:3000/_next/static/chunks/node_modules_next_dist_1e8vcs8._.js:776
[  935549ms] [LOG] [Fast Refresh] done in 51ms @ http://localhost:3000/_next/static/chunks/node_modules_next_dist_1e8vcs8._.js:776
[  935610ms] [LOG] [Fast Refresh] done in 51ms @ http://localhost:3000/_next/static/chunks/node_modules_next_dist_1e8vcs8._.js:776
[  935671ms] [LOG] [Fast Refresh] done in 51ms @ http://localhost:3000/_next/static/chunks/node_modules_next_dist_1e8vcs8._.js:776
[  935720ms] [LOG] [Fast Refresh] done in 51ms @ http://localhost:3000/_next/static/chunks/node_modules_next_dist_1e8vcs8._.js:776
[  935765ms] [LOG] [Fast Refresh] done in 51ms @ http://localhost:3000/_next/static/chunks/node_modules_next_dist_1e8vcs8._.js:776
[  935822ms] [LOG] [Fast Refresh] done in 51ms @ http://localhost:3000/_next/static/chunks/node_modules_next_dist_1e8vcs8._.js:776
[  935879ms] [LOG] [Fast Refresh] done in 51ms @ http://localhost:3000/_next/static/chunks/node_modules_next_dist_1e8vcs8._.js:776
[  935938ms] [LOG] [Fast Refresh] done in 51ms @ http://localhost:3000/_next/static/chunks/node_modules_next_dist_1e8vcs8._.js:776
[  935991ms] [LOG] [Fast Refresh] done in 51ms @ http://localhost:3000/_next/static/chunks/node_modules_next_dist_1e8vcs8._.js:776
[  936047ms] [LOG] [Fast Refresh] done in 51ms @ http://localhost:3000/_next/static/chunks/node_modules_next_dist_1e8vcs8._.js:776
[  936097ms] [LOG] [Fast Refresh] done in 51ms @ http://localhost:3000/_next/static/chunks/node_modules_next_dist_1e8vcs8._.js:776
[  936154ms] [LOG] [Fast Refresh] done in 51ms @ http://localhost:3000/_next/static/chunks/node_modules_next_dist_1e8vcs8._.js:776
[  936199ms] [LOG] [Fast Refresh] done in 51ms @ http://localhost:3000/_next/static/chunks/node_modules_next_dist_1e8vcs8._.js:776
[  936261ms] [LOG] [Fast Refresh] done in 51ms @ http://localhost:3000/_next/static/chunks/node_modules_next_dist_1e8vcs8._.js:776
[  936315ms] [LOG] [Fast Refresh] done in 51ms @ http://localhost:3000/_next/static/chunks/node_modules_next_dist_1e8vcs8._.js:776
[  936371ms] [LOG] [Fast Refresh] done in 51ms @ http://localhost:3000/_next/static/chunks/node_modules_next_dist_1e8vcs8._.js:776
[  936426ms] [LOG] [Fast Refresh] done in 51ms @ http://localhost:3000/_next/static/chunks/node_modules_next_dist_1e8vcs8._.js:776
[  936487ms] [LOG] [Fast Refresh] done in 51ms @ http://localhost:3000/_next/static/chunks/node_modules_next_dist_1e8vcs8._.js:776
[  936543ms] [LOG] [Fast Refresh] done in 51ms @ http://localhost:3000/_next/static/chunks/node_modules_next_dist_1e8vcs8._.js:776
[  936598ms] [LOG] [Fast Refresh] done in 51ms @ http://localhost:3000/_next/static/chunks/node_modules_next_dist_1e8vcs8._.js:776
[  936657ms] [LOG] [Fast Refresh] done in 51ms @ http://localhost:3000/_next/static/chunks/node_modules_next_dist_1e8vcs8._.js:776
[  936701ms] [LOG] [Fast Refresh] done in 51ms @ http://localhost:3000/_next/static/chunks/node_modules_next_dist_1e8vcs8._.js:776
[  936763ms] [LOG] [Fast Refresh] done in 51ms @ http://localhost:3000/_next/static/chunks/node_modules_next_dist_1e8vcs8._.js:776
[  936809ms] [LOG] [Fast Refresh] done in 51ms @ http://localhost:3000/_next/static/chunks/node_modules_next_dist_1e8vcs8._.js:776
[  936854ms] [LOG] [Fast Refresh] done in 51ms @ http://localhost:3000/_next/static/chunks/node_modules_next_dist_1e8vcs8._.js:776
[  936912ms] [LOG] [Fast Refresh] done in 51ms @ http://localhost:3000/_next/static/chunks/node_modules_next_dist_1e8vcs8._.js:776
[  936970ms] [LOG] [Fast Refresh] done in 51ms @ http://localhost:3000/_next/static/chunks/node_modules_next_dist_1e8vcs8._.js:776
[  937028ms] [LOG] [Fast Refresh] done in 51ms @ http://localhost:3000/_next/static/chunks/node_modules_next_dist_1e8vcs8._.js:776
[  937092ms] [LOG] [Fast Refresh] done in 51ms @ http://localhost:3000/_next/static/chunks/node_modules_next_dist_1e8vcs8._.js:776
[  937145ms] [LOG] [Fast Refresh] done in 51ms @ http://localhost:3000/_next/static/chunks/node_modules_next_dist_1e8vcs8._.js:776
[  937205ms] [LOG] [Fast Refresh] done in 51ms @ http://localhost:3000/_next/static/chunks/node_modules_next_dist_1e8vcs8._.js:776
[  937267ms] [LOG] [Fast Refresh] done in 51ms @ http://localhost:3000/_next/static/chunks/node_modules_next_dist_1e8vcs8._.js:776
[  937323ms] [LOG] [Fast Refresh] done in 51ms @ http://localhost:3000/_next/static/chunks/node_modules_next_dist_1e8vcs8._.js:776
[  937379ms] [LOG] [Fast Refresh] done in 51ms @ http://localhost:3000/_next/static/chunks/node_modules_next_dist_1e8vcs8._.js:776
[  937436ms] [LOG] [Fast Refresh] done in 51ms @ http://localhost:3000/_next/static/chunks/node_modules_next_dist_1e8vcs8._.js:776
[  937488ms] [LOG] [Fast Refresh] done in 51ms @ http://localhost:3000/_next/static/chunks/node_modules_next_dist_1e8vcs8._.js:776
[  937541ms] [LOG] [Fast Refresh] done in 51ms @ http://localhost:3000/_next/static/chunks/node_modules_next_dist_1e8vcs8._.js:776
[  937596ms] [LOG] [Fast Refresh] done in 51ms @ http://localhost:3000/_next/static/chunks/node_modules_next_dist_1e8vcs8._.js:776
[  937660ms] [LOG] [Fast Refresh] done in 51ms @ http://localhost:3000/_next/static/chunks/node_modules_next_dist_1e8vcs8._.js:776
[  937714ms] [LOG] [Fast Refresh] done in 51ms @ http://localhost:3000/_next/static/chunks/node_modules_next_dist_1e8vcs8._.js:776
[  937767ms] [LOG] [Fast Refresh] done in 51ms @ http://localhost:3000/_next/static/chunks/node_modules_next_dist_1e8vcs8._.js:776
[  937824ms] [LOG] [Fast Refresh] done in 51ms @ http://localhost:3000/_next/static/chunks/node_modules_next_dist_1e8vcs8._.js:776
[  937879ms] [LOG] [Fast Refresh] done in 51ms @ http://localhost:3000/_next/static/chunks/node_modules_next_dist_1e8vcs8._.js:776
[  937932ms] [LOG] [Fast Refresh] done in 51ms @ http://localhost:3000/_next/static/chunks/node_modules_next_dist_1e8vcs8._.js:776
[  937985ms] [LOG] [Fast Refresh] done in 51ms @ http://localhost:3000/_next/static/chunks/node_modules_next_dist_1e8vcs8._.js:776
[  938042ms] [LOG] [Fast Refresh] done in 51ms @ http://localhost:3000/_next/static/chunks/node_modules_next_dist_1e8vcs8._.js:776
[  938096ms] [LOG] [Fast Refresh] done in 51ms @ http://localhost:3000/_next/static/chunks/node_modules_next_dist_1e8vcs8._.js:776
[  938154ms] [LOG] [Fast Refresh] done in 51ms @ http://localhost:3000/_next/static/chunks/node_modules_next_dist_1e8vcs8._.js:776
[  938212ms] [LOG] [Fast Refresh] done in 51ms @ http://localhost:3000/_next/static/chunks/node_modules_next_dist_1e8vcs8._.js:776
[  938271ms] [LOG] [Fast Refresh] done in 51ms @ http://localhost:3000/_next/static/chunks/node_modules_next_dist_1e8vcs8._.js:776
[  938328ms] [LOG] [Fast Refresh] done in 51ms @ http://localhost:3000/_next/static/chunks/node_modules_next_dist_1e8vcs8._.js:776
[  938385ms] [LOG] [Fast Refresh] done in 51ms @ http://localhost:3000/_next/static/chunks/node_modules_next_dist_1e8vcs8._.js:776
[  938438ms] [LOG] [Fast Refresh] done in 51ms @ http://localhost:3000/_next/static/chunks/node_modules_next_dist_1e8vcs8._.js:776
[  938495ms] [LOG] [Fast Refresh] done in 51ms @ http://localhost:3000/_next/static/chunks/node_modules_next_dist_1e8vcs8._.js:776
[  938552ms] [LOG] [Fast Refresh] done in 51ms @ http://localhost:3000/_next/static/chunks/node_modules_next_dist_1e8vcs8._.js:776
[  938606ms] [LOG] [Fast Refresh] done in 51ms @ http://localhost:3000/_next/static/chunks/node_modules_next_dist_1e8vcs8._.js:776
[  938661ms] [LOG] [Fast Refresh] done in 51ms @ http://localhost:3000/_next/static/chunks/node_modules_next_dist_1e8vcs8._.js:776
[  938725ms] [LOG] [Fast Refresh] done in 51ms @ http://localhost:3000/_next/static/chunks/node_modules_next_dist_1e8vcs8._.js:776
[  938779ms] [LOG] [Fast Refresh] done in 51ms @ http://localhost:3000/_next/static/chunks/node_modules_next_dist_1e8vcs8._.js:776
[  938831ms] [LOG] [Fast Refresh] done in 51ms @ http://localhost:3000/_next/static/chunks/node_modules_next_dist_1e8vcs8._.js:776
[  938886ms] [LOG] [Fast Refresh] done in 51ms @ http://localhost:3000/_next/static/chunks/node_modules_next_dist_1e8vcs8._.js:776
[  938941ms] [LOG] [Fast Refresh] done in 51ms @ http://localhost:3000/_next/static/chunks/node_modules_next_dist_1e8vcs8._.js:776
[  938992ms] [LOG] [Fast Refresh] done in 51ms @ http://localhost:3000/_next/static/chunks/node_modules_next_dist_1e8vcs8._.js:776
[  939043ms] [LOG] [Fast Refresh] done in 51ms @ http://localhost:3000/_next/static/chunks/node_modules_next_dist_1e8vcs8._.js:776
[  939095ms] [LOG] [Fast Refresh] done in 51ms @ http://localhost:3000/_next/static/chunks/node_modules_next_dist_1e8vcs8._.js:776
[  939145ms] [LOG] [Fast Refresh] done in 51ms @ http://localhost:3000/_next/static/chunks/node_modules_next_dist_1e8vcs8._.js:776
[  939194ms] [LOG] [Fast Refresh] done in 51ms @ http://localhost:3000/_next/static/chunks/node_modules_next_dist_1e8vcs8._.js:776
[  939252ms] [LOG] [Fast Refresh] done in 51ms @ http://localhost:3000/_next/static/chunks/node_modules_next_dist_1e8vcs8._.js:776
[  939307ms] [LOG] [Fast Refresh] done in 51ms @ http://localhost:3000/_next/static/chunks/node_modules_next_dist_1e8vcs8._.js:776
[  939356ms] [LOG] [Fast Refresh] done in 51ms @ http://localhost:3000/_next/static/chunks/node_modules_next_dist_1e8vcs8._.js:776
[  939410ms] [LOG] [Fast Refresh] done in 51ms @ http://localhost:3000/_next/static/chunks/node_modules_next_dist_1e8vcs8._.js:776
[  939461ms] [LOG] [Fast Refresh] done in 51ms @ http://localhost:3000/_next/static/chunks/node_modules_next_dist_1e8vcs8._.js:776
[  939511ms] [LOG] [Fast Refresh] done in 51ms @ http://localhost:3000/_next/static/chunks/node_modules_next_dist_1e8vcs8._.js:776
[  939561ms] [LOG] [Fast Refresh] done in 51ms @ http://localhost:3000/_next/static/chunks/node_modules_next_dist_1e8vcs8._.js:776
[  939616ms] [LOG] [Fast Refresh] done in 51ms @ http://localhost:3000/_next/static/chunks/node_modules_next_dist_1e8vcs8._.js:776
[  939675ms] [LOG] [Fast Refresh] done in 51ms @ http://localhost:3000/_next/static/chunks/node_modules_next_dist_1e8vcs8._.js:776
[  939737ms] [LOG] [Fast Refresh] done in 51ms @ http://localhost:3000/_next/static/chunks/node_modules_next_dist_1e8vcs8._.js:776
[  939794ms] [LOG] [Fast Refresh] done in 51ms @ http://localhost:3000/_next/static/chunks/node_modules_next_dist_1e8vcs8._.js:776
[  939856ms] [LOG] [Fast Refresh] done in 51ms @ http://localhost:3000/_next/static/chunks/node_modules_next_dist_1e8vcs8._.js:776
[  939901ms] [LOG] [Fast Refresh] done in 51ms @ http://localhost:3000/_next/static/chunks/node_modules_next_dist_1e8vcs8._.js:776
[  939961ms] [LOG] [Fast Refresh] done in 51ms @ http://localhost:3000/_next/static/chunks/node_modules_next_dist_1e8vcs8._.js:776
[  940020ms] [LOG] [Fast Refresh] done in 51ms @ http://localhost:3000/_next/static/chunks/node_modules_next_dist_1e8vcs8._.js:776
[  940074ms] [LOG] [Fast Refresh] done in 51ms @ http://localhost:3000/_next/static/chunks/node_modules_next_dist_1e8vcs8._.js:776
[  940128ms] [LOG] [Fast Refresh] done in 51ms @ http://localhost:3000/_next/static/chunks/node_modules_next_dist_1e8vcs8._.js:776
[  940182ms] [LOG] [Fast Refresh] done in 51ms @ http://localhost:3000/_next/static/chunks/node_modules_next_dist_1e8vcs8._.js:776
[  940245ms] [LOG] [Fast Refresh] done in 51ms @ http://localhost:3000/_next/static/chunks/node_modules_next_dist_1e8vcs8._.js:776
[  940303ms] [LOG] [Fast Refresh] done in 51ms @ http://localhost:3000/_next/static/chunks/node_modules_next_dist_1e8vcs8._.js:776
[  940356ms] [LOG] [Fast Refresh] done in 51ms @ http://localhost:3000/_next/static/chunks/node_modules_next_dist_1e8vcs8._.js:776
[  940409ms] [LOG] [Fast Refresh] done in 51ms @ http://localhost:3000/_next/static/chunks/node_modules_next_dist_1e8vcs8._.js:776
[  940470ms] [LOG] [Fast Refresh] done in 51ms @ http://localhost:3000/_next/static/chunks/node_modules_next_dist_1e8vcs8._.js:776
[  940520ms] [LOG] [Fast Refresh] done in 51ms @ http://localhost:3000/_next/static/chunks/node_modules_next_dist_1e8vcs8._.js:776
[  940581ms] [LOG] [Fast Refresh] done in 51ms @ http://localhost:3000/_next/static/chunks/node_modules_next_dist_1e8vcs8._.js:776
[  940638ms] [LOG] [Fast Refresh] done in 51ms @ http://localhost:3000/_next/static/chunks/node_modules_next_dist_1e8vcs8._.js:776
[  940686ms] [LOG] [Fast Refresh] done in 51ms @ http://localhost:3000/_next/static/chunks/node_modules_next_dist_1e8vcs8._.js:776
[  940745ms] [LOG] [Fast Refresh] done in 51ms @ http://localhost:3000/_next/static/chunks/node_modules_next_dist_1e8vcs8._.js:776
[  940790ms] [LOG] [Fast Refresh] done in 51ms @ http://localhost:3000/_next/static/chunks/node_modules_next_dist_1e8vcs8._.js:776
[  940840ms] [LOG] [Fast Refresh] done in 51ms @ http://localhost:3000/_next/static/chunks/node_modules_next_dist_1e8vcs8._.js:776
[  940888ms] [LOG] [Fast Refresh] done in 51ms @ http://localhost:3000/_next/static/chunks/node_modules_next_dist_1e8vcs8._.js:776
[  940932ms] [LOG] [Fast Refresh] done in 51ms @ http://localhost:3000/_next/static/chunks/node_modules_next_dist_1e8vcs8._.js:776
[  940989ms] [LOG] [Fast Refresh] done in 51ms @ http://localhost:3000/_next/static/chunks/node_modules_next_dist_1e8vcs8._.js:776
[  941038ms] [LOG] [Fast Refresh] done in 51ms @ http://localhost:3000/_next/static/chunks/node_modules_next_dist_1e8vcs8._.js:776
[  941096ms] [LOG] [Fast Refresh] done in 51ms @ http://localhost:3000/_next/static/chunks/node_modules_next_dist_1e8vcs8._.js:776
[  941152ms] [LOG] [Fast Refresh] done in 51ms @ http://localhost:3000/_next/static/chunks/node_modules_next_dist_1e8vcs8._.js:776
[  941197ms] [LOG] [Fast Refresh] done in 51ms @ http://localhost:3000/_next/static/chunks/node_modules_next_dist_1e8vcs8._.js:776
[  941258ms] [LOG] [Fast Refresh] done in 51ms @ http://localhost:3000/_next/static/chunks/node_modules_next_dist_1e8vcs8._.js:776
[  941312ms] [LOG] [Fast Refresh] done in 51ms @ http://localhost:3000/_next/static/chunks/node_modules_next_dist_1e8vcs8._.js:776
[  941373ms] [LOG] [Fast Refresh] done in 51ms @ http://localhost:3000/_next/static/chunks/node_modules_next_dist_1e8vcs8._.js:776
[  941434ms] [LOG] [Fast Refresh] done in 51ms @ http://localhost:3000/_next/static/chunks/node_modules_next_dist_1e8vcs8._.js:776
[  941491ms] [LOG] [Fast Refresh] done in 51ms @ http://localhost:3000/_next/static/chunks/node_modules_next_dist_1e8vcs8._.js:776
[  941549ms] [LOG] [Fast Refresh] done in 51ms @ http://localhost:3000/_next/static/chunks/node_modules_next_dist_1e8vcs8._.js:776
[  941602ms] [LOG] [Fast Refresh] done in 51ms @ http://localhost:3000/_next/static/chunks/node_modules_next_dist_1e8vcs8._.js:776
[  941650ms] [LOG] [Fast Refresh] done in 51ms @ http://localhost:3000/_next/static/chunks/node_modules_next_dist_1e8vcs8._.js:776
[  941695ms] [LOG] [Fast Refresh] done in 51ms @ http://localhost:3000/_next/static/chunks/node_modules_next_dist_1e8vcs8._.js:776
[  941750ms] [LOG] [Fast Refresh] done in 51ms @ http://localhost:3000/_next/static/chunks/node_modules_next_dist_1e8vcs8._.js:776
[  941800ms] [LOG] [Fast Refresh] done in 51ms @ http://localhost:3000/_next/static/chunks/node_modules_next_dist_1e8vcs8._.js:776
[  941848ms] [LOG] [Fast Refresh] done in 51ms @ http://localhost:3000/_next/static/chunks/node_modules_next_dist_1e8vcs8._.js:776
[  941897ms] [LOG] [Fast Refresh] done in 51ms @ http://localhost:3000/_next/static/chunks/node_modules_next_dist_1e8vcs8._.js:776
[  941955ms] [LOG] [Fast Refresh] done in 51ms @ http://localhost:3000/_next/static/chunks/node_modules_next_dist_1e8vcs8._.js:776
[  941999ms] [LOG] [Fast Refresh] done in 51ms @ http://localhost:3000/_next/static/chunks/node_modules_next_dist_1e8vcs8._.js:776
[  942057ms] [LOG] [Fast Refresh] done in 51ms @ http://localhost:3000/_next/static/chunks/node_modules_next_dist_1e8vcs8._.js:776
[  942114ms] [LOG] [Fast Refresh] done in 51ms @ http://localhost:3000/_next/static/chunks/node_modules_next_dist_1e8vcs8._.js:776
[  942164ms] [LOG] [Fast Refresh] done in 51ms @ http://localhost:3000/_next/static/chunks/node_modules_next_dist_1e8vcs8._.js:776
[  942210ms] [LOG] [Fast Refresh] done in 51ms @ http://localhost:3000/_next/static/chunks/node_modules_next_dist_1e8vcs8._.js:776
[  942268ms] [LOG] [Fast Refresh] done in 51ms @ http://localhost:3000/_next/static/chunks/node_modules_next_dist_1e8vcs8._.js:776
[  942315ms] [LOG] [Fast Refresh] done in 51ms @ http://localhost:3000/_next/static/chunks/node_modules_next_dist_1e8vcs8._.js:776
[  942368ms] [LOG] [Fast Refresh] done in 51ms @ http://localhost:3000/_next/static/chunks/node_modules_next_dist_1e8vcs8._.js:776
[  942420ms] [LOG] [Fast Refresh] done in 51ms @ http://localhost:3000/_next/static/chunks/node_modules_next_dist_1e8vcs8._.js:776
[  942466ms] [LOG] [Fast Refresh] done in 51ms @ http://localhost:3000/_next/static/chunks/node_modules_next_dist_1e8vcs8._.js:776
[  942515ms] [LOG] [Fast Refresh] done in 51ms @ http://localhost:3000/_next/static/chunks/node_modules_next_dist_1e8vcs8._.js:776
[  942559ms] [LOG] [Fast Refresh] done in 51ms @ http://localhost:3000/_next/static/chunks/node_modules_next_dist_1e8vcs8._.js:776
[  942605ms] [LOG] [Fast Refresh] done in 51ms @ http://localhost:3000/_next/static/chunks/node_modules_next_dist_1e8vcs8._.js:776
[  942654ms] [LOG] [Fast Refresh] done in 51ms @ http://localhost:3000/_next/static/chunks/node_modules_next_dist_1e8vcs8._.js:776
[  942708ms] [LOG] [Fast Refresh] done in 51ms @ http://localhost:3000/_next/static/chunks/node_modules_next_dist_1e8vcs8._.js:776
[  942765ms] [LOG] [Fast Refresh] done in 51ms @ http://localhost:3000/_next/static/chunks/node_modules_next_dist_1e8vcs8._.js:776
[  942822ms] [LOG] [Fast Refresh] done in 51ms @ http://localhost:3000/_next/static/chunks/node_modules_next_dist_1e8vcs8._.js:776
[  942882ms] [LOG] [Fast Refresh] done in 51ms @ http://localhost:3000/_next/static/chunks/node_modules_next_dist_1e8vcs8._.js:776
[  942940ms] [LOG] [Fast Refresh] done in 51ms @ http://localhost:3000/_next/static/chunks/node_modules_next_dist_1e8vcs8._.js:776
[  942995ms] [LOG] [Fast Refresh] done in 51ms @ http://localhost:3000/_next/static/chunks/node_modules_next_dist_1e8vcs8._.js:776
[  943047ms] [LOG] [Fast Refresh] done in 51ms @ http://localhost:3000/_next/static/chunks/node_modules_next_dist_1e8vcs8._.js:776
[  943096ms] [LOG] [Fast Refresh] done in 51ms @ http://localhost:3000/_next/static/chunks/node_modules_next_dist_1e8vcs8._.js:776
[  943146ms] [LOG] [Fast Refresh] done in 51ms @ http://localhost:3000/_next/static/chunks/node_modules_next_dist_1e8vcs8._.js:776
[  943202ms] [LOG] [Fast Refresh] done in 51ms @ http://localhost:3000/_next/static/chunks/node_modules_next_dist_1e8vcs8._.js:776
[  943260ms] [LOG] [Fast Refresh] done in 51ms @ http://localhost:3000/_next/static/chunks/node_modules_next_dist_1e8vcs8._.js:776
[  943323ms] [LOG] [Fast Refresh] done in 51ms @ http://localhost:3000/_next/static/chunks/node_modules_next_dist_1e8vcs8._.js:776
[  943376ms] [LOG] [Fast Refresh] done in 51ms @ http://localhost:3000/_next/static/chunks/node_modules_next_dist_1e8vcs8._.js:776
[  943437ms] [LOG] [Fast Refresh] done in 51ms @ http://localhost:3000/_next/static/chunks/node_modules_next_dist_1e8vcs8._.js:776
[  943483ms] [LOG] [Fast Refresh] done in 51ms @ http://localhost:3000/_next/static/chunks/node_modules_next_dist_1e8vcs8._.js:776
[  943541ms] [LOG] [Fast Refresh] done in 51ms @ http://localhost:3000/_next/static/chunks/node_modules_next_dist_1e8vcs8._.js:776
[  943590ms] [LOG] [Fast Refresh] done in 51ms @ http://localhost:3000/_next/static/chunks/node_modules_next_dist_1e8vcs8._.js:776
[  943644ms] [LOG] [Fast Refresh] done in 51ms @ http://localhost:3000/_next/static/chunks/node_modules_next_dist_1e8vcs8._.js:776
[  943692ms] [LOG] [Fast Refresh] done in 51ms @ http://localhost:3000/_next/static/chunks/node_modules_next_dist_1e8vcs8._.js:776
[  943751ms] [LOG] [Fast Refresh] done in 51ms @ http://localhost:3000/_next/static/chunks/node_modules_next_dist_1e8vcs8._.js:776
[  943810ms] [LOG] [Fast Refresh] done in 51ms @ http://localhost:3000/_next/static/chunks/node_modules_next_dist_1e8vcs8._.js:776
[  943868ms] [LOG] [Fast Refresh] done in 51ms @ http://localhost:3000/_next/static/chunks/node_modules_next_dist_1e8vcs8._.js:776
[  943922ms] [LOG] [Fast Refresh] done in 51ms @ http://localhost:3000/_next/static/chunks/node_modules_next_dist_1e8vcs8._.js:776
[  943976ms] [LOG] [Fast Refresh] done in 51ms @ http://localhost:3000/_next/static/chunks/node_modules_next_dist_1e8vcs8._.js:776
[  944032ms] [LOG] [Fast Refresh] done in 51ms @ http://localhost:3000/_next/static/chunks/node_modules_next_dist_1e8vcs8._.js:776
[  944085ms] [LOG] [Fast Refresh] done in 51ms @ http://localhost:3000/_next/static/chunks/node_modules_next_dist_1e8vcs8._.js:776
[  944142ms] [LOG] [Fast Refresh] done in 51ms @ http://localhost:3000/_next/static/chunks/node_modules_next_dist_1e8vcs8._.js:776
[  944186ms] [LOG] [Fast Refresh] done in 51ms @ http://localhost:3000/_next/static/chunks/node_modules_next_dist_1e8vcs8._.js:776
[  944244ms] [LOG] [Fast Refresh] done in 51ms @ http://localhost:3000/_next/static/chunks/node_modules_next_dist_1e8vcs8._.js:776
[  944301ms] [LOG] [Fast Refresh] done in 51ms @ http://localhost:3000/_next/static/chunks/node_modules_next_dist_1e8vcs8._.js:776
[  944360ms] [LOG] [Fast Refresh] done in 51ms @ http://localhost:3000/_next/static/chunks/node_modules_next_dist_1e8vcs8._.js:776
[  944419ms] [LOG] [Fast Refresh] done in 51ms @ http://localhost:3000/_next/static/chunks/node_modules_next_dist_1e8vcs8._.js:776
[  944473ms] [LOG] [Fast Refresh] done in 51ms @ http://localhost:3000/_next/static/chunks/node_modules_next_dist_1e8vcs8._.js:776
[  944527ms] [LOG] [Fast Refresh] done in 51ms @ http://localhost:3000/_next/static/chunks/node_modules_next_dist_1e8vcs8._.js:776
[  944586ms] [LOG] [Fast Refresh] done in 51ms @ http://localhost:3000/_next/static/chunks/node_modules_next_dist_1e8vcs8._.js:776
[  944644ms] [LOG] [Fast Refresh] done in 51ms @ http://localhost:3000/_next/static/chunks/node_modules_next_dist_1e8vcs8._.js:776
[  944704ms] [LOG] [Fast Refresh] done in 51ms @ http://localhost:3000/_next/static/chunks/node_modules_next_dist_1e8vcs8._.js:776
[  944762ms] [LOG] [Fast Refresh] done in 51ms @ http://localhost:3000/_next/static/chunks/node_modules_next_dist_1e8vcs8._.js:776
[  944811ms] [LOG] [Fast Refresh] done in 51ms @ http://localhost:3000/_next/static/chunks/node_modules_next_dist_1e8vcs8._.js:776
[  944867ms] [LOG] [Fast Refresh] done in 51ms @ http://localhost:3000/_next/static/chunks/node_modules_next_dist_1e8vcs8._.js:776
[  944916ms] [LOG] [Fast Refresh] done in 51ms @ http://localhost:3000/_next/static/chunks/node_modules_next_dist_1e8vcs8._.js:776
[  944971ms] [LOG] [Fast Refresh] done in 51ms @ http://localhost:3000/_next/static/chunks/node_modules_next_dist_1e8vcs8._.js:776
[  945024ms] [LOG] [Fast Refresh] done in 51ms @ http://localhost:3000/_next/static/chunks/node_modules_next_dist_1e8vcs8._.js:776
[  945081ms] [LOG] [Fast Refresh] done in 51ms @ http://localhost:3000/_next/static/chunks/node_modules_next_dist_1e8vcs8._.js:776
[  945138ms] [LOG] [Fast Refresh] done in 51ms @ http://localhost:3000/_next/static/chunks/node_modules_next_dist_1e8vcs8._.js:776
[  945188ms] [LOG] [Fast Refresh] done in 51ms @ http://localhost:3000/_next/static/chunks/node_modules_next_dist_1e8vcs8._.js:776
[  945247ms] [LOG] [Fast Refresh] done in 51ms @ http://localhost:3000/_next/static/chunks/node_modules_next_dist_1e8vcs8._.js:776
[  945302ms] [LOG] [Fast Refresh] done in 51ms @ http://localhost:3000/_next/static/chunks/node_modules_next_dist_1e8vcs8._.js:776
[  945359ms] [LOG] [Fast Refresh] done in 51ms @ http://localhost:3000/_next/static/chunks/node_modules_next_dist_1e8vcs8._.js:776
[  945417ms] [LOG] [Fast Refresh] done in 51ms @ http://localhost:3000/_next/static/chunks/node_modules_next_dist_1e8vcs8._.js:776
[  945473ms] [LOG] [Fast Refresh] done in 51ms @ http://localhost:3000/_next/static/chunks/node_modules_next_dist_1e8vcs8._.js:776
[  945532ms] [LOG] [Fast Refresh] done in 51ms @ http://localhost:3000/_next/static/chunks/node_modules_next_dist_1e8vcs8._.js:776
[  945593ms] [LOG] [Fast Refresh] done in 51ms @ http://localhost:3000/_next/static/chunks/node_modules_next_dist_1e8vcs8._.js:776
[  945654ms] [LOG] [Fast Refresh] done in 51ms @ http://localhost:3000/_next/static/chunks/node_modules_next_dist_1e8vcs8._.js:776
[  945703ms] [LOG] [Fast Refresh] done in 51ms @ http://localhost:3000/_next/static/chunks/node_modules_next_dist_1e8vcs8._.js:776
[  945757ms] [LOG] [Fast Refresh] done in 51ms @ http://localhost:3000/_next/static/chunks/node_modules_next_dist_1e8vcs8._.js:776
[  945811ms] [LOG] [Fast Refresh] done in 51ms @ http://localhost:3000/_next/static/chunks/node_modules_next_dist_1e8vcs8._.js:776
[  945872ms] [LOG] [Fast Refresh] done in 51ms @ http://localhost:3000/_next/static/chunks/node_modules_next_dist_1e8vcs8._.js:776
[  945918ms] [LOG] [Fast Refresh] done in 51ms @ http://localhost:3000/_next/static/chunks/node_modules_next_dist_1e8vcs8._.js:776
[  945975ms] [LOG] [Fast Refresh] done in 51ms @ http://localhost:3000/_next/static/chunks/node_modules_next_dist_1e8vcs8._.js:776
[  946033ms] [LOG] [Fast Refresh] done in 51ms @ http://localhost:3000/_next/static/chunks/node_modules_next_dist_1e8vcs8._.js:776
[  946093ms] [LOG] [Fast Refresh] done in 51ms @ http://localhost:3000/_next/static/chunks/node_modules_next_dist_1e8vcs8._.js:776
[  946150ms] [LOG] [Fast Refresh] done in 51ms @ http://localhost:3000/_next/static/chunks/node_modules_next_dist_1e8vcs8._.js:776
[  946206ms] [LOG] [Fast Refresh] done in 51ms @ http://localhost:3000/_next/static/chunks/node_modules_next_dist_1e8vcs8._.js:776
[  946264ms] [LOG] [Fast Refresh] done in 51ms @ http://localhost:3000/_next/static/chunks/node_modules_next_dist_1e8vcs8._.js:776
[  946308ms] [LOG] [Fast Refresh] done in 51ms @ http://localhost:3000/_next/static/chunks/node_modules_next_dist_1e8vcs8._.js:776
[  946365ms] [LOG] [Fast Refresh] done in 51ms @ http://localhost:3000/_next/static/chunks/node_modules_next_dist_1e8vcs8._.js:776
[  946412ms] [LOG] [Fast Refresh] done in 51ms @ http://localhost:3000/_next/static/chunks/node_modules_next_dist_1e8vcs8._.js:776
[  946469ms] [LOG] [Fast Refresh] done in 51ms @ http://localhost:3000/_next/static/chunks/node_modules_next_dist_1e8vcs8._.js:776
[  946526ms] [LOG] [Fast Refresh] done in 51ms @ http://localhost:3000/_next/static/chunks/node_modules_next_dist_1e8vcs8._.js:776
[  946586ms] [LOG] [Fast Refresh] done in 51ms @ http://localhost:3000/_next/static/chunks/node_modules_next_dist_1e8vcs8._.js:776
[  946646ms] [LOG] [Fast Refresh] done in 51ms @ http://localhost:3000/_next/static/chunks/node_modules_next_dist_1e8vcs8._.js:776
[  946704ms] [LOG] [Fast Refresh] done in 51ms @ http://localhost:3000/_next/static/chunks/node_modules_next_dist_1e8vcs8._.js:776
[  946760ms] [LOG] [Fast Refresh] done in 51ms @ http://localhost:3000/_next/static/chunks/node_modules_next_dist_1e8vcs8._.js:776
[  946820ms] [LOG] [Fast Refresh] done in 51ms @ http://localhost:3000/_next/static/chunks/node_modules_next_dist_1e8vcs8._.js:776
[  946874ms] [LOG] [Fast Refresh] done in 51ms @ http://localhost:3000/_next/static/chunks/node_modules_next_dist_1e8vcs8._.js:776
[  946936ms] [LOG] [Fast Refresh] done in 51ms @ http://localhost:3000/_next/static/chunks/node_modules_next_dist_1e8vcs8._.js:776
[  946993ms] [LOG] [Fast Refresh] done in 51ms @ http://localhost:3000/_next/static/chunks/node_modules_next_dist_1e8vcs8._.js:776
[  947042ms] [LOG] [Fast Refresh] done in 51ms @ http://localhost:3000/_next/static/chunks/node_modules_next_dist_1e8vcs8._.js:776
[  947142ms] [LOG] [Fast Refresh] done in 51ms @ http://localhost:3000/_next/static/chunks/node_modules_next_dist_1e8vcs8._.js:776
[  947189ms] [LOG] [Fast Refresh] done in 51ms @ http://localhost:3000/_next/static/chunks/node_modules_next_dist_1e8vcs8._.js:776
[  947248ms] [LOG] [Fast Refresh] done in 51ms @ http://localhost:3000/_next/static/chunks/node_modules_next_dist_1e8vcs8._.js:776
[  947298ms] [LOG] [Fast Refresh] done in 51ms @ http://localhost:3000/_next/static/chunks/node_modules_next_dist_1e8vcs8._.js:776
[  947351ms] [LOG] [Fast Refresh] done in 51ms @ http://localhost:3000/_next/static/chunks/node_modules_next_dist_1e8vcs8._.js:776
[  947401ms] [LOG] [Fast Refresh] done in 51ms @ http://localhost:3000/_next/static/chunks/node_modules_next_dist_1e8vcs8._.js:776
[  947454ms] [LOG] [Fast Refresh] done in 51ms @ http://localhost:3000/_next/static/chunks/node_modules_next_dist_1e8vcs8._.js:776
[  947512ms] [LOG] [Fast Refresh] done in 51ms @ http://localhost:3000/_next/static/chunks/node_modules_next_dist_1e8vcs8._.js:776
[  947566ms] [LOG] [Fast Refresh] done in 51ms @ http://localhost:3000/_next/static/chunks/node_modules_next_dist_1e8vcs8._.js:776
[  947623ms] [LOG] [Fast Refresh] done in 51ms @ http://localhost:3000/_next/static/chunks/node_modules_next_dist_1e8vcs8._.js:776
[  947680ms] [LOG] [Fast Refresh] done in 51ms @ http://localhost:3000/_next/static/chunks/node_modules_next_dist_1e8vcs8._.js:776
[  947733ms] [LOG] [Fast Refresh] done in 51ms @ http://localhost:3000/_next/static/chunks/node_modules_next_dist_1e8vcs8._.js:776
[  947794ms] [LOG] [Fast Refresh] done in 51ms @ http://localhost:3000/_next/static/chunks/node_modules_next_dist_1e8vcs8._.js:776
[  947846ms] [LOG] [Fast Refresh] done in 51ms @ http://localhost:3000/_next/static/chunks/node_modules_next_dist_1e8vcs8._.js:776
[  947904ms] [LOG] [Fast Refresh] done in 51ms @ http://localhost:3000/_next/static/chunks/node_modules_next_dist_1e8vcs8._.js:776
[  947959ms] [LOG] [Fast Refresh] done in 51ms @ http://localhost:3000/_next/static/chunks/node_modules_next_dist_1e8vcs8._.js:776
[  948013ms] [LOG] [Fast Refresh] done in 51ms @ http://localhost:3000/_next/static/chunks/node_modules_next_dist_1e8vcs8._.js:776
[  948073ms] [LOG] [Fast Refresh] done in 51ms @ http://localhost:3000/_next/static/chunks/node_modules_next_dist_1e8vcs8._.js:776
[  948129ms] [LOG] [Fast Refresh] done in 51ms @ http://localhost:3000/_next/static/chunks/node_modules_next_dist_1e8vcs8._.js:776
[  948181ms] [LOG] [Fast Refresh] done in 51ms @ http://localhost:3000/_next/static/chunks/node_modules_next_dist_1e8vcs8._.js:776
[  948239ms] [LOG] [Fast Refresh] done in 51ms @ http://localhost:3000/_next/static/chunks/node_modules_next_dist_1e8vcs8._.js:776
[  948297ms] [LOG] [Fast Refresh] done in 51ms @ http://localhost:3000/_next/static/chunks/node_modules_next_dist_1e8vcs8._.js:776
[  948354ms] [LOG] [Fast Refresh] done in 51ms @ http://localhost:3000/_next/static/chunks/node_modules_next_dist_1e8vcs8._.js:776
[  948412ms] [LOG] [Fast Refresh] done in 51ms @ http://localhost:3000/_next/static/chunks/node_modules_next_dist_1e8vcs8._.js:776
[  948466ms] [LOG] [Fast Refresh] done in 51ms @ http://localhost:3000/_next/static/chunks/node_modules_next_dist_1e8vcs8._.js:776
[  948519ms] [LOG] [Fast Refresh] done in 51ms @ http://localhost:3000/_next/static/chunks/node_modules_next_dist_1e8vcs8._.js:776
[  948577ms] [LOG] [Fast Refresh] done in 51ms @ http://localhost:3000/_next/static/chunks/node_modules_next_dist_1e8vcs8._.js:776
[  948629ms] [LOG] [Fast Refresh] done in 51ms @ http://localhost:3000/_next/static/chunks/node_modules_next_dist_1e8vcs8._.js:776
[  948683ms] [LOG] [Fast Refresh] done in 51ms @ http://localhost:3000/_next/static/chunks/node_modules_next_dist_1e8vcs8._.js:776
[  948727ms] [LOG] [Fast Refresh] done in 51ms @ http://localhost:3000/_next/static/chunks/node_modules_next_dist_1e8vcs8._.js:776
[  948781ms] [LOG] [Fast Refresh] done in 51ms @ http://localhost:3000/_next/static/chunks/node_modules_next_dist_1e8vcs8._.js:776
[  948839ms] [LOG] [Fast Refresh] done in 51ms @ http://localhost:3000/_next/static/chunks/node_modules_next_dist_1e8vcs8._.js:776
[  948892ms] [LOG] [Fast Refresh] done in 51ms @ http://localhost:3000/_next/static/chunks/node_modules_next_dist_1e8vcs8._.js:776
[  948952ms] [LOG] [Fast Refresh] done in 51ms @ http://localhost:3000/_next/static/chunks/node_modules_next_dist_1e8vcs8._.js:776
[  949005ms] [LOG] [Fast Refresh] done in 51ms @ http://localhost:3000/_next/static/chunks/node_modules_next_dist_1e8vcs8._.js:776
[  949067ms] [LOG] [Fast Refresh] done in 51ms @ http://localhost:3000/_next/static/chunks/node_modules_next_dist_1e8vcs8._.js:776
[  949115ms] [LOG] [Fast Refresh] done in 51ms @ http://localhost:3000/_next/static/chunks/node_modules_next_dist_1e8vcs8._.js:776
[  949175ms] [LOG] [Fast Refresh] done in 51ms @ http://localhost:3000/_next/static/chunks/node_modules_next_dist_1e8vcs8._.js:776
[  949234ms] [LOG] [Fast Refresh] done in 51ms @ http://localhost:3000/_next/static/chunks/node_modules_next_dist_1e8vcs8._.js:776
[  949292ms] [LOG] [Fast Refresh] done in 51ms @ http://localhost:3000/_next/static/chunks/node_modules_next_dist_1e8vcs8._.js:776
[  949348ms] [LOG] [Fast Refresh] done in 51ms @ http://localhost:3000/_next/static/chunks/node_modules_next_dist_1e8vcs8._.js:776
[  949397ms] [LOG] [Fast Refresh] done in 51ms @ http://localhost:3000/_next/static/chunks/node_modules_next_dist_1e8vcs8._.js:776
[  949450ms] [LOG] [Fast Refresh] done in 51ms @ http://localhost:3000/_next/static/chunks/node_modules_next_dist_1e8vcs8._.js:776
[  949519ms] [LOG] [Fast Refresh] done in 51ms @ http://localhost:3000/_next/static/chunks/node_modules_next_dist_1e8vcs8._.js:776
[  949579ms] [LOG] [Fast Refresh] done in 51ms @ http://localhost:3000/_next/static/chunks/node_modules_next_dist_1e8vcs8._.js:776
[  949632ms] [LOG] [Fast Refresh] done in 51ms @ http://localhost:3000/_next/static/chunks/node_modules_next_dist_1e8vcs8._.js:776
[  949677ms] [LOG] [Fast Refresh] done in 51ms @ http://localhost:3000/_next/static/chunks/node_modules_next_dist_1e8vcs8._.js:776
[  949736ms] [LOG] [Fast Refresh] done in 51ms @ http://localhost:3000/_next/static/chunks/node_modules_next_dist_1e8vcs8._.js:776
[  949788ms] [LOG] [Fast Refresh] done in 51ms @ http://localhost:3000/_next/static/chunks/node_modules_next_dist_1e8vcs8._.js:776
[  949845ms] [LOG] [Fast Refresh] done in 51ms @ http://localhost:3000/_next/static/chunks/node_modules_next_dist_1e8vcs8._.js:776
[  949900ms] [LOG] [Fast Refresh] done in 51ms @ http://localhost:3000/_next/static/chunks/node_modules_next_dist_1e8vcs8._.js:776
[  949957ms] [LOG] [Fast Refresh] done in 51ms @ http://localhost:3000/_next/static/chunks/node_modules_next_dist_1e8vcs8._.js:776
[  950014ms] [LOG] [Fast Refresh] done in 51ms @ http://localhost:3000/_next/static/chunks/node_modules_next_dist_1e8vcs8._.js:776
[  950071ms] [LOG] [Fast Refresh] done in 51ms @ http://localhost:3000/_next/static/chunks/node_modules_next_dist_1e8vcs8._.js:776
[  950129ms] [LOG] [Fast Refresh] done in 51ms @ http://localhost:3000/_next/static/chunks/node_modules_next_dist_1e8vcs8._.js:776
[  950182ms] [LOG] [Fast Refresh] done in 51ms @ http://localhost:3000/_next/static/chunks/node_modules_next_dist_1e8vcs8._.js:776
[  950235ms] [LOG] [Fast Refresh] done in 51ms @ http://localhost:3000/_next/static/chunks/node_modules_next_dist_1e8vcs8._.js:776
[  950288ms] [LOG] [Fast Refresh] done in 51ms @ http://localhost:3000/_next/static/chunks/node_modules_next_dist_1e8vcs8._.js:776
[  950344ms] [LOG] [Fast Refresh] done in 51ms @ http://localhost:3000/_next/static/chunks/node_modules_next_dist_1e8vcs8._.js:776
[  950400ms] [LOG] [Fast Refresh] done in 51ms @ http://localhost:3000/_next/static/chunks/node_modules_next_dist_1e8vcs8._.js:776
[  950457ms] [LOG] [Fast Refresh] done in 51ms @ http://localhost:3000/_next/static/chunks/node_modules_next_dist_1e8vcs8._.js:776
[  950515ms] [LOG] [Fast Refresh] done in 51ms @ http://localhost:3000/_next/static/chunks/node_modules_next_dist_1e8vcs8._.js:776
[  950572ms] [LOG] [Fast Refresh] done in 51ms @ http://localhost:3000/_next/static/chunks/node_modules_next_dist_1e8vcs8._.js:776
[  950628ms] [LOG] [Fast Refresh] done in 51ms @ http://localhost:3000/_next/static/chunks/node_modules_next_dist_1e8vcs8._.js:776
[  950688ms] [LOG] [Fast Refresh] done in 51ms @ http://localhost:3000/_next/static/chunks/node_modules_next_dist_1e8vcs8._.js:776
[  950748ms] [LOG] [Fast Refresh] done in 51ms @ http://localhost:3000/_next/static/chunks/node_modules_next_dist_1e8vcs8._.js:776
[  950802ms] [LOG] [Fast Refresh] done in 51ms @ http://localhost:3000/_next/static/chunks/node_modules_next_dist_1e8vcs8._.js:776
[  950861ms] [LOG] [Fast Refresh] done in 51ms @ http://localhost:3000/_next/static/chunks/node_modules_next_dist_1e8vcs8._.js:776
[  950915ms] [LOG] [Fast Refresh] done in 51ms @ http://localhost:3000/_next/static/chunks/node_modules_next_dist_1e8vcs8._.js:776
[  950972ms] [LOG] [Fast Refresh] done in 51ms @ http://localhost:3000/_next/static/chunks/node_modules_next_dist_1e8vcs8._.js:776
[  951030ms] [LOG] [Fast Refresh] done in 51ms @ http://localhost:3000/_next/static/chunks/node_modules_next_dist_1e8vcs8._.js:776
[  951075ms] [LOG] [Fast Refresh] done in 51ms @ http://localhost:3000/_next/static/chunks/node_modules_next_dist_1e8vcs8._.js:776
[  951137ms] [LOG] [Fast Refresh] done in 51ms @ http://localhost:3000/_next/static/chunks/node_modules_next_dist_1e8vcs8._.js:776
[  951194ms] [LOG] [Fast Refresh] done in 51ms @ http://localhost:3000/_next/static/chunks/node_modules_next_dist_1e8vcs8._.js:776
[  951251ms] [LOG] [Fast Refresh] done in 51ms @ http://localhost:3000/_next/static/chunks/node_modules_next_dist_1e8vcs8._.js:776
[  951308ms] [LOG] [Fast Refresh] done in 51ms @ http://localhost:3000/_next/static/chunks/node_modules_next_dist_1e8vcs8._.js:776
[  951362ms] [LOG] [Fast Refresh] done in 51ms @ http://localhost:3000/_next/static/chunks/node_modules_next_dist_1e8vcs8._.js:776
[  951415ms] [LOG] [Fast Refresh] done in 51ms @ http://localhost:3000/_next/static/chunks/node_modules_next_dist_1e8vcs8._.js:776
[  951476ms] [LOG] [Fast Refresh] done in 51ms @ http://localhost:3000/_next/static/chunks/node_modules_next_dist_1e8vcs8._.js:776
[  951529ms] [LOG] [Fast Refresh] done in 51ms @ http://localhost:3000/_next/static/chunks/node_modules_next_dist_1e8vcs8._.js:776
[  951590ms] [LOG] [Fast Refresh] done in 51ms @ http://localhost:3000/_next/static/chunks/node_modules_next_dist_1e8vcs8._.js:776
[  951640ms] [LOG] [Fast Refresh] done in 51ms @ http://localhost:3000/_next/static/chunks/node_modules_next_dist_1e8vcs8._.js:776
[  951701ms] [LOG] [Fast Refresh] done in 51ms @ http://localhost:3000/_next/static/chunks/node_modules_next_dist_1e8vcs8._.js:776
[  951760ms] [LOG] [Fast Refresh] done in 51ms @ http://localhost:3000/_next/static/chunks/node_modules_next_dist_1e8vcs8._.js:776
[  951817ms] [LOG] [Fast Refresh] done in 51ms @ http://localhost:3000/_next/static/chunks/node_modules_next_dist_1e8vcs8._.js:776
[  951875ms] [LOG] [Fast Refresh] done in 51ms @ http://localhost:3000/_next/static/chunks/node_modules_next_dist_1e8vcs8._.js:776
[  951931ms] [LOG] [Fast Refresh] done in 51ms @ http://localhost:3000/_next/static/chunks/node_modules_next_dist_1e8vcs8._.js:776
[  951985ms] [LOG] [Fast Refresh] done in 51ms @ http://localhost:3000/_next/static/chunks/node_modules_next_dist_1e8vcs8._.js:776
[  952045ms] [LOG] [Fast Refresh] done in 51ms @ http://localhost:3000/_next/static/chunks/node_modules_next_dist_1e8vcs8._.js:776
[  952094ms] [LOG] [Fast Refresh] done in 51ms @ http://localhost:3000/_next/static/chunks/node_modules_next_dist_1e8vcs8._.js:776
[  952151ms] [LOG] [Fast Refresh] done in 51ms @ http://localhost:3000/_next/static/chunks/node_modules_next_dist_1e8vcs8._.js:776
[  952200ms] [LOG] [Fast Refresh] done in 51ms @ http://localhost:3000/_next/static/chunks/node_modules_next_dist_1e8vcs8._.js:776
[  952258ms] [LOG] [Fast Refresh] done in 51ms @ http://localhost:3000/_next/static/chunks/node_modules_next_dist_1e8vcs8._.js:776
[  952315ms] [LOG] [Fast Refresh] done in 51ms @ http://localhost:3000/_next/static/chunks/node_modules_next_dist_1e8vcs8._.js:776
[  952379ms] [LOG] [Fast Refresh] done in 51ms @ http://localhost:3000/_next/static/chunks/node_modules_next_dist_1e8vcs8._.js:776
[  952438ms] [LOG] [Fast Refresh] done in 51ms @ http://localhost:3000/_next/static/chunks/node_modules_next_dist_1e8vcs8._.js:776
[  952486ms] [LOG] [Fast Refresh] done in 51ms @ http://localhost:3000/_next/static/chunks/node_modules_next_dist_1e8vcs8._.js:776
[  952535ms] [LOG] [Fast Refresh] done in 51ms @ http://localhost:3000/_next/static/chunks/node_modules_next_dist_1e8vcs8._.js:776
[  952589ms] [LOG] [Fast Refresh] done in 51ms @ http://localhost:3000/_next/static/chunks/node_modules_next_dist_1e8vcs8._.js:776
[  952642ms] [LOG] [Fast Refresh] done in 51ms @ http://localhost:3000/_next/static/chunks/node_modules_next_dist_1e8vcs8._.js:776
[  952697ms] [LOG] [Fast Refresh] done in 51ms @ http://localhost:3000/_next/static/chunks/node_modules_next_dist_1e8vcs8._.js:776
[  952748ms] [LOG] [Fast Refresh] done in 51ms @ http://localhost:3000/_next/static/chunks/node_modules_next_dist_1e8vcs8._.js:776
[  952797ms] [LOG] [Fast Refresh] done in 51ms @ http://localhost:3000/_next/static/chunks/node_modules_next_dist_1e8vcs8._.js:776
[  952843ms] [LOG] [Fast Refresh] done in 51ms @ http://localhost:3000/_next/static/chunks/node_modules_next_dist_1e8vcs8._.js:776
[  952895ms] [LOG] [Fast Refresh] done in 51ms @ http://localhost:3000/_next/static/chunks/node_modules_next_dist_1e8vcs8._.js:776
[  952949ms] [LOG] [Fast Refresh] done in 51ms @ http://localhost:3000/_next/static/chunks/node_modules_next_dist_1e8vcs8._.js:776
[  953002ms] [LOG] [Fast Refresh] done in 51ms @ http://localhost:3000/_next/static/chunks/node_modules_next_dist_1e8vcs8._.js:776
[  953056ms] [LOG] [Fast Refresh] done in 51ms @ http://localhost:3000/_next/static/chunks/node_modules_next_dist_1e8vcs8._.js:776
[  953107ms] [LOG] [Fast Refresh] done in 51ms @ http://localhost:3000/_next/static/chunks/node_modules_next_dist_1e8vcs8._.js:776
[  953160ms] [LOG] [Fast Refresh] done in 51ms @ http://localhost:3000/_next/static/chunks/node_modules_next_dist_1e8vcs8._.js:776
[  953209ms] [LOG] [Fast Refresh] done in 51ms @ http://localhost:3000/_next/static/chunks/node_modules_next_dist_1e8vcs8._.js:776
[  953263ms] [LOG] [Fast Refresh] done in 51ms @ http://localhost:3000/_next/static/chunks/node_modules_next_dist_1e8vcs8._.js:776
[  953316ms] [LOG] [Fast Refresh] done in 51ms @ http://localhost:3000/_next/static/chunks/node_modules_next_dist_1e8vcs8._.js:776
[  953378ms] [LOG] [Fast Refresh] done in 51ms @ http://localhost:3000/_next/static/chunks/node_modules_next_dist_1e8vcs8._.js:776
[  953434ms] [LOG] [Fast Refresh] done in 51ms @ http://localhost:3000/_next/static/chunks/node_modules_next_dist_1e8vcs8._.js:776
[  953480ms] [LOG] [Fast Refresh] done in 51ms @ http://localhost:3000/_next/static/chunks/node_modules_next_dist_1e8vcs8._.js:776
[  953538ms] [LOG] [Fast Refresh] done in 51ms @ http://localhost:3000/_next/static/chunks/node_modules_next_dist_1e8vcs8._.js:776
[  953591ms] [LOG] [Fast Refresh] done in 51ms @ http://localhost:3000/_next/static/chunks/node_modules_next_dist_1e8vcs8._.js:776
[  953645ms] [LOG] [Fast Refresh] done in 51ms @ http://localhost:3000/_next/static/chunks/node_modules_next_dist_1e8vcs8._.js:776
[  953698ms] [LOG] [Fast Refresh] done in 51ms @ http://localhost:3000/_next/static/chunks/node_modules_next_dist_1e8vcs8._.js:776
[  953757ms] [LOG] [Fast Refresh] done in 51ms @ http://localhost:3000/_next/static/chunks/node_modules_next_dist_1e8vcs8._.js:776
[  953810ms] [LOG] [Fast Refresh] done in 51ms @ http://localhost:3000/_next/static/chunks/node_modules_next_dist_1e8vcs8._.js:776
[  953867ms] [LOG] [Fast Refresh] done in 51ms @ http://localhost:3000/_next/static/chunks/node_modules_next_dist_1e8vcs8._.js:776
[  953912ms] [LOG] [Fast Refresh] done in 51ms @ http://localhost:3000/_next/static/chunks/node_modules_next_dist_1e8vcs8._.js:776
[  953970ms] [LOG] [Fast Refresh] done in 51ms @ http://localhost:3000/_next/static/chunks/node_modules_next_dist_1e8vcs8._.js:776
[  954024ms] [LOG] [Fast Refresh] done in 51ms @ http://localhost:3000/_next/static/chunks/node_modules_next_dist_1e8vcs8._.js:776
[  954082ms] [LOG] [Fast Refresh] done in 51ms @ http://localhost:3000/_next/static/chunks/node_modules_next_dist_1e8vcs8._.js:776
[  954140ms] [LOG] [Fast Refresh] done in 51ms @ http://localhost:3000/_next/static/chunks/node_modules_next_dist_1e8vcs8._.js:776
[  954199ms] [LOG] [Fast Refresh] done in 51ms @ http://localhost:3000/_next/static/chunks/node_modules_next_dist_1e8vcs8._.js:776
[  954255ms] [LOG] [Fast Refresh] done in 51ms @ http://localhost:3000/_next/static/chunks/node_modules_next_dist_1e8vcs8._.js:776
[  954317ms] [LOG] [Fast Refresh] done in 51ms @ http://localhost:3000/_next/static/chunks/node_modules_next_dist_1e8vcs8._.js:776
[  954374ms] [LOG] [Fast Refresh] done in 51ms @ http://localhost:3000/_next/static/chunks/node_modules_next_dist_1e8vcs8._.js:776
[  954420ms] [LOG] [Fast Refresh] done in 51ms @ http://localhost:3000/_next/static/chunks/node_modules_next_dist_1e8vcs8._.js:776
[  954470ms] [LOG] [Fast Refresh] done in 51ms @ http://localhost:3000/_next/static/chunks/node_modules_next_dist_1e8vcs8._.js:776
[  954514ms] [LOG] [Fast Refresh] done in 51ms @ http://localhost:3000/_next/static/chunks/node_modules_next_dist_1e8vcs8._.js:776
[  954573ms] [LOG] [Fast Refresh] done in 51ms @ http://localhost:3000/_next/static/chunks/node_modules_next_dist_1e8vcs8._.js:776
[  954636ms] [LOG] [Fast Refresh] done in 51ms @ http://localhost:3000/_next/static/chunks/node_modules_next_dist_1e8vcs8._.js:776
[  954685ms] [LOG] [Fast Refresh] done in 51ms @ http://localhost:3000/_next/static/chunks/node_modules_next_dist_1e8vcs8._.js:776
[  954739ms] [LOG] [Fast Refresh] done in 51ms @ http://localhost:3000/_next/static/chunks/node_modules_next_dist_1e8vcs8._.js:776
[  954798ms] [LOG] [Fast Refresh] done in 51ms @ http://localhost:3000/_next/static/chunks/node_modules_next_dist_1e8vcs8._.js:776
[  954852ms] [LOG] [Fast Refresh] done in 51ms @ http://localhost:3000/_next/static/chunks/node_modules_next_dist_1e8vcs8._.js:776
[  954905ms] [LOG] [Fast Refresh] done in 51ms @ http://localhost:3000/_next/static/chunks/node_modules_next_dist_1e8vcs8._.js:776
[  954964ms] [LOG] [Fast Refresh] done in 51ms @ http://localhost:3000/_next/static/chunks/node_modules_next_dist_1e8vcs8._.js:776
[  955020ms] [LOG] [Fast Refresh] done in 51ms @ http://localhost:3000/_next/static/chunks/node_modules_next_dist_1e8vcs8._.js:776
[  955078ms] [LOG] [Fast Refresh] done in 51ms @ http://localhost:3000/_next/static/chunks/node_modules_next_dist_1e8vcs8._.js:776
[  955137ms] [LOG] [Fast Refresh] done in 51ms @ http://localhost:3000/_next/static/chunks/node_modules_next_dist_1e8vcs8._.js:776
[  955184ms] [LOG] [Fast Refresh] done in 51ms @ http://localhost:3000/_next/static/chunks/node_modules_next_dist_1e8vcs8._.js:776
[  955246ms] [LOG] [Fast Refresh] done in 51ms @ http://localhost:3000/_next/static/chunks/node_modules_next_dist_1e8vcs8._.js:776
[  955304ms] [LOG] [Fast Refresh] done in 51ms @ http://localhost:3000/_next/static/chunks/node_modules_next_dist_1e8vcs8._.js:776
[  955363ms] [LOG] [Fast Refresh] done in 51ms @ http://localhost:3000/_next/static/chunks/node_modules_next_dist_1e8vcs8._.js:776
[  955406ms] [LOG] [Fast Refresh] done in 51ms @ http://localhost:3000/_next/static/chunks/node_modules_next_dist_1e8vcs8._.js:776
[  955459ms] [LOG] [Fast Refresh] done in 51ms @ http://localhost:3000/_next/static/chunks/node_modules_next_dist_1e8vcs8._.js:776
[  955512ms] [LOG] [Fast Refresh] done in 51ms @ http://localhost:3000/_next/static/chunks/node_modules_next_dist_1e8vcs8._.js:776
[  955568ms] [LOG] [Fast Refresh] done in 51ms @ http://localhost:3000/_next/static/chunks/node_modules_next_dist_1e8vcs8._.js:776
[  955618ms] [LOG] [Fast Refresh] done in 51ms @ http://localhost:3000/_next/static/chunks/node_modules_next_dist_1e8vcs8._.js:776
[  955673ms] [LOG] [Fast Refresh] done in 51ms @ http://localhost:3000/_next/static/chunks/node_modules_next_dist_1e8vcs8._.js:776
[  955730ms] [LOG] [Fast Refresh] done in 51ms @ http://localhost:3000/_next/static/chunks/node_modules_next_dist_1e8vcs8._.js:776
[  955792ms] [LOG] [Fast Refresh] done in 51ms @ http://localhost:3000/_next/static/chunks/node_modules_next_dist_1e8vcs8._.js:776
[  955851ms] [LOG] [Fast Refresh] done in 51ms @ http://localhost:3000/_next/static/chunks/node_modules_next_dist_1e8vcs8._.js:776
[  955905ms] [LOG] [Fast Refresh] done in 51ms @ http://localhost:3000/_next/static/chunks/node_modules_next_dist_1e8vcs8._.js:776
[  955958ms] [LOG] [Fast Refresh] done in 51ms @ http://localhost:3000/_next/static/chunks/node_modules_next_dist_1e8vcs8._.js:776
[  956018ms] [LOG] [Fast Refresh] done in 51ms @ http://localhost:3000/_next/static/chunks/node_modules_next_dist_1e8vcs8._.js:776
[  956068ms] [LOG] [Fast Refresh] done in 51ms @ http://localhost:3000/_next/static/chunks/node_modules_next_dist_1e8vcs8._.js:776
[  956123ms] [LOG] [Fast Refresh] done in 51ms @ http://localhost:3000/_next/static/chunks/node_modules_next_dist_1e8vcs8._.js:776
[  956180ms] [LOG] [Fast Refresh] done in 51ms @ http://localhost:3000/_next/static/chunks/node_modules_next_dist_1e8vcs8._.js:776
[  956237ms] [LOG] [Fast Refresh] done in 51ms @ http://localhost:3000/_next/static/chunks/node_modules_next_dist_1e8vcs8._.js:776
[  956285ms] [LOG] [Fast Refresh] done in 51ms @ http://localhost:3000/_next/static/chunks/node_modules_next_dist_1e8vcs8._.js:776
[  956348ms] [LOG] [Fast Refresh] done in 51ms @ http://localhost:3000/_next/static/chunks/node_modules_next_dist_1e8vcs8._.js:776
[  956396ms] [LOG] [Fast Refresh] done in 51ms @ http://localhost:3000/_next/static/chunks/node_modules_next_dist_1e8vcs8._.js:776
[  956447ms] [LOG] [Fast Refresh] done in 51ms @ http://localhost:3000/_next/static/chunks/node_modules_next_dist_1e8vcs8._.js:776
[  956500ms] [LOG] [Fast Refresh] done in 51ms @ http://localhost:3000/_next/static/chunks/node_modules_next_dist_1e8vcs8._.js:776
[  956545ms] [LOG] [Fast Refresh] done in 51ms @ http://localhost:3000/_next/static/chunks/node_modules_next_dist_1e8vcs8._.js:776
[  956607ms] [LOG] [Fast Refresh] done in 51ms @ http://localhost:3000/_next/static/chunks/node_modules_next_dist_1e8vcs8._.js:776
[  956661ms] [LOG] [Fast Refresh] done in 51ms @ http://localhost:3000/_next/static/chunks/node_modules_next_dist_1e8vcs8._.js:776
[  956719ms] [LOG] [Fast Refresh] done in 51ms @ http://localhost:3000/_next/static/chunks/node_modules_next_dist_1e8vcs8._.js:776
[  956768ms] [LOG] [Fast Refresh] done in 51ms @ http://localhost:3000/_next/static/chunks/node_modules_next_dist_1e8vcs8._.js:776
[  956813ms] [LOG] [Fast Refresh] done in 51ms @ http://localhost:3000/_next/static/chunks/node_modules_next_dist_1e8vcs8._.js:776
[  956871ms] [LOG] [Fast Refresh] done in 51ms @ http://localhost:3000/_next/static/chunks/node_modules_next_dist_1e8vcs8._.js:776
[  956922ms] [LOG] [Fast Refresh] done in 51ms @ http://localhost:3000/_next/static/chunks/node_modules_next_dist_1e8vcs8._.js:776
[  956978ms] [LOG] [Fast Refresh] done in 51ms @ http://localhost:3000/_next/static/chunks/node_modules_next_dist_1e8vcs8._.js:776
[  957031ms] [LOG] [Fast Refresh] done in 51ms @ http://localhost:3000/_next/static/chunks/node_modules_next_dist_1e8vcs8._.js:776
[  957080ms] [LOG] [Fast Refresh] done in 51ms @ http://localhost:3000/_next/static/chunks/node_modules_next_dist_1e8vcs8._.js:776
[  957138ms] [LOG] [Fast Refresh] done in 51ms @ http://localhost:3000/_next/static/chunks/node_modules_next_dist_1e8vcs8._.js:776
[  957192ms] [LOG] [Fast Refresh] done in 51ms @ http://localhost:3000/_next/static/chunks/node_modules_next_dist_1e8vcs8._.js:776
[  957245ms] [LOG] [Fast Refresh] done in 51ms @ http://localhost:3000/_next/static/chunks/node_modules_next_dist_1e8vcs8._.js:776
[  957291ms] [LOG] [Fast Refresh] done in 51ms @ http://localhost:3000/_next/static/chunks/node_modules_next_dist_1e8vcs8._.js:776
[  957348ms] [LOG] [Fast Refresh] done in 51ms @ http://localhost:3000/_next/static/chunks/node_modules_next_dist_1e8vcs8._.js:776
[  957394ms] [LOG] [Fast Refresh] done in 51ms @ http://localhost:3000/_next/static/chunks/node_modules_next_dist_1e8vcs8._.js:776
[  957445ms] [LOG] [Fast Refresh] done in 51ms @ http://localhost:3000/_next/static/chunks/node_modules_next_dist_1e8vcs8._.js:776
[  957505ms] [LOG] [Fast Refresh] done in 51ms @ http://localhost:3000/_next/static/chunks/node_modules_next_dist_1e8vcs8._.js:776
[  957561ms] [LOG] [Fast Refresh] done in 51ms @ http://localhost:3000/_next/static/chunks/node_modules_next_dist_1e8vcs8._.js:776
[  957620ms] [LOG] [Fast Refresh] done in 51ms @ http://localhost:3000/_next/static/chunks/node_modules_next_dist_1e8vcs8._.js:776
[  957674ms] [LOG] [Fast Refresh] done in 51ms @ http://localhost:3000/_next/static/chunks/node_modules_next_dist_1e8vcs8._.js:776
[  957727ms] [LOG] [Fast Refresh] done in 51ms @ http://localhost:3000/_next/static/chunks/node_modules_next_dist_1e8vcs8._.js:776
[  957777ms] [LOG] [Fast Refresh] done in 51ms @ http://localhost:3000/_next/static/chunks/node_modules_next_dist_1e8vcs8._.js:776
[  957827ms] [LOG] [Fast Refresh] done in 51ms @ http://localhost:3000/_next/static/chunks/node_modules_next_dist_1e8vcs8._.js:776
[  957885ms] [LOG] [Fast Refresh] done in 51ms @ http://localhost:3000/_next/static/chunks/node_modules_next_dist_1e8vcs8._.js:776
[  957944ms] [LOG] [Fast Refresh] done in 51ms @ http://localhost:3000/_next/static/chunks/node_modules_next_dist_1e8vcs8._.js:776
[  958004ms] [LOG] [Fast Refresh] done in 51ms @ http://localhost:3000/_next/static/chunks/node_modules_next_dist_1e8vcs8._.js:776
[  958061ms] [LOG] [Fast Refresh] done in 51ms @ http://localhost:3000/_next/static/chunks/node_modules_next_dist_1e8vcs8._.js:776
[  958119ms] [LOG] [Fast Refresh] done in 51ms @ http://localhost:3000/_next/static/chunks/node_modules_next_dist_1e8vcs8._.js:776
[  958176ms] [LOG] [Fast Refresh] done in 51ms @ http://localhost:3000/_next/static/chunks/node_modules_next_dist_1e8vcs8._.js:776
[  958232ms] [LOG] [Fast Refresh] done in 51ms @ http://localhost:3000/_next/static/chunks/node_modules_next_dist_1e8vcs8._.js:776
[  958281ms] [LOG] [Fast Refresh] done in 51ms @ http://localhost:3000/_next/static/chunks/node_modules_next_dist_1e8vcs8._.js:776
[  958340ms] [LOG] [Fast Refresh] done in 51ms @ http://localhost:3000/_next/static/chunks/node_modules_next_dist_1e8vcs8._.js:776
[  958391ms] [LOG] [Fast Refresh] done in 51ms @ http://localhost:3000/_next/static/chunks/node_modules_next_dist_1e8vcs8._.js:776
[  958452ms] [LOG] [Fast Refresh] done in 51ms @ http://localhost:3000/_next/static/chunks/node_modules_next_dist_1e8vcs8._.js:776
[  958501ms] [LOG] [Fast Refresh] done in 51ms @ http://localhost:3000/_next/static/chunks/node_modules_next_dist_1e8vcs8._.js:776
[  958564ms] [LOG] [Fast Refresh] done in 51ms @ http://localhost:3000/_next/static/chunks/node_modules_next_dist_1e8vcs8._.js:776
[  958613ms] [LOG] [Fast Refresh] done in 51ms @ http://localhost:3000/_next/static/chunks/node_modules_next_dist_1e8vcs8._.js:776
[  958666ms] [LOG] [Fast Refresh] done in 51ms @ http://localhost:3000/_next/static/chunks/node_modules_next_dist_1e8vcs8._.js:776
[  958723ms] [LOG] [Fast Refresh] done in 51ms @ http://localhost:3000/_next/static/chunks/node_modules_next_dist_1e8vcs8._.js:776
[  958785ms] [LOG] [Fast Refresh] done in 51ms @ http://localhost:3000/_next/static/chunks/node_modules_next_dist_1e8vcs8._.js:776
[  958842ms] [LOG] [Fast Refresh] done in 51ms @ http://localhost:3000/_next/static/chunks/node_modules_next_dist_1e8vcs8._.js:776
[  958899ms] [LOG] [Fast Refresh] done in 51ms @ http://localhost:3000/_next/static/chunks/node_modules_next_dist_1e8vcs8._.js:776
[  958957ms] [LOG] [Fast Refresh] done in 51ms @ http://localhost:3000/_next/static/chunks/node_modules_next_dist_1e8vcs8._.js:776
[  959015ms] [LOG] [Fast Refresh] done in 51ms @ http://localhost:3000/_next/static/chunks/node_modules_next_dist_1e8vcs8._.js:776
[  959069ms] [LOG] [Fast Refresh] done in 51ms @ http://localhost:3000/_next/static/chunks/node_modules_next_dist_1e8vcs8._.js:776
[  959131ms] [LOG] [Fast Refresh] done in 51ms @ http://localhost:3000/_next/static/chunks/node_modules_next_dist_1e8vcs8._.js:776
[  959176ms] [LOG] [Fast Refresh] done in 51ms @ http://localhost:3000/_next/static/chunks/node_modules_next_dist_1e8vcs8._.js:776
[  959238ms] [LOG] [Fast Refresh] done in 51ms @ http://localhost:3000/_next/static/chunks/node_modules_next_dist_1e8vcs8._.js:776
[  959300ms] [LOG] [Fast Refresh] done in 51ms @ http://localhost:3000/_next/static/chunks/node_modules_next_dist_1e8vcs8._.js:776
[  959356ms] [LOG] [Fast Refresh] done in 51ms @ http://localhost:3000/_next/static/chunks/node_modules_next_dist_1e8vcs8._.js:776
[  959415ms] [LOG] [Fast Refresh] done in 51ms @ http://localhost:3000/_next/static/chunks/node_modules_next_dist_1e8vcs8._.js:776
[  959468ms] [LOG] [Fast Refresh] done in 51ms @ http://localhost:3000/_next/static/chunks/node_modules_next_dist_1e8vcs8._.js:776
[  959524ms] [LOG] [Fast Refresh] done in 51ms @ http://localhost:3000/_next/static/chunks/node_modules_next_dist_1e8vcs8._.js:776
[  959585ms] [LOG] [Fast Refresh] done in 51ms @ http://localhost:3000/_next/static/chunks/node_modules_next_dist_1e8vcs8._.js:776
[  959634ms] [LOG] [Fast Refresh] done in 51ms @ http://localhost:3000/_next/static/chunks/node_modules_next_dist_1e8vcs8._.js:776
[  959684ms] [LOG] [Fast Refresh] done in 51ms @ http://localhost:3000/_next/static/chunks/node_modules_next_dist_1e8vcs8._.js:776
[  959729ms] [LOG] [Fast Refresh] done in 51ms @ http://localhost:3000/_next/static/chunks/node_modules_next_dist_1e8vcs8._.js:776
[  959782ms] [LOG] [Fast Refresh] done in 51ms @ http://localhost:3000/_next/static/chunks/node_modules_next_dist_1e8vcs8._.js:776
[  959841ms] [LOG] [Fast Refresh] done in 51ms @ http://localhost:3000/_next/static/chunks/node_modules_next_dist_1e8vcs8._.js:776
[  959897ms] [LOG] [Fast Refresh] done in 51ms @ http://localhost:3000/_next/static/chunks/node_modules_next_dist_1e8vcs8._.js:776
[  959952ms] [LOG] [Fast Refresh] done in 51ms @ http://localhost:3000/_next/static/chunks/node_modules_next_dist_1e8vcs8._.js:776
[  960009ms] [LOG] [Fast Refresh] done in 51ms @ http://localhost:3000/_next/static/chunks/node_modules_next_dist_1e8vcs8._.js:776
[  960064ms] [LOG] [Fast Refresh] done in 51ms @ http://localhost:3000/_next/static/chunks/node_modules_next_dist_1e8vcs8._.js:776
[  960122ms] [LOG] [Fast Refresh] done in 51ms @ http://localhost:3000/_next/static/chunks/node_modules_next_dist_1e8vcs8._.js:776
[  960175ms] [LOG] [Fast Refresh] done in 51ms @ http://localhost:3000/_next/static/chunks/node_modules_next_dist_1e8vcs8._.js:776
[  960225ms] [LOG] [Fast Refresh] done in 51ms @ http://localhost:3000/_next/static/chunks/node_modules_next_dist_1e8vcs8._.js:776
[  960283ms] [LOG] [Fast Refresh] done in 51ms @ http://localhost:3000/_next/static/chunks/node_modules_next_dist_1e8vcs8._.js:776
[  960332ms] [LOG] [Fast Refresh] done in 51ms @ http://localhost:3000/_next/static/chunks/node_modules_next_dist_1e8vcs8._.js:776
[  960377ms] [LOG] [Fast Refresh] done in 51ms @ http://localhost:3000/_next/static/chunks/node_modules_next_dist_1e8vcs8._.js:776
[  960434ms] [LOG] [Fast Refresh] done in 51ms @ http://localhost:3000/_next/static/chunks/node_modules_next_dist_1e8vcs8._.js:776
[  960488ms] [LOG] [Fast Refresh] done in 51ms @ http://localhost:3000/_next/static/chunks/node_modules_next_dist_1e8vcs8._.js:776
[  960541ms] [LOG] [Fast Refresh] done in 51ms @ http://localhost:3000/_next/static/chunks/node_modules_next_dist_1e8vcs8._.js:776
[  960597ms] [LOG] [Fast Refresh] done in 51ms @ http://localhost:3000/_next/static/chunks/node_modules_next_dist_1e8vcs8._.js:776
[  960653ms] [LOG] [Fast Refresh] done in 51ms @ http://localhost:3000/_next/static/chunks/node_modules_next_dist_1e8vcs8._.js:776
[  960715ms] [LOG] [Fast Refresh] done in 51ms @ http://localhost:3000/_next/static/chunks/node_modules_next_dist_1e8vcs8._.js:776
[  960770ms] [LOG] [Fast Refresh] done in 51ms @ http://localhost:3000/_next/static/chunks/node_modules_next_dist_1e8vcs8._.js:776
[  960828ms] [LOG] [Fast Refresh] done in 51ms @ http://localhost:3000/_next/static/chunks/node_modules_next_dist_1e8vcs8._.js:776
[  960874ms] [LOG] [Fast Refresh] done in 51ms @ http://localhost:3000/_next/static/chunks/node_modules_next_dist_1e8vcs8._.js:776
[  960934ms] [LOG] [Fast Refresh] done in 51ms @ http://localhost:3000/_next/static/chunks/node_modules_next_dist_1e8vcs8._.js:776
[  960983ms] [LOG] [Fast Refresh] done in 51ms @ http://localhost:3000/_next/static/chunks/node_modules_next_dist_1e8vcs8._.js:776
[  961040ms] [LOG] [Fast Refresh] done in 51ms @ http://localhost:3000/_next/static/chunks/node_modules_next_dist_1e8vcs8._.js:776
[  961095ms] [LOG] [Fast Refresh] done in 51ms @ http://localhost:3000/_next/static/chunks/node_modules_next_dist_1e8vcs8._.js:776
[  961150ms] [LOG] [Fast Refresh] done in 51ms @ http://localhost:3000/_next/static/chunks/node_modules_next_dist_1e8vcs8._.js:776
[  961194ms] [LOG] [Fast Refresh] done in 51ms @ http://localhost:3000/_next/static/chunks/node_modules_next_dist_1e8vcs8._.js:776
[  961249ms] [LOG] [Fast Refresh] done in 51ms @ http://localhost:3000/_next/static/chunks/node_modules_next_dist_1e8vcs8._.js:776
[  961296ms] [LOG] [Fast Refresh] done in 51ms @ http://localhost:3000/_next/static/chunks/node_modules_next_dist_1e8vcs8._.js:776
[  961359ms] [LOG] [Fast Refresh] done in 51ms @ http://localhost:3000/_next/static/chunks/node_modules_next_dist_1e8vcs8._.js:776
[  961421ms] [LOG] [Fast Refresh] done in 51ms @ http://localhost:3000/_next/static/chunks/node_modules_next_dist_1e8vcs8._.js:776
[  961482ms] [LOG] [Fast Refresh] done in 51ms @ http://localhost:3000/_next/static/chunks/node_modules_next_dist_1e8vcs8._.js:776
[  961535ms] [LOG] [Fast Refresh] done in 51ms @ http://localhost:3000/_next/static/chunks/node_modules_next_dist_1e8vcs8._.js:776
[  961579ms] [LOG] [Fast Refresh] done in 51ms @ http://localhost:3000/_next/static/chunks/node_modules_next_dist_1e8vcs8._.js:776
[  961634ms] [LOG] [Fast Refresh] done in 51ms @ http://localhost:3000/_next/static/chunks/node_modules_next_dist_1e8vcs8._.js:776
[  961689ms] [LOG] [Fast Refresh] done in 51ms @ http://localhost:3000/_next/static/chunks/node_modules_next_dist_1e8vcs8._.js:776
[  961750ms] [LOG] [Fast Refresh] done in 51ms @ http://localhost:3000/_next/static/chunks/node_modules_next_dist_1e8vcs8._.js:776
[  961799ms] [LOG] [Fast Refresh] done in 51ms @ http://localhost:3000/_next/static/chunks/node_modules_next_dist_1e8vcs8._.js:776
[  961859ms] [LOG] [Fast Refresh] done in 51ms @ http://localhost:3000/_next/static/chunks/node_modules_next_dist_1e8vcs8._.js:776
[  961915ms] [LOG] [Fast Refresh] done in 51ms @ http://localhost:3000/_next/static/chunks/node_modules_next_dist_1e8vcs8._.js:776
[  961975ms] [LOG] [Fast Refresh] done in 51ms @ http://localhost:3000/_next/static/chunks/node_modules_next_dist_1e8vcs8._.js:776
[  962032ms] [LOG] [Fast Refresh] done in 51ms @ http://localhost:3000/_next/static/chunks/node_modules_next_dist_1e8vcs8._.js:776
[  962087ms] [LOG] [Fast Refresh] done in 51ms @ http://localhost:3000/_next/static/chunks/node_modules_next_dist_1e8vcs8._.js:776
[  962143ms] [LOG] [Fast Refresh] done in 51ms @ http://localhost:3000/_next/static/chunks/node_modules_next_dist_1e8vcs8._.js:776
[  962194ms] [LOG] [Fast Refresh] done in 51ms @ http://localhost:3000/_next/static/chunks/node_modules_next_dist_1e8vcs8._.js:776
[  962253ms] [LOG] [Fast Refresh] done in 51ms @ http://localhost:3000/_next/static/chunks/node_modules_next_dist_1e8vcs8._.js:776
[  962311ms] [LOG] [Fast Refresh] done in 51ms @ http://localhost:3000/_next/static/chunks/node_modules_next_dist_1e8vcs8._.js:776
[  962365ms] [LOG] [Fast Refresh] done in 51ms @ http://localhost:3000/_next/static/chunks/node_modules_next_dist_1e8vcs8._.js:776
[  962420ms] [LOG] [Fast Refresh] done in 51ms @ http://localhost:3000/_next/static/chunks/node_modules_next_dist_1e8vcs8._.js:776
[  962469ms] [LOG] [Fast Refresh] done in 51ms @ http://localhost:3000/_next/static/chunks/node_modules_next_dist_1e8vcs8._.js:776
[  962525ms] [LOG] [Fast Refresh] done in 51ms @ http://localhost:3000/_next/static/chunks/node_modules_next_dist_1e8vcs8._.js:776
[  962581ms] [LOG] [Fast Refresh] done in 51ms @ http://localhost:3000/_next/static/chunks/node_modules_next_dist_1e8vcs8._.js:776
[  962636ms] [LOG] [Fast Refresh] done in 51ms @ http://localhost:3000/_next/static/chunks/node_modules_next_dist_1e8vcs8._.js:776
[  962685ms] [LOG] [Fast Refresh] done in 51ms @ http://localhost:3000/_next/static/chunks/node_modules_next_dist_1e8vcs8._.js:776
[  962742ms] [LOG] [Fast Refresh] done in 51ms @ http://localhost:3000/_next/static/chunks/node_modules_next_dist_1e8vcs8._.js:776
[  962805ms] [LOG] [Fast Refresh] done in 51ms @ http://localhost:3000/_next/static/chunks/node_modules_next_dist_1e8vcs8._.js:776
[  962866ms] [LOG] [Fast Refresh] done in 51ms @ http://localhost:3000/_next/static/chunks/node_modules_next_dist_1e8vcs8._.js:776
[  962924ms] [LOG] [Fast Refresh] done in 51ms @ http://localhost:3000/_next/static/chunks/node_modules_next_dist_1e8vcs8._.js:776
[  962973ms] [LOG] [Fast Refresh] done in 51ms @ http://localhost:3000/_next/static/chunks/node_modules_next_dist_1e8vcs8._.js:776
[  963021ms] [LOG] [Fast Refresh] done in 51ms @ http://localhost:3000/_next/static/chunks/node_modules_next_dist_1e8vcs8._.js:776
[  963078ms] [LOG] [Fast Refresh] done in 51ms @ http://localhost:3000/_next/static/chunks/node_modules_next_dist_1e8vcs8._.js:776
[  963124ms] [LOG] [Fast Refresh] done in 51ms @ http://localhost:3000/_next/static/chunks/node_modules_next_dist_1e8vcs8._.js:776
[  963169ms] [LOG] [Fast Refresh] done in 51ms @ http://localhost:3000/_next/static/chunks/node_modules_next_dist_1e8vcs8._.js:776
[  963230ms] [LOG] [Fast Refresh] done in 51ms @ http://localhost:3000/_next/static/chunks/node_modules_next_dist_1e8vcs8._.js:776
[  963280ms] [LOG] [Fast Refresh] done in 51ms @ http://localhost:3000/_next/static/chunks/node_modules_next_dist_1e8vcs8._.js:776
[  963329ms] [LOG] [Fast Refresh] done in 51ms @ http://localhost:3000/_next/static/chunks/node_modules_next_dist_1e8vcs8._.js:776
[  963387ms] [LOG] [Fast Refresh] done in 51ms @ http://localhost:3000/_next/static/chunks/node_modules_next_dist_1e8vcs8._.js:776
[  963447ms] [LOG] [Fast Refresh] done in 51ms @ http://localhost:3000/_next/static/chunks/node_modules_next_dist_1e8vcs8._.js:776
[  963501ms] [LOG] [Fast Refresh] done in 51ms @ http://localhost:3000/_next/static/chunks/node_modules_next_dist_1e8vcs8._.js:776
[  963559ms] [LOG] [Fast Refresh] done in 51ms @ http://localhost:3000/_next/static/chunks/node_modules_next_dist_1e8vcs8._.js:776
[  963616ms] [LOG] [Fast Refresh] done in 51ms @ http://localhost:3000/_next/static/chunks/node_modules_next_dist_1e8vcs8._.js:776
[  963676ms] [LOG] [Fast Refresh] done in 51ms @ http://localhost:3000/_next/static/chunks/node_modules_next_dist_1e8vcs8._.js:776
[  963734ms] [LOG] [Fast Refresh] done in 51ms @ http://localhost:3000/_next/static/chunks/node_modules_next_dist_1e8vcs8._.js:776
[  963784ms] [LOG] [Fast Refresh] done in 51ms @ http://localhost:3000/_next/static/chunks/node_modules_next_dist_1e8vcs8._.js:776
[  963832ms] [LOG] [Fast Refresh] done in 51ms @ http://localhost:3000/_next/static/chunks/node_modules_next_dist_1e8vcs8._.js:776
[  963889ms] [LOG] [Fast Refresh] done in 51ms @ http://localhost:3000/_next/static/chunks/node_modules_next_dist_1e8vcs8._.js:776
[  963938ms] [LOG] [Fast Refresh] done in 51ms @ http://localhost:3000/_next/static/chunks/node_modules_next_dist_1e8vcs8._.js:776
[  964000ms] [LOG] [Fast Refresh] done in 51ms @ http://localhost:3000/_next/static/chunks/node_modules_next_dist_1e8vcs8._.js:776
[  964053ms] [LOG] [Fast Refresh] done in 51ms @ http://localhost:3000/_next/static/chunks/node_modules_next_dist_1e8vcs8._.js:776
[  964111ms] [LOG] [Fast Refresh] done in 51ms @ http://localhost:3000/_next/static/chunks/node_modules_next_dist_1e8vcs8._.js:776
[  964168ms] [LOG] [Fast Refresh] done in 51ms @ http://localhost:3000/_next/static/chunks/node_modules_next_dist_1e8vcs8._.js:776
[  964213ms] [LOG] [Fast Refresh] done in 51ms @ http://localhost:3000/_next/static/chunks/node_modules_next_dist_1e8vcs8._.js:776
[  964262ms] [LOG] [Fast Refresh] done in 51ms @ http://localhost:3000/_next/static/chunks/node_modules_next_dist_1e8vcs8._.js:776
[  964308ms] [LOG] [Fast Refresh] done in 51ms @ http://localhost:3000/_next/static/chunks/node_modules_next_dist_1e8vcs8._.js:776
[  964366ms] [LOG] [Fast Refresh] done in 51ms @ http://localhost:3000/_next/static/chunks/node_modules_next_dist_1e8vcs8._.js:776
[  964415ms] [LOG] [Fast Refresh] done in 51ms @ http://localhost:3000/_next/static/chunks/node_modules_next_dist_1e8vcs8._.js:776
[  964473ms] [LOG] [Fast Refresh] done in 51ms @ http://localhost:3000/_next/static/chunks/node_modules_next_dist_1e8vcs8._.js:776
[  964522ms] [LOG] [Fast Refresh] done in 51ms @ http://localhost:3000/_next/static/chunks/node_modules_next_dist_1e8vcs8._.js:776
[  964580ms] [LOG] [Fast Refresh] done in 51ms @ http://localhost:3000/_next/static/chunks/node_modules_next_dist_1e8vcs8._.js:776
[  964638ms] [LOG] [Fast Refresh] done in 51ms @ http://localhost:3000/_next/static/chunks/node_modules_next_dist_1e8vcs8._.js:776
[  964695ms] [LOG] [Fast Refresh] done in 51ms @ http://localhost:3000/_next/static/chunks/node_modules_next_dist_1e8vcs8._.js:776
[  964754ms] [LOG] [Fast Refresh] done in 51ms @ http://localhost:3000/_next/static/chunks/node_modules_next_dist_1e8vcs8._.js:776
[  964800ms] [LOG] [Fast Refresh] done in 51ms @ http://localhost:3000/_next/static/chunks/node_modules_next_dist_1e8vcs8._.js:776
[  964863ms] [LOG] [Fast Refresh] done in 51ms @ http://localhost:3000/_next/static/chunks/node_modules_next_dist_1e8vcs8._.js:776
[  964923ms] [LOG] [Fast Refresh] done in 51ms @ http://localhost:3000/_next/static/chunks/node_modules_next_dist_1e8vcs8._.js:776
[  964982ms] [LOG] [Fast Refresh] done in 51ms @ http://localhost:3000/_next/static/chunks/node_modules_next_dist_1e8vcs8._.js:776
[  965029ms] [LOG] [Fast Refresh] done in 51ms @ http://localhost:3000/_next/static/chunks/node_modules_next_dist_1e8vcs8._.js:776
[  965080ms] [LOG] [Fast Refresh] done in 51ms @ http://localhost:3000/_next/static/chunks/node_modules_next_dist_1e8vcs8._.js:776
[  965137ms] [LOG] [Fast Refresh] done in 51ms @ http://localhost:3000/_next/static/chunks/node_modules_next_dist_1e8vcs8._.js:776
[  965181ms] [LOG] [Fast Refresh] done in 51ms @ http://localhost:3000/_next/static/chunks/node_modules_next_dist_1e8vcs8._.js:776
[  965230ms] [LOG] [Fast Refresh] done in 51ms @ http://localhost:3000/_next/static/chunks/node_modules_next_dist_1e8vcs8._.js:776
[  965288ms] [LOG] [Fast Refresh] done in 51ms @ http://localhost:3000/_next/static/chunks/node_modules_next_dist_1e8vcs8._.js:776
[  965349ms] [LOG] [Fast Refresh] done in 51ms @ http://localhost:3000/_next/static/chunks/node_modules_next_dist_1e8vcs8._.js:776
[  965411ms] [LOG] [Fast Refresh] done in 51ms @ http://localhost:3000/_next/static/chunks/node_modules_next_dist_1e8vcs8._.js:776
[  965456ms] [LOG] [Fast Refresh] done in 51ms @ http://localhost:3000/_next/static/chunks/node_modules_next_dist_1e8vcs8._.js:776
[  965502ms] [LOG] [Fast Refresh] done in 51ms @ http://localhost:3000/_next/static/chunks/node_modules_next_dist_1e8vcs8._.js:776
[  965556ms] [LOG] [Fast Refresh] done in 51ms @ http://localhost:3000/_next/static/chunks/node_modules_next_dist_1e8vcs8._.js:776
[  965601ms] [LOG] [Fast Refresh] done in 51ms @ http://localhost:3000/_next/static/chunks/node_modules_next_dist_1e8vcs8._.js:776
[  965657ms] [LOG] [Fast Refresh] done in 51ms @ http://localhost:3000/_next/static/chunks/node_modules_next_dist_1e8vcs8._.js:776
[  965707ms] [LOG] [Fast Refresh] done in 51ms @ http://localhost:3000/_next/static/chunks/node_modules_next_dist_1e8vcs8._.js:776
[  965766ms] [LOG] [Fast Refresh] done in 51ms @ http://localhost:3000/_next/static/chunks/node_modules_next_dist_1e8vcs8._.js:776
[  965823ms] [LOG] [Fast Refresh] done in 51ms @ http://localhost:3000/_next/static/chunks/node_modules_next_dist_1e8vcs8._.js:776
[  965880ms] [LOG] [Fast Refresh] done in 51ms @ http://localhost:3000/_next/static/chunks/node_modules_next_dist_1e8vcs8._.js:776
[  965934ms] [LOG] [Fast Refresh] done in 51ms @ http://localhost:3000/_next/static/chunks/node_modules_next_dist_1e8vcs8._.js:776
[  965979ms] [LOG] [Fast Refresh] done in 51ms @ http://localhost:3000/_next/static/chunks/node_modules_next_dist_1e8vcs8._.js:776
[  966039ms] [LOG] [Fast Refresh] done in 51ms @ http://localhost:3000/_next/static/chunks/node_modules_next_dist_1e8vcs8._.js:776
[  966090ms] [LOG] [Fast Refresh] done in 51ms @ http://localhost:3000/_next/static/chunks/node_modules_next_dist_1e8vcs8._.js:776
[  966149ms] [LOG] [Fast Refresh] done in 51ms @ http://localhost:3000/_next/static/chunks/node_modules_next_dist_1e8vcs8._.js:776
[  966203ms] [LOG] [Fast Refresh] done in 51ms @ http://localhost:3000/_next/static/chunks/node_modules_next_dist_1e8vcs8._.js:776
[  966257ms] [LOG] [Fast Refresh] done in 51ms @ http://localhost:3000/_next/static/chunks/node_modules_next_dist_1e8vcs8._.js:776
[  966301ms] [LOG] [Fast Refresh] done in 51ms @ http://localhost:3000/_next/static/chunks/node_modules_next_dist_1e8vcs8._.js:776
[  966354ms] [LOG] [Fast Refresh] done in 51ms @ http://localhost:3000/_next/static/chunks/node_modules_next_dist_1e8vcs8._.js:776
[  966404ms] [LOG] [Fast Refresh] done in 51ms @ http://localhost:3000/_next/static/chunks/node_modules_next_dist_1e8vcs8._.js:776
[  966466ms] [LOG] [Fast Refresh] done in 51ms @ http://localhost:3000/_next/static/chunks/node_modules_next_dist_1e8vcs8._.js:776
[  966515ms] [LOG] [Fast Refresh] done in 51ms @ http://localhost:3000/_next/static/chunks/node_modules_next_dist_1e8vcs8._.js:776
[  966570ms] [LOG] [Fast Refresh] done in 51ms @ http://localhost:3000/_next/static/chunks/node_modules_next_dist_1e8vcs8._.js:776
[  966629ms] [LOG] [Fast Refresh] done in 51ms @ http://localhost:3000/_next/static/chunks/node_modules_next_dist_1e8vcs8._.js:776
[  966674ms] [LOG] [Fast Refresh] done in 51ms @ http://localhost:3000/_next/static/chunks/node_modules_next_dist_1e8vcs8._.js:776
[  966719ms] [LOG] [Fast Refresh] done in 51ms @ http://localhost:3000/_next/static/chunks/node_modules_next_dist_1e8vcs8._.js:776
[  966777ms] [LOG] [Fast Refresh] done in 51ms @ http://localhost:3000/_next/static/chunks/node_modules_next_dist_1e8vcs8._.js:776
[  966835ms] [LOG] [Fast Refresh] done in 51ms @ http://localhost:3000/_next/static/chunks/node_modules_next_dist_1e8vcs8._.js:776
[  966913ms] [LOG] [Fast Refresh] done in 51ms @ http://localhost:3000/_next/static/chunks/node_modules_next_dist_1e8vcs8._.js:776
[  966976ms] [LOG] [Fast Refresh] done in 51ms @ http://localhost:3000/_next/static/chunks/node_modules_next_dist_1e8vcs8._.js:776
[  967038ms] [LOG] [Fast Refresh] done in 51ms @ http://localhost:3000/_next/static/chunks/node_modules_next_dist_1e8vcs8._.js:776
[  967096ms] [LOG] [Fast Refresh] done in 51ms @ http://localhost:3000/_next/static/chunks/node_modules_next_dist_1e8vcs8._.js:776
[  967154ms] [LOG] [Fast Refresh] done in 51ms @ http://localhost:3000/_next/static/chunks/node_modules_next_dist_1e8vcs8._.js:776
[  967209ms] [LOG] [Fast Refresh] done in 51ms @ http://localhost:3000/_next/static/chunks/node_modules_next_dist_1e8vcs8._.js:776
[  967265ms] [LOG] [Fast Refresh] done in 51ms @ http://localhost:3000/_next/static/chunks/node_modules_next_dist_1e8vcs8._.js:776
[  967324ms] [LOG] [Fast Refresh] done in 51ms @ http://localhost:3000/_next/static/chunks/node_modules_next_dist_1e8vcs8._.js:776
[  967376ms] [LOG] [Fast Refresh] done in 51ms @ http://localhost:3000/_next/static/chunks/node_modules_next_dist_1e8vcs8._.js:776
[  967431ms] [LOG] [Fast Refresh] done in 51ms @ http://localhost:3000/_next/static/chunks/node_modules_next_dist_1e8vcs8._.js:776
[  967488ms] [LOG] [Fast Refresh] done in 51ms @ http://localhost:3000/_next/static/chunks/node_modules_next_dist_1e8vcs8._.js:776
[  967549ms] [LOG] [Fast Refresh] done in 51ms @ http://localhost:3000/_next/static/chunks/node_modules_next_dist_1e8vcs8._.js:776
[  967593ms] [LOG] [Fast Refresh] done in 51ms @ http://localhost:3000/_next/static/chunks/node_modules_next_dist_1e8vcs8._.js:776
[  967649ms] [LOG] [Fast Refresh] done in 51ms @ http://localhost:3000/_next/static/chunks/node_modules_next_dist_1e8vcs8._.js:776
[  967695ms] [LOG] [Fast Refresh] done in 51ms @ http://localhost:3000/_next/static/chunks/node_modules_next_dist_1e8vcs8._.js:776
[  967748ms] [LOG] [Fast Refresh] done in 51ms @ http://localhost:3000/_next/static/chunks/node_modules_next_dist_1e8vcs8._.js:776
[  967794ms] [LOG] [Fast Refresh] done in 51ms @ http://localhost:3000/_next/static/chunks/node_modules_next_dist_1e8vcs8._.js:776
[  967852ms] [LOG] [Fast Refresh] done in 51ms @ http://localhost:3000/_next/static/chunks/node_modules_next_dist_1e8vcs8._.js:776
[  967912ms] [LOG] [Fast Refresh] done in 51ms @ http://localhost:3000/_next/static/chunks/node_modules_next_dist_1e8vcs8._.js:776
[  967962ms] [LOG] [Fast Refresh] done in 51ms @ http://localhost:3000/_next/static/chunks/node_modules_next_dist_1e8vcs8._.js:776
[  968024ms] [LOG] [Fast Refresh] done in 51ms @ http://localhost:3000/_next/static/chunks/node_modules_next_dist_1e8vcs8._.js:776
[  968080ms] [LOG] [Fast Refresh] done in 51ms @ http://localhost:3000/_next/static/chunks/node_modules_next_dist_1e8vcs8._.js:776
[  968139ms] [LOG] [Fast Refresh] done in 51ms @ http://localhost:3000/_next/static/chunks/node_modules_next_dist_1e8vcs8._.js:776
[  968188ms] [LOG] [Fast Refresh] done in 51ms @ http://localhost:3000/_next/static/chunks/node_modules_next_dist_1e8vcs8._.js:776
[  968237ms] [LOG] [Fast Refresh] done in 51ms @ http://localhost:3000/_next/static/chunks/node_modules_next_dist_1e8vcs8._.js:776
[  968295ms] [LOG] [Fast Refresh] done in 51ms @ http://localhost:3000/_next/static/chunks/node_modules_next_dist_1e8vcs8._.js:776
[  968353ms] [LOG] [Fast Refresh] done in 51ms @ http://localhost:3000/_next/static/chunks/node_modules_next_dist_1e8vcs8._.js:776
[  968414ms] [LOG] [Fast Refresh] done in 51ms @ http://localhost:3000/_next/static/chunks/node_modules_next_dist_1e8vcs8._.js:776
[  968463ms] [LOG] [Fast Refresh] done in 51ms @ http://localhost:3000/_next/static/chunks/node_modules_next_dist_1e8vcs8._.js:776
[  968508ms] [LOG] [Fast Refresh] done in 51ms @ http://localhost:3000/_next/static/chunks/node_modules_next_dist_1e8vcs8._.js:776
[  968558ms] [LOG] [Fast Refresh] done in 51ms @ http://localhost:3000/_next/static/chunks/node_modules_next_dist_1e8vcs8._.js:776
[  968614ms] [LOG] [Fast Refresh] done in 51ms @ http://localhost:3000/_next/static/chunks/node_modules_next_dist_1e8vcs8._.js:776
[  968672ms] [LOG] [Fast Refresh] done in 51ms @ http://localhost:3000/_next/static/chunks/node_modules_next_dist_1e8vcs8._.js:776
[  968730ms] [LOG] [Fast Refresh] done in 51ms @ http://localhost:3000/_next/static/chunks/node_modules_next_dist_1e8vcs8._.js:776
[  968791ms] [LOG] [Fast Refresh] done in 51ms @ http://localhost:3000/_next/static/chunks/node_modules_next_dist_1e8vcs8._.js:776
[  968849ms] [LOG] [Fast Refresh] done in 51ms @ http://localhost:3000/_next/static/chunks/node_modules_next_dist_1e8vcs8._.js:776
[  968899ms] [LOG] [Fast Refresh] done in 51ms @ http://localhost:3000/_next/static/chunks/node_modules_next_dist_1e8vcs8._.js:776
[  968960ms] [LOG] [Fast Refresh] done in 51ms @ http://localhost:3000/_next/static/chunks/node_modules_next_dist_1e8vcs8._.js:776
[  969018ms] [LOG] [Fast Refresh] done in 51ms @ http://localhost:3000/_next/static/chunks/node_modules_next_dist_1e8vcs8._.js:776
[  969079ms] [LOG] [Fast Refresh] done in 51ms @ http://localhost:3000/_next/static/chunks/node_modules_next_dist_1e8vcs8._.js:776
[  969132ms] [LOG] [Fast Refresh] done in 51ms @ http://localhost:3000/_next/static/chunks/node_modules_next_dist_1e8vcs8._.js:776
[  969188ms] [LOG] [Fast Refresh] done in 51ms @ http://localhost:3000/_next/static/chunks/node_modules_next_dist_1e8vcs8._.js:776
[  969237ms] [LOG] [Fast Refresh] done in 51ms @ http://localhost:3000/_next/static/chunks/node_modules_next_dist_1e8vcs8._.js:776
[  969294ms] [LOG] [Fast Refresh] done in 51ms @ http://localhost:3000/_next/static/chunks/node_modules_next_dist_1e8vcs8._.js:776
[  969355ms] [LOG] [Fast Refresh] done in 51ms @ http://localhost:3000/_next/static/chunks/node_modules_next_dist_1e8vcs8._.js:776
[  969404ms] [LOG] [Fast Refresh] done in 51ms @ http://localhost:3000/_next/static/chunks/node_modules_next_dist_1e8vcs8._.js:776
[  969453ms] [LOG] [Fast Refresh] done in 51ms @ http://localhost:3000/_next/static/chunks/node_modules_next_dist_1e8vcs8._.js:776
[  969514ms] [LOG] [Fast Refresh] done in 51ms @ http://localhost:3000/_next/static/chunks/node_modules_next_dist_1e8vcs8._.js:776
[  969564ms] [LOG] [Fast Refresh] done in 51ms @ http://localhost:3000/_next/static/chunks/node_modules_next_dist_1e8vcs8._.js:776
[  969620ms] [LOG] [Fast Refresh] done in 51ms @ http://localhost:3000/_next/static/chunks/node_modules_next_dist_1e8vcs8._.js:776
[  969666ms] [LOG] [Fast Refresh] done in 51ms @ http://localhost:3000/_next/static/chunks/node_modules_next_dist_1e8vcs8._.js:776
[  969715ms] [LOG] [Fast Refresh] done in 51ms @ http://localhost:3000/_next/static/chunks/node_modules_next_dist_1e8vcs8._.js:776
[  969760ms] [LOG] [Fast Refresh] done in 51ms @ http://localhost:3000/_next/static/chunks/node_modules_next_dist_1e8vcs8._.js:776
[  969804ms] [LOG] [Fast Refresh] done in 51ms @ http://localhost:3000/_next/static/chunks/node_modules_next_dist_1e8vcs8._.js:776
[  969854ms] [LOG] [Fast Refresh] done in 51ms @ http://localhost:3000/_next/static/chunks/node_modules_next_dist_1e8vcs8._.js:776
[  969910ms] [LOG] [Fast Refresh] done in 51ms @ http://localhost:3000/_next/static/chunks/node_modules_next_dist_1e8vcs8._.js:776
[  969957ms] [LOG] [Fast Refresh] done in 51ms @ http://localhost:3000/_next/static/chunks/node_modules_next_dist_1e8vcs8._.js:776
[  970018ms] [LOG] [Fast Refresh] done in 51ms @ http://localhost:3000/_next/static/chunks/node_modules_next_dist_1e8vcs8._.js:776
[  970082ms] [LOG] [Fast Refresh] done in 51ms @ http://localhost:3000/_next/static/chunks/node_modules_next_dist_1e8vcs8._.js:776
[  970144ms] [LOG] [Fast Refresh] done in 51ms @ http://localhost:3000/_next/static/chunks/node_modules_next_dist_1e8vcs8._.js:776
[  970205ms] [LOG] [Fast Refresh] done in 51ms @ http://localhost:3000/_next/static/chunks/node_modules_next_dist_1e8vcs8._.js:776
[  970249ms] [LOG] [Fast Refresh] done in 51ms @ http://localhost:3000/_next/static/chunks/node_modules_next_dist_1e8vcs8._.js:776
[  970294ms] [LOG] [Fast Refresh] done in 51ms @ http://localhost:3000/_next/static/chunks/node_modules_next_dist_1e8vcs8._.js:776
[  970358ms] [LOG] [Fast Refresh] done in 51ms @ http://localhost:3000/_next/static/chunks/node_modules_next_dist_1e8vcs8._.js:776
[  970419ms] [LOG] [Fast Refresh] done in 51ms @ http://localhost:3000/_next/static/chunks/node_modules_next_dist_1e8vcs8._.js:776
[  970474ms] [LOG] [Fast Refresh] done in 51ms @ http://localhost:3000/_next/static/chunks/node_modules_next_dist_1e8vcs8._.js:776
[  970531ms] [LOG] [Fast Refresh] done in 51ms @ http://localhost:3000/_next/static/chunks/node_modules_next_dist_1e8vcs8._.js:776
[  970593ms] [LOG] [Fast Refresh] done in 51ms @ http://localhost:3000/_next/static/chunks/node_modules_next_dist_1e8vcs8._.js:776
[  970649ms] [LOG] [Fast Refresh] done in 51ms @ http://localhost:3000/_next/static/chunks/node_modules_next_dist_1e8vcs8._.js:776
[  970702ms] [LOG] [Fast Refresh] done in 51ms @ http://localhost:3000/_next/static/chunks/node_modules_next_dist_1e8vcs8._.js:776
[  970760ms] [LOG] [Fast Refresh] done in 51ms @ http://localhost:3000/_next/static/chunks/node_modules_next_dist_1e8vcs8._.js:776
[  970809ms] [LOG] [Fast Refresh] done in 51ms @ http://localhost:3000/_next/static/chunks/node_modules_next_dist_1e8vcs8._.js:776
[  970868ms] [LOG] [Fast Refresh] done in 51ms @ http://localhost:3000/_next/static/chunks/node_modules_next_dist_1e8vcs8._.js:776
[  970917ms] [LOG] [Fast Refresh] done in 51ms @ http://localhost:3000/_next/static/chunks/node_modules_next_dist_1e8vcs8._.js:776
[  970974ms] [LOG] [Fast Refresh] done in 51ms @ http://localhost:3000/_next/static/chunks/node_modules_next_dist_1e8vcs8._.js:776
[  971024ms] [LOG] [Fast Refresh] done in 51ms @ http://localhost:3000/_next/static/chunks/node_modules_next_dist_1e8vcs8._.js:776
[  971073ms] [LOG] [Fast Refresh] done in 51ms @ http://localhost:3000/_next/static/chunks/node_modules_next_dist_1e8vcs8._.js:776
[  971118ms] [LOG] [Fast Refresh] done in 51ms @ http://localhost:3000/_next/static/chunks/node_modules_next_dist_1e8vcs8._.js:776
[  971180ms] [LOG] [Fast Refresh] done in 51ms @ http://localhost:3000/_next/static/chunks/node_modules_next_dist_1e8vcs8._.js:776
[  971229ms] [LOG] [Fast Refresh] done in 51ms @ http://localhost:3000/_next/static/chunks/node_modules_next_dist_1e8vcs8._.js:776
[  971290ms] [LOG] [Fast Refresh] done in 51ms @ http://localhost:3000/_next/static/chunks/node_modules_next_dist_1e8vcs8._.js:776
[  971335ms] [LOG] [Fast Refresh] done in 51ms @ http://localhost:3000/_next/static/chunks/node_modules_next_dist_1e8vcs8._.js:776
[  971385ms] [LOG] [Fast Refresh] done in 51ms @ http://localhost:3000/_next/static/chunks/node_modules_next_dist_1e8vcs8._.js:776
[  971442ms] [LOG] [Fast Refresh] done in 51ms @ http://localhost:3000/_next/static/chunks/node_modules_next_dist_1e8vcs8._.js:776
[  971505ms] [LOG] [Fast Refresh] done in 51ms @ http://localhost:3000/_next/static/chunks/node_modules_next_dist_1e8vcs8._.js:776
[  971563ms] [LOG] [Fast Refresh] done in 51ms @ http://localhost:3000/_next/static/chunks/node_modules_next_dist_1e8vcs8._.js:776
[  971621ms] [LOG] [Fast Refresh] done in 51ms @ http://localhost:3000/_next/static/chunks/node_modules_next_dist_1e8vcs8._.js:776
[  971667ms] [LOG] [Fast Refresh] done in 51ms @ http://localhost:3000/_next/static/chunks/node_modules_next_dist_1e8vcs8._.js:776
[  971728ms] [LOG] [Fast Refresh] done in 51ms @ http://localhost:3000/_next/static/chunks/node_modules_next_dist_1e8vcs8._.js:776
[  971773ms] [LOG] [Fast Refresh] done in 51ms @ http://localhost:3000/_next/static/chunks/node_modules_next_dist_1e8vcs8._.js:776
[  971835ms] [LOG] [Fast Refresh] done in 51ms @ http://localhost:3000/_next/static/chunks/node_modules_next_dist_1e8vcs8._.js:776
[  971892ms] [LOG] [Fast Refresh] done in 51ms @ http://localhost:3000/_next/static/chunks/node_modules_next_dist_1e8vcs8._.js:776
[  971949ms] [LOG] [Fast Refresh] done in 51ms @ http://localhost:3000/_next/static/chunks/node_modules_next_dist_1e8vcs8._.js:776
[  972010ms] [LOG] [Fast Refresh] done in 51ms @ http://localhost:3000/_next/static/chunks/node_modules_next_dist_1e8vcs8._.js:776
[  972072ms] [LOG] [Fast Refresh] done in 51ms @ http://localhost:3000/_next/static/chunks/node_modules_next_dist_1e8vcs8._.js:776
[  972130ms] [LOG] [Fast Refresh] done in 51ms @ http://localhost:3000/_next/static/chunks/node_modules_next_dist_1e8vcs8._.js:776
[  972184ms] [LOG] [Fast Refresh] done in 51ms @ http://localhost:3000/_next/static/chunks/node_modules_next_dist_1e8vcs8._.js:776
[  972235ms] [LOG] [Fast Refresh] done in 51ms @ http://localhost:3000/_next/static/chunks/node_modules_next_dist_1e8vcs8._.js:776
[  972279ms] [LOG] [Fast Refresh] done in 51ms @ http://localhost:3000/_next/static/chunks/node_modules_next_dist_1e8vcs8._.js:776
[  972328ms] [LOG] [Fast Refresh] done in 51ms @ http://localhost:3000/_next/static/chunks/node_modules_next_dist_1e8vcs8._.js:776
[  972386ms] [LOG] [Fast Refresh] done in 51ms @ http://localhost:3000/_next/static/chunks/node_modules_next_dist_1e8vcs8._.js:776
[  972436ms] [LOG] [Fast Refresh] done in 51ms @ http://localhost:3000/_next/static/chunks/node_modules_next_dist_1e8vcs8._.js:776
[  972499ms] [LOG] [Fast Refresh] done in 51ms @ http://localhost:3000/_next/static/chunks/node_modules_next_dist_1e8vcs8._.js:776
[  972550ms] [LOG] [Fast Refresh] done in 51ms @ http://localhost:3000/_next/static/chunks/node_modules_next_dist_1e8vcs8._.js:776
[  972609ms] [LOG] [Fast Refresh] done in 51ms @ http://localhost:3000/_next/static/chunks/node_modules_next_dist_1e8vcs8._.js:776
[  972662ms] [LOG] [Fast Refresh] done in 51ms @ http://localhost:3000/_next/static/chunks/node_modules_next_dist_1e8vcs8._.js:776
[  972724ms] [LOG] [Fast Refresh] done in 51ms @ http://localhost:3000/_next/static/chunks/node_modules_next_dist_1e8vcs8._.js:776
[  972785ms] [LOG] [Fast Refresh] done in 51ms @ http://localhost:3000/_next/static/chunks/node_modules_next_dist_1e8vcs8._.js:776
[  972834ms] [LOG] [Fast Refresh] done in 51ms @ http://localhost:3000/_next/static/chunks/node_modules_next_dist_1e8vcs8._.js:776
[  972895ms] [LOG] [Fast Refresh] done in 51ms @ http://localhost:3000/_next/static/chunks/node_modules_next_dist_1e8vcs8._.js:776
[  972949ms] [LOG] [Fast Refresh] done in 51ms @ http://localhost:3000/_next/static/chunks/node_modules_next_dist_1e8vcs8._.js:776
[  973007ms] [LOG] [Fast Refresh] done in 51ms @ http://localhost:3000/_next/static/chunks/node_modules_next_dist_1e8vcs8._.js:776
[  973065ms] [LOG] [Fast Refresh] done in 51ms @ http://localhost:3000/_next/static/chunks/node_modules_next_dist_1e8vcs8._.js:776
[  973119ms] [LOG] [Fast Refresh] done in 51ms @ http://localhost:3000/_next/static/chunks/node_modules_next_dist_1e8vcs8._.js:776
[  973174ms] [LOG] [Fast Refresh] done in 51ms @ http://localhost:3000/_next/static/chunks/node_modules_next_dist_1e8vcs8._.js:776
[  973237ms] [LOG] [Fast Refresh] done in 51ms @ http://localhost:3000/_next/static/chunks/node_modules_next_dist_1e8vcs8._.js:776
[  973285ms] [LOG] [Fast Refresh] done in 51ms @ http://localhost:3000/_next/static/chunks/node_modules_next_dist_1e8vcs8._.js:776
[  973347ms] [LOG] [Fast Refresh] done in 51ms @ http://localhost:3000/_next/static/chunks/node_modules_next_dist_1e8vcs8._.js:776
[  973403ms] [LOG] [Fast Refresh] done in 51ms @ http://localhost:3000/_next/static/chunks/node_modules_next_dist_1e8vcs8._.js:776
[  973468ms] [LOG] [Fast Refresh] done in 51ms @ http://localhost:3000/_next/static/chunks/node_modules_next_dist_1e8vcs8._.js:776
[  973529ms] [LOG] [Fast Refresh] done in 51ms @ http://localhost:3000/_next/static/chunks/node_modules_next_dist_1e8vcs8._.js:776
[  973586ms] [LOG] [Fast Refresh] done in 51ms @ http://localhost:3000/_next/static/chunks/node_modules_next_dist_1e8vcs8._.js:776
[  973639ms] [LOG] [Fast Refresh] done in 51ms @ http://localhost:3000/_next/static/chunks/node_modules_next_dist_1e8vcs8._.js:776
[  973684ms] [LOG] [Fast Refresh] done in 51ms @ http://localhost:3000/_next/static/chunks/node_modules_next_dist_1e8vcs8._.js:776
[  973740ms] [LOG] [Fast Refresh] done in 51ms @ http://localhost:3000/_next/static/chunks/node_modules_next_dist_1e8vcs8._.js:776
[  973796ms] [LOG] [Fast Refresh] done in 51ms @ http://localhost:3000/_next/static/chunks/node_modules_next_dist_1e8vcs8._.js:776
[  973853ms] [LOG] [Fast Refresh] done in 51ms @ http://localhost:3000/_next/static/chunks/node_modules_next_dist_1e8vcs8._.js:776
[  973911ms] [LOG] [Fast Refresh] done in 51ms @ http://localhost:3000/_next/static/chunks/node_modules_next_dist_1e8vcs8._.js:776
[  973964ms] [LOG] [Fast Refresh] done in 51ms @ http://localhost:3000/_next/static/chunks/node_modules_next_dist_1e8vcs8._.js:776
[  974014ms] [LOG] [Fast Refresh] done in 51ms @ http://localhost:3000/_next/static/chunks/node_modules_next_dist_1e8vcs8._.js:776
[  974071ms] [LOG] [Fast Refresh] done in 51ms @ http://localhost:3000/_next/static/chunks/node_modules_next_dist_1e8vcs8._.js:776
[  974132ms] [LOG] [Fast Refresh] done in 51ms @ http://localhost:3000/_next/static/chunks/node_modules_next_dist_1e8vcs8._.js:776
[  974179ms] [LOG] [Fast Refresh] done in 51ms @ http://localhost:3000/_next/static/chunks/node_modules_next_dist_1e8vcs8._.js:776
[  974240ms] [LOG] [Fast Refresh] done in 51ms @ http://localhost:3000/_next/static/chunks/node_modules_next_dist_1e8vcs8._.js:776
[  974298ms] [LOG] [Fast Refresh] done in 51ms @ http://localhost:3000/_next/static/chunks/node_modules_next_dist_1e8vcs8._.js:776
[  974355ms] [LOG] [Fast Refresh] done in 51ms @ http://localhost:3000/_next/static/chunks/node_modules_next_dist_1e8vcs8._.js:776
[  974414ms] [LOG] [Fast Refresh] done in 51ms @ http://localhost:3000/_next/static/chunks/node_modules_next_dist_1e8vcs8._.js:776
[  974471ms] [LOG] [Fast Refresh] done in 51ms @ http://localhost:3000/_next/static/chunks/node_modules_next_dist_1e8vcs8._.js:776
[  974521ms] [LOG] [Fast Refresh] done in 51ms @ http://localhost:3000/_next/static/chunks/node_modules_next_dist_1e8vcs8._.js:776
[  974569ms] [LOG] [Fast Refresh] done in 51ms @ http://localhost:3000/_next/static/chunks/node_modules_next_dist_1e8vcs8._.js:776
[  974629ms] [LOG] [Fast Refresh] done in 51ms @ http://localhost:3000/_next/static/chunks/node_modules_next_dist_1e8vcs8._.js:776
[  974683ms] [LOG] [Fast Refresh] done in 51ms @ http://localhost:3000/_next/static/chunks/node_modules_next_dist_1e8vcs8._.js:776
[  974741ms] [LOG] [Fast Refresh] done in 51ms @ http://localhost:3000/_next/static/chunks/node_modules_next_dist_1e8vcs8._.js:776
[  974806ms] [LOG] [Fast Refresh] done in 51ms @ http://localhost:3000/_next/static/chunks/node_modules_next_dist_1e8vcs8._.js:776
[  974854ms] [LOG] [Fast Refresh] done in 51ms @ http://localhost:3000/_next/static/chunks/node_modules_next_dist_1e8vcs8._.js:776
[  974912ms] [LOG] [Fast Refresh] done in 51ms @ http://localhost:3000/_next/static/chunks/node_modules_next_dist_1e8vcs8._.js:776
[  974960ms] [LOG] [Fast Refresh] done in 51ms @ http://localhost:3000/_next/static/chunks/node_modules_next_dist_1e8vcs8._.js:776
[  975018ms] [LOG] [Fast Refresh] done in 51ms @ http://localhost:3000/_next/static/chunks/node_modules_next_dist_1e8vcs8._.js:776
[  975078ms] [LOG] [Fast Refresh] done in 51ms @ http://localhost:3000/_next/static/chunks/node_modules_next_dist_1e8vcs8._.js:776
[  975135ms] [LOG] [Fast Refresh] done in 51ms @ http://localhost:3000/_next/static/chunks/node_modules_next_dist_1e8vcs8._.js:776
[  975201ms] [LOG] [Fast Refresh] done in 51ms @ http://localhost:3000/_next/static/chunks/node_modules_next_dist_1e8vcs8._.js:776
[  975258ms] [LOG] [Fast Refresh] done in 51ms @ http://localhost:3000/_next/static/chunks/node_modules_next_dist_1e8vcs8._.js:776
[  975307ms] [LOG] [Fast Refresh] done in 51ms @ http://localhost:3000/_next/static/chunks/node_modules_next_dist_1e8vcs8._.js:776
[  975352ms] [LOG] [Fast Refresh] done in 51ms @ http://localhost:3000/_next/static/chunks/node_modules_next_dist_1e8vcs8._.js:776
[  975409ms] [LOG] [Fast Refresh] done in 51ms @ http://localhost:3000/_next/static/chunks/node_modules_next_dist_1e8vcs8._.js:776
[  975468ms] [LOG] [Fast Refresh] done in 51ms @ http://localhost:3000/_next/static/chunks/node_modules_next_dist_1e8vcs8._.js:776
[  975522ms] [LOG] [Fast Refresh] done in 51ms @ http://localhost:3000/_next/static/chunks/node_modules_next_dist_1e8vcs8._.js:776
[  975583ms] [LOG] [Fast Refresh] done in 51ms @ http://localhost:3000/_next/static/chunks/node_modules_next_dist_1e8vcs8._.js:776
[  975637ms] [LOG] [Fast Refresh] done in 51ms @ http://localhost:3000/_next/static/chunks/node_modules_next_dist_1e8vcs8._.js:776
[  975693ms] [LOG] [Fast Refresh] done in 51ms @ http://localhost:3000/_next/static/chunks/node_modules_next_dist_1e8vcs8._.js:776
[  975748ms] [LOG] [Fast Refresh] done in 51ms @ http://localhost:3000/_next/static/chunks/node_modules_next_dist_1e8vcs8._.js:776
[  975805ms] [LOG] [Fast Refresh] done in 51ms @ http://localhost:3000/_next/static/chunks/node_modules_next_dist_1e8vcs8._.js:776
[  975867ms] [LOG] [Fast Refresh] done in 51ms @ http://localhost:3000/_next/static/chunks/node_modules_next_dist_1e8vcs8._.js:776
[  975925ms] [LOG] [Fast Refresh] done in 51ms @ http://localhost:3000/_next/static/chunks/node_modules_next_dist_1e8vcs8._.js:776
[  975981ms] [LOG] [Fast Refresh] done in 51ms @ http://localhost:3000/_next/static/chunks/node_modules_next_dist_1e8vcs8._.js:776
[  976035ms] [LOG] [Fast Refresh] done in 51ms @ http://localhost:3000/_next/static/chunks/node_modules_next_dist_1e8vcs8._.js:776
[  976093ms] [LOG] [Fast Refresh] done in 51ms @ http://localhost:3000/_next/static/chunks/node_modules_next_dist_1e8vcs8._.js:776
[  976155ms] [LOG] [Fast Refresh] done in 51ms @ http://localhost:3000/_next/static/chunks/node_modules_next_dist_1e8vcs8._.js:776
[  976204ms] [LOG] [Fast Refresh] done in 51ms @ http://localhost:3000/_next/static/chunks/node_modules_next_dist_1e8vcs8._.js:776
[  976250ms] [LOG] [Fast Refresh] done in 51ms @ http://localhost:3000/_next/static/chunks/node_modules_next_dist_1e8vcs8._.js:776
[  976295ms] [LOG] [Fast Refresh] done in 51ms @ http://localhost:3000/_next/static/chunks/node_modules_next_dist_1e8vcs8._.js:776
[  976341ms] [LOG] [Fast Refresh] done in 51ms @ http://localhost:3000/_next/static/chunks/node_modules_next_dist_1e8vcs8._.js:776
[  976391ms] [LOG] [Fast Refresh] done in 51ms @ http://localhost:3000/_next/static/chunks/node_modules_next_dist_1e8vcs8._.js:776
[  976444ms] [LOG] [Fast Refresh] done in 51ms @ http://localhost:3000/_next/static/chunks/node_modules_next_dist_1e8vcs8._.js:776
[  976490ms] [LOG] [Fast Refresh] done in 51ms @ http://localhost:3000/_next/static/chunks/node_modules_next_dist_1e8vcs8._.js:776
[  976539ms] [LOG] [Fast Refresh] done in 51ms @ http://localhost:3000/_next/static/chunks/node_modules_next_dist_1e8vcs8._.js:776
[  976590ms] [LOG] [Fast Refresh] done in 51ms @ http://localhost:3000/_next/static/chunks/node_modules_next_dist_1e8vcs8._.js:776
[  976652ms] [LOG] [Fast Refresh] done in 51ms @ http://localhost:3000/_next/static/chunks/node_modules_next_dist_1e8vcs8._.js:776
[  976706ms] [LOG] [Fast Refresh] done in 51ms @ http://localhost:3000/_next/static/chunks/node_modules_next_dist_1e8vcs8._.js:776
[  976752ms] [LOG] [Fast Refresh] done in 51ms @ http://localhost:3000/_next/static/chunks/node_modules_next_dist_1e8vcs8._.js:776
[  976809ms] [LOG] [Fast Refresh] done in 51ms @ http://localhost:3000/_next/static/chunks/node_modules_next_dist_1e8vcs8._.js:776
[  976871ms] [LOG] [Fast Refresh] done in 51ms @ http://localhost:3000/_next/static/chunks/node_modules_next_dist_1e8vcs8._.js:776
[  976924ms] [LOG] [Fast Refresh] done in 51ms @ http://localhost:3000/_next/static/chunks/node_modules_next_dist_1e8vcs8._.js:776
[  976968ms] [LOG] [Fast Refresh] done in 51ms @ http://localhost:3000/_next/static/chunks/node_modules_next_dist_1e8vcs8._.js:776
[  977024ms] [LOG] [Fast Refresh] done in 51ms @ http://localhost:3000/_next/static/chunks/node_modules_next_dist_1e8vcs8._.js:776
[  977078ms] [LOG] [Fast Refresh] done in 51ms @ http://localhost:3000/_next/static/chunks/node_modules_next_dist_1e8vcs8._.js:776
[  977133ms] [LOG] [Fast Refresh] done in 51ms @ http://localhost:3000/_next/static/chunks/node_modules_next_dist_1e8vcs8._.js:776
[  977188ms] [LOG] [Fast Refresh] done in 51ms @ http://localhost:3000/_next/static/chunks/node_modules_next_dist_1e8vcs8._.js:776
[  977241ms] [LOG] [Fast Refresh] done in 51ms @ http://localhost:3000/_next/static/chunks/node_modules_next_dist_1e8vcs8._.js:776
[  977300ms] [LOG] [Fast Refresh] done in 51ms @ http://localhost:3000/_next/static/chunks/node_modules_next_dist_1e8vcs8._.js:776
[  977351ms] [LOG] [Fast Refresh] done in 51ms @ http://localhost:3000/_next/static/chunks/node_modules_next_dist_1e8vcs8._.js:776
[  977405ms] [LOG] [Fast Refresh] done in 51ms @ http://localhost:3000/_next/static/chunks/node_modules_next_dist_1e8vcs8._.js:776
[  977455ms] [LOG] [Fast Refresh] done in 51ms @ http://localhost:3000/_next/static/chunks/node_modules_next_dist_1e8vcs8._.js:776
[  977513ms] [LOG] [Fast Refresh] done in 51ms @ http://localhost:3000/_next/static/chunks/node_modules_next_dist_1e8vcs8._.js:776
[  977567ms] [LOG] [Fast Refresh] done in 51ms @ http://localhost:3000/_next/static/chunks/node_modules_next_dist_1e8vcs8._.js:776
[  977623ms] [LOG] [Fast Refresh] done in 51ms @ http://localhost:3000/_next/static/chunks/node_modules_next_dist_1e8vcs8._.js:776
[  977681ms] [LOG] [Fast Refresh] done in 51ms @ http://localhost:3000/_next/static/chunks/node_modules_next_dist_1e8vcs8._.js:776
[  977733ms] [LOG] [Fast Refresh] done in 51ms @ http://localhost:3000/_next/static/chunks/node_modules_next_dist_1e8vcs8._.js:776
[  977790ms] [LOG] [Fast Refresh] done in 51ms @ http://localhost:3000/_next/static/chunks/node_modules_next_dist_1e8vcs8._.js:776
[  977835ms] [LOG] [Fast Refresh] done in 51ms @ http://localhost:3000/_next/static/chunks/node_modules_next_dist_1e8vcs8._.js:776
[  977893ms] [LOG] [Fast Refresh] done in 51ms @ http://localhost:3000/_next/static/chunks/node_modules_next_dist_1e8vcs8._.js:776
[  977948ms] [LOG] [Fast Refresh] done in 51ms @ http://localhost:3000/_next/static/chunks/node_modules_next_dist_1e8vcs8._.js:776
[  978005ms] [LOG] [Fast Refresh] done in 51ms @ http://localhost:3000/_next/static/chunks/node_modules_next_dist_1e8vcs8._.js:776
[  978054ms] [LOG] [Fast Refresh] done in 51ms @ http://localhost:3000/_next/static/chunks/node_modules_next_dist_1e8vcs8._.js:776
[  978107ms] [LOG] [Fast Refresh] done in 51ms @ http://localhost:3000/_next/static/chunks/node_modules_next_dist_1e8vcs8._.js:776
[  978156ms] [LOG] [Fast Refresh] done in 51ms @ http://localhost:3000/_next/static/chunks/node_modules_next_dist_1e8vcs8._.js:776
[  978207ms] [LOG] [Fast Refresh] done in 51ms @ http://localhost:3000/_next/static/chunks/node_modules_next_dist_1e8vcs8._.js:776
[  978250ms] [LOG] [Fast Refresh] done in 51ms @ http://localhost:3000/_next/static/chunks/node_modules_next_dist_1e8vcs8._.js:776
[  978305ms] [LOG] [Fast Refresh] done in 51ms @ http://localhost:3000/_next/static/chunks/node_modules_next_dist_1e8vcs8._.js:776
[  978355ms] [LOG] [Fast Refresh] done in 51ms @ http://localhost:3000/_next/static/chunks/node_modules_next_dist_1e8vcs8._.js:776
[  978401ms] [LOG] [Fast Refresh] done in 51ms @ http://localhost:3000/_next/static/chunks/node_modules_next_dist_1e8vcs8._.js:776
[  978452ms] [LOG] [Fast Refresh] done in 51ms @ http://localhost:3000/_next/static/chunks/node_modules_next_dist_1e8vcs8._.js:776
[  978506ms] [LOG] [Fast Refresh] done in 51ms @ http://localhost:3000/_next/static/chunks/node_modules_next_dist_1e8vcs8._.js:776
[  978555ms] [LOG] [Fast Refresh] done in 51ms @ http://localhost:3000/_next/static/chunks/node_modules_next_dist_1e8vcs8._.js:776
[  978615ms] [LOG] [Fast Refresh] done in 51ms @ http://localhost:3000/_next/static/chunks/node_modules_next_dist_1e8vcs8._.js:776
[  978677ms] [LOG] [Fast Refresh] done in 51ms @ http://localhost:3000/_next/static/chunks/node_modules_next_dist_1e8vcs8._.js:776
[  978727ms] [LOG] [Fast Refresh] done in 51ms @ http://localhost:3000/_next/static/chunks/node_modules_next_dist_1e8vcs8._.js:776
[  978786ms] [LOG] [Fast Refresh] done in 51ms @ http://localhost:3000/_next/static/chunks/node_modules_next_dist_1e8vcs8._.js:776
[  978837ms] [LOG] [Fast Refresh] done in 51ms @ http://localhost:3000/_next/static/chunks/node_modules_next_dist_1e8vcs8._.js:776
[  978893ms] [LOG] [Fast Refresh] done in 51ms @ http://localhost:3000/_next/static/chunks/node_modules_next_dist_1e8vcs8._.js:776
[  978947ms] [LOG] [Fast Refresh] done in 51ms @ http://localhost:3000/_next/static/chunks/node_modules_next_dist_1e8vcs8._.js:776
[  979005ms] [LOG] [Fast Refresh] done in 51ms @ http://localhost:3000/_next/static/chunks/node_modules_next_dist_1e8vcs8._.js:776
[  979068ms] [LOG] [Fast Refresh] done in 51ms @ http://localhost:3000/_next/static/chunks/node_modules_next_dist_1e8vcs8._.js:776
[  979116ms] [LOG] [Fast Refresh] done in 51ms @ http://localhost:3000/_next/static/chunks/node_modules_next_dist_1e8vcs8._.js:776
[  979165ms] [LOG] [Fast Refresh] done in 51ms @ http://localhost:3000/_next/static/chunks/node_modules_next_dist_1e8vcs8._.js:776
[  979220ms] [LOG] [Fast Refresh] done in 51ms @ http://localhost:3000/_next/static/chunks/node_modules_next_dist_1e8vcs8._.js:776
[  979267ms] [LOG] [Fast Refresh] done in 51ms @ http://localhost:3000/_next/static/chunks/node_modules_next_dist_1e8vcs8._.js:776
[  979320ms] [LOG] [Fast Refresh] done in 51ms @ http://localhost:3000/_next/static/chunks/node_modules_next_dist_1e8vcs8._.js:776
[  979376ms] [LOG] [Fast Refresh] done in 51ms @ http://localhost:3000/_next/static/chunks/node_modules_next_dist_1e8vcs8._.js:776
[  979436ms] [LOG] [Fast Refresh] done in 51ms @ http://localhost:3000/_next/static/chunks/node_modules_next_dist_1e8vcs8._.js:776
[  979490ms] [LOG] [Fast Refresh] done in 51ms @ http://localhost:3000/_next/static/chunks/node_modules_next_dist_1e8vcs8._.js:776
[  979534ms] [LOG] [Fast Refresh] done in 51ms @ http://localhost:3000/_next/static/chunks/node_modules_next_dist_1e8vcs8._.js:776
[  979588ms] [LOG] [Fast Refresh] done in 51ms @ http://localhost:3000/_next/static/chunks/node_modules_next_dist_1e8vcs8._.js:776
[  979633ms] [LOG] [Fast Refresh] done in 51ms @ http://localhost:3000/_next/static/chunks/node_modules_next_dist_1e8vcs8._.js:776
[  979696ms] [LOG] [Fast Refresh] done in 51ms @ http://localhost:3000/_next/static/chunks/node_modules_next_dist_1e8vcs8._.js:776
[  979750ms] [LOG] [Fast Refresh] done in 51ms @ http://localhost:3000/_next/static/chunks/node_modules_next_dist_1e8vcs8._.js:776
[  979804ms] [LOG] [Fast Refresh] done in 51ms @ http://localhost:3000/_next/static/chunks/node_modules_next_dist_1e8vcs8._.js:776
[  979866ms] [LOG] [Fast Refresh] done in 51ms @ http://localhost:3000/_next/static/chunks/node_modules_next_dist_1e8vcs8._.js:776
[  979920ms] [LOG] [Fast Refresh] done in 51ms @ http://localhost:3000/_next/static/chunks/node_modules_next_dist_1e8vcs8._.js:776
[  979975ms] [LOG] [Fast Refresh] done in 51ms @ http://localhost:3000/_next/static/chunks/node_modules_next_dist_1e8vcs8._.js:776
[  980024ms] [LOG] [Fast Refresh] done in 51ms @ http://localhost:3000/_next/static/chunks/node_modules_next_dist_1e8vcs8._.js:776
[  980079ms] [LOG] [Fast Refresh] done in 51ms @ http://localhost:3000/_next/static/chunks/node_modules_next_dist_1e8vcs8._.js:776
[  980142ms] [LOG] [Fast Refresh] done in 51ms @ http://localhost:3000/_next/static/chunks/node_modules_next_dist_1e8vcs8._.js:776
[  980199ms] [LOG] [Fast Refresh] done in 51ms @ http://localhost:3000/_next/static/chunks/node_modules_next_dist_1e8vcs8._.js:776
[  980255ms] [LOG] [Fast Refresh] done in 51ms @ http://localhost:3000/_next/static/chunks/node_modules_next_dist_1e8vcs8._.js:776
[  980312ms] [LOG] [Fast Refresh] done in 51ms @ http://localhost:3000/_next/static/chunks/node_modules_next_dist_1e8vcs8._.js:776
[  980375ms] [LOG] [Fast Refresh] done in 51ms @ http://localhost:3000/_next/static/chunks/node_modules_next_dist_1e8vcs8._.js:776
[  980436ms] [LOG] [Fast Refresh] done in 51ms @ http://localhost:3000/_next/static/chunks/node_modules_next_dist_1e8vcs8._.js:776
[  980494ms] [LOG] [Fast Refresh] done in 51ms @ http://localhost:3000/_next/static/chunks/node_modules_next_dist_1e8vcs8._.js:776
[  980549ms] [LOG] [Fast Refresh] done in 51ms @ http://localhost:3000/_next/static/chunks/node_modules_next_dist_1e8vcs8._.js:776
[  980598ms] [LOG] [Fast Refresh] done in 51ms @ http://localhost:3000/_next/static/chunks/node_modules_next_dist_1e8vcs8._.js:776
[  980658ms] [LOG] [Fast Refresh] done in 51ms @ http://localhost:3000/_next/static/chunks/node_modules_next_dist_1e8vcs8._.js:776
[  980716ms] [LOG] [Fast Refresh] done in 51ms @ http://localhost:3000/_next/static/chunks/node_modules_next_dist_1e8vcs8._.js:776
[  980769ms] [LOG] [Fast Refresh] done in 51ms @ http://localhost:3000/_next/static/chunks/node_modules_next_dist_1e8vcs8._.js:776
[  980827ms] [LOG] [Fast Refresh] done in 51ms @ http://localhost:3000/_next/static/chunks/node_modules_next_dist_1e8vcs8._.js:776
[  980889ms] [LOG] [Fast Refresh] done in 51ms @ http://localhost:3000/_next/static/chunks/node_modules_next_dist_1e8vcs8._.js:776
[  980947ms] [LOG] [Fast Refresh] done in 51ms @ http://localhost:3000/_next/static/chunks/node_modules_next_dist_1e8vcs8._.js:776
[  981004ms] [LOG] [Fast Refresh] done in 51ms @ http://localhost:3000/_next/static/chunks/node_modules_next_dist_1e8vcs8._.js:776
[  981054ms] [LOG] [Fast Refresh] done in 51ms @ http://localhost:3000/_next/static/chunks/node_modules_next_dist_1e8vcs8._.js:776
[  981105ms] [LOG] [Fast Refresh] done in 51ms @ http://localhost:3000/_next/static/chunks/node_modules_next_dist_1e8vcs8._.js:776
[  981151ms] [LOG] [Fast Refresh] done in 51ms @ http://localhost:3000/_next/static/chunks/node_modules_next_dist_1e8vcs8._.js:776
[  981197ms] [LOG] [Fast Refresh] done in 51ms @ http://localhost:3000/_next/static/chunks/node_modules_next_dist_1e8vcs8._.js:776
[  981255ms] [LOG] [Fast Refresh] done in 51ms @ http://localhost:3000/_next/static/chunks/node_modules_next_dist_1e8vcs8._.js:776
[  981310ms] [LOG] [Fast Refresh] done in 51ms @ http://localhost:3000/_next/static/chunks/node_modules_next_dist_1e8vcs8._.js:776
[  981356ms] [LOG] [Fast Refresh] done in 51ms @ http://localhost:3000/_next/static/chunks/node_modules_next_dist_1e8vcs8._.js:776
[  981414ms] [LOG] [Fast Refresh] done in 51ms @ http://localhost:3000/_next/static/chunks/node_modules_next_dist_1e8vcs8._.js:776
[  981464ms] [LOG] [Fast Refresh] done in 51ms @ http://localhost:3000/_next/static/chunks/node_modules_next_dist_1e8vcs8._.js:776
[  981522ms] [LOG] [Fast Refresh] done in 51ms @ http://localhost:3000/_next/static/chunks/node_modules_next_dist_1e8vcs8._.js:776
[  981567ms] [LOG] [Fast Refresh] done in 51ms @ http://localhost:3000/_next/static/chunks/node_modules_next_dist_1e8vcs8._.js:776
[  981621ms] [LOG] [Fast Refresh] done in 51ms @ http://localhost:3000/_next/static/chunks/node_modules_next_dist_1e8vcs8._.js:776
[  981680ms] [LOG] [Fast Refresh] done in 51ms @ http://localhost:3000/_next/static/chunks/node_modules_next_dist_1e8vcs8._.js:776
[  981726ms] [LOG] [Fast Refresh] done in 51ms @ http://localhost:3000/_next/static/chunks/node_modules_next_dist_1e8vcs8._.js:776
[  981785ms] [LOG] [Fast Refresh] done in 51ms @ http://localhost:3000/_next/static/chunks/node_modules_next_dist_1e8vcs8._.js:776
[  981835ms] [LOG] [Fast Refresh] done in 51ms @ http://localhost:3000/_next/static/chunks/node_modules_next_dist_1e8vcs8._.js:776
[  981890ms] [LOG] [Fast Refresh] done in 51ms @ http://localhost:3000/_next/static/chunks/node_modules_next_dist_1e8vcs8._.js:776
[  981944ms] [LOG] [Fast Refresh] done in 51ms @ http://localhost:3000/_next/static/chunks/node_modules_next_dist_1e8vcs8._.js:776
[  982000ms] [LOG] [Fast Refresh] done in 51ms @ http://localhost:3000/_next/static/chunks/node_modules_next_dist_1e8vcs8._.js:776
[  982046ms] [LOG] [Fast Refresh] done in 51ms @ http://localhost:3000/_next/static/chunks/node_modules_next_dist_1e8vcs8._.js:776
[  982102ms] [LOG] [Fast Refresh] done in 51ms @ http://localhost:3000/_next/static/chunks/node_modules_next_dist_1e8vcs8._.js:776
[  982148ms] [LOG] [Fast Refresh] done in 51ms @ http://localhost:3000/_next/static/chunks/node_modules_next_dist_1e8vcs8._.js:776
[  982212ms] [LOG] [Fast Refresh] done in 51ms @ http://localhost:3000/_next/static/chunks/node_modules_next_dist_1e8vcs8._.js:776
[  982259ms] [LOG] [Fast Refresh] done in 51ms @ http://localhost:3000/_next/static/chunks/node_modules_next_dist_1e8vcs8._.js:776
[  982312ms] [LOG] [Fast Refresh] done in 51ms @ http://localhost:3000/_next/static/chunks/node_modules_next_dist_1e8vcs8._.js:776
[  982371ms] [LOG] [Fast Refresh] done in 51ms @ http://localhost:3000/_next/static/chunks/node_modules_next_dist_1e8vcs8._.js:776
[  982429ms] [LOG] [Fast Refresh] done in 51ms @ http://localhost:3000/_next/static/chunks/node_modules_next_dist_1e8vcs8._.js:776
[  982484ms] [LOG] [Fast Refresh] done in 51ms @ http://localhost:3000/_next/static/chunks/node_modules_next_dist_1e8vcs8._.js:776
[  982535ms] [LOG] [Fast Refresh] done in 51ms @ http://localhost:3000/_next/static/chunks/node_modules_next_dist_1e8vcs8._.js:776
[  982594ms] [LOG] [Fast Refresh] done in 51ms @ http://localhost:3000/_next/static/chunks/node_modules_next_dist_1e8vcs8._.js:776
[  982652ms] [LOG] [Fast Refresh] done in 51ms @ http://localhost:3000/_next/static/chunks/node_modules_next_dist_1e8vcs8._.js:776
[  982696ms] [LOG] [Fast Refresh] done in 51ms @ http://localhost:3000/_next/static/chunks/node_modules_next_dist_1e8vcs8._.js:776
[  982756ms] [LOG] [Fast Refresh] done in 51ms @ http://localhost:3000/_next/static/chunks/node_modules_next_dist_1e8vcs8._.js:776
[  982810ms] [LOG] [Fast Refresh] done in 51ms @ http://localhost:3000/_next/static/chunks/node_modules_next_dist_1e8vcs8._.js:776
[  982861ms] [LOG] [Fast Refresh] done in 51ms @ http://localhost:3000/_next/static/chunks/node_modules_next_dist_1e8vcs8._.js:776
[  982919ms] [LOG] [Fast Refresh] done in 51ms @ http://localhost:3000/_next/static/chunks/node_modules_next_dist_1e8vcs8._.js:776
[  982977ms] [LOG] [Fast Refresh] done in 51ms @ http://localhost:3000/_next/static/chunks/node_modules_next_dist_1e8vcs8._.js:776
[  983036ms] [LOG] [Fast Refresh] done in 51ms @ http://localhost:3000/_next/static/chunks/node_modules_next_dist_1e8vcs8._.js:776
[  983095ms] [LOG] [Fast Refresh] done in 51ms @ http://localhost:3000/_next/static/chunks/node_modules_next_dist_1e8vcs8._.js:776
[  983152ms] [LOG] [Fast Refresh] done in 51ms @ http://localhost:3000/_next/static/chunks/node_modules_next_dist_1e8vcs8._.js:776
[  983203ms] [LOG] [Fast Refresh] done in 51ms @ http://localhost:3000/_next/static/chunks/node_modules_next_dist_1e8vcs8._.js:776
[  983262ms] [LOG] [Fast Refresh] done in 51ms @ http://localhost:3000/_next/static/chunks/node_modules_next_dist_1e8vcs8._.js:776
[  983316ms] [LOG] [Fast Refresh] done in 51ms @ http://localhost:3000/_next/static/chunks/node_modules_next_dist_1e8vcs8._.js:776
[  983370ms] [LOG] [Fast Refresh] done in 51ms @ http://localhost:3000/_next/static/chunks/node_modules_next_dist_1e8vcs8._.js:776
[  983430ms] [LOG] [Fast Refresh] done in 51ms @ http://localhost:3000/_next/static/chunks/node_modules_next_dist_1e8vcs8._.js:776
[  983484ms] [LOG] [Fast Refresh] done in 51ms @ http://localhost:3000/_next/static/chunks/node_modules_next_dist_1e8vcs8._.js:776
[  983543ms] [LOG] [Fast Refresh] done in 51ms @ http://localhost:3000/_next/static/chunks/node_modules_next_dist_1e8vcs8._.js:776
[  983588ms] [LOG] [Fast Refresh] done in 51ms @ http://localhost:3000/_next/static/chunks/node_modules_next_dist_1e8vcs8._.js:776
[  983651ms] [LOG] [Fast Refresh] done in 51ms @ http://localhost:3000/_next/static/chunks/node_modules_next_dist_1e8vcs8._.js:776
[  983708ms] [LOG] [Fast Refresh] done in 51ms @ http://localhost:3000/_next/static/chunks/node_modules_next_dist_1e8vcs8._.js:776
[  983763ms] [LOG] [Fast Refresh] done in 51ms @ http://localhost:3000/_next/static/chunks/node_modules_next_dist_1e8vcs8._.js:776
[  983818ms] [LOG] [Fast Refresh] done in 51ms @ http://localhost:3000/_next/static/chunks/node_modules_next_dist_1e8vcs8._.js:776
[  983877ms] [LOG] [Fast Refresh] done in 51ms @ http://localhost:3000/_next/static/chunks/node_modules_next_dist_1e8vcs8._.js:776
[  983937ms] [LOG] [Fast Refresh] done in 51ms @ http://localhost:3000/_next/static/chunks/node_modules_next_dist_1e8vcs8._.js:776
[  983996ms] [LOG] [Fast Refresh] done in 51ms @ http://localhost:3000/_next/static/chunks/node_modules_next_dist_1e8vcs8._.js:776
[  984049ms] [LOG] [Fast Refresh] done in 51ms @ http://localhost:3000/_next/static/chunks/node_modules_next_dist_1e8vcs8._.js:776
[  984107ms] [LOG] [Fast Refresh] done in 51ms @ http://localhost:3000/_next/static/chunks/node_modules_next_dist_1e8vcs8._.js:776
[  984159ms] [LOG] [Fast Refresh] done in 51ms @ http://localhost:3000/_next/static/chunks/node_modules_next_dist_1e8vcs8._.js:776
[  984218ms] [LOG] [Fast Refresh] done in 51ms @ http://localhost:3000/_next/static/chunks/node_modules_next_dist_1e8vcs8._.js:776
[  984275ms] [LOG] [Fast Refresh] done in 51ms @ http://localhost:3000/_next/static/chunks/node_modules_next_dist_1e8vcs8._.js:776
[  984336ms] [LOG] [Fast Refresh] done in 51ms @ http://localhost:3000/_next/static/chunks/node_modules_next_dist_1e8vcs8._.js:776
[  984388ms] [LOG] [Fast Refresh] done in 51ms @ http://localhost:3000/_next/static/chunks/node_modules_next_dist_1e8vcs8._.js:776
[  984442ms] [LOG] [Fast Refresh] done in 51ms @ http://localhost:3000/_next/static/chunks/node_modules_next_dist_1e8vcs8._.js:776
[  984486ms] [LOG] [Fast Refresh] done in 51ms @ http://localhost:3000/_next/static/chunks/node_modules_next_dist_1e8vcs8._.js:776
[  984540ms] [LOG] [Fast Refresh] done in 51ms @ http://localhost:3000/_next/static/chunks/node_modules_next_dist_1e8vcs8._.js:776
[  984595ms] [LOG] [Fast Refresh] done in 51ms @ http://localhost:3000/_next/static/chunks/node_modules_next_dist_1e8vcs8._.js:776
[  984645ms] [LOG] [Fast Refresh] done in 51ms @ http://localhost:3000/_next/static/chunks/node_modules_next_dist_1e8vcs8._.js:776
[  984705ms] [LOG] [Fast Refresh] done in 51ms @ http://localhost:3000/_next/static/chunks/node_modules_next_dist_1e8vcs8._.js:776
[  984759ms] [LOG] [Fast Refresh] done in 51ms @ http://localhost:3000/_next/static/chunks/node_modules_next_dist_1e8vcs8._.js:776
[  984817ms] [LOG] [Fast Refresh] done in 51ms @ http://localhost:3000/_next/static/chunks/node_modules_next_dist_1e8vcs8._.js:776
[  984876ms] [LOG] [Fast Refresh] done in 51ms @ http://localhost:3000/_next/static/chunks/node_modules_next_dist_1e8vcs8._.js:776
[  984928ms] [LOG] [Fast Refresh] done in 51ms @ http://localhost:3000/_next/static/chunks/node_modules_next_dist_1e8vcs8._.js:776
[  984984ms] [LOG] [Fast Refresh] done in 51ms @ http://localhost:3000/_next/static/chunks/node_modules_next_dist_1e8vcs8._.js:776
[  985042ms] [LOG] [Fast Refresh] done in 51ms @ http://localhost:3000/_next/static/chunks/node_modules_next_dist_1e8vcs8._.js:776
[  985096ms] [LOG] [Fast Refresh] done in 51ms @ http://localhost:3000/_next/static/chunks/node_modules_next_dist_1e8vcs8._.js:776
[  985150ms] [LOG] [Fast Refresh] done in 51ms @ http://localhost:3000/_next/static/chunks/node_modules_next_dist_1e8vcs8._.js:776
[  985205ms] [LOG] [Fast Refresh] done in 51ms @ http://localhost:3000/_next/static/chunks/node_modules_next_dist_1e8vcs8._.js:776
[  985252ms] [LOG] [Fast Refresh] done in 51ms @ http://localhost:3000/_next/static/chunks/node_modules_next_dist_1e8vcs8._.js:776
[  985313ms] [LOG] [Fast Refresh] done in 51ms @ http://localhost:3000/_next/static/chunks/node_modules_next_dist_1e8vcs8._.js:776
[  985370ms] [LOG] [Fast Refresh] done in 51ms @ http://localhost:3000/_next/static/chunks/node_modules_next_dist_1e8vcs8._.js:776
[  985425ms] [LOG] [Fast Refresh] done in 51ms @ http://localhost:3000/_next/static/chunks/node_modules_next_dist_1e8vcs8._.js:776
[  985479ms] [LOG] [Fast Refresh] done in 51ms @ http://localhost:3000/_next/static/chunks/node_modules_next_dist_1e8vcs8._.js:776
[  985530ms] [LOG] [Fast Refresh] done in 51ms @ http://localhost:3000/_next/static/chunks/node_modules_next_dist_1e8vcs8._.js:776
[  985586ms] [LOG] [Fast Refresh] done in 51ms @ http://localhost:3000/_next/static/chunks/node_modules_next_dist_1e8vcs8._.js:776
[  985642ms] [LOG] [Fast Refresh] done in 51ms @ http://localhost:3000/_next/static/chunks/node_modules_next_dist_1e8vcs8._.js:776
[  985692ms] [LOG] [Fast Refresh] done in 51ms @ http://localhost:3000/_next/static/chunks/node_modules_next_dist_1e8vcs8._.js:776
[  985751ms] [LOG] [Fast Refresh] done in 51ms @ http://localhost:3000/_next/static/chunks/node_modules_next_dist_1e8vcs8._.js:776
[  985813ms] [LOG] [Fast Refresh] done in 51ms @ http://localhost:3000/_next/static/chunks/node_modules_next_dist_1e8vcs8._.js:776
[  985871ms] [LOG] [Fast Refresh] done in 51ms @ http://localhost:3000/_next/static/chunks/node_modules_next_dist_1e8vcs8._.js:776
[  985928ms] [LOG] [Fast Refresh] done in 51ms @ http://localhost:3000/_next/static/chunks/node_modules_next_dist_1e8vcs8._.js:776
[  985977ms] [LOG] [Fast Refresh] done in 51ms @ http://localhost:3000/_next/static/chunks/node_modules_next_dist_1e8vcs8._.js:776
[  986038ms] [LOG] [Fast Refresh] done in 51ms @ http://localhost:3000/_next/static/chunks/node_modules_next_dist_1e8vcs8._.js:776
[  986097ms] [LOG] [Fast Refresh] done in 51ms @ http://localhost:3000/_next/static/chunks/node_modules_next_dist_1e8vcs8._.js:776
[  986160ms] [LOG] [Fast Refresh] done in 51ms @ http://localhost:3000/_next/static/chunks/node_modules_next_dist_1e8vcs8._.js:776
[  986226ms] [LOG] [Fast Refresh] done in 51ms @ http://localhost:3000/_next/static/chunks/node_modules_next_dist_1e8vcs8._.js:776
[  986279ms] [LOG] [Fast Refresh] done in 51ms @ http://localhost:3000/_next/static/chunks/node_modules_next_dist_1e8vcs8._.js:776
[  986333ms] [LOG] [Fast Refresh] done in 51ms @ http://localhost:3000/_next/static/chunks/node_modules_next_dist_1e8vcs8._.js:776
[  986383ms] [LOG] [Fast Refresh] done in 51ms @ http://localhost:3000/_next/static/chunks/node_modules_next_dist_1e8vcs8._.js:776
[  986441ms] [LOG] [Fast Refresh] done in 51ms @ http://localhost:3000/_next/static/chunks/node_modules_next_dist_1e8vcs8._.js:776
[  986495ms] [LOG] [Fast Refresh] done in 51ms @ http://localhost:3000/_next/static/chunks/node_modules_next_dist_1e8vcs8._.js:776
[  986550ms] [LOG] [Fast Refresh] done in 51ms @ http://localhost:3000/_next/static/chunks/node_modules_next_dist_1e8vcs8._.js:776
[  986608ms] [LOG] [Fast Refresh] done in 51ms @ http://localhost:3000/_next/static/chunks/node_modules_next_dist_1e8vcs8._.js:776
[  986661ms] [LOG] [Fast Refresh] done in 51ms @ http://localhost:3000/_next/static/chunks/node_modules_next_dist_1e8vcs8._.js:776
[  986719ms] [LOG] [Fast Refresh] done in 51ms @ http://localhost:3000/_next/static/chunks/node_modules_next_dist_1e8vcs8._.js:776
[  986774ms] [LOG] [Fast Refresh] done in 51ms @ http://localhost:3000/_next/static/chunks/node_modules_next_dist_1e8vcs8._.js:776
[  986832ms] [LOG] [Fast Refresh] done in 51ms @ http://localhost:3000/_next/static/chunks/node_modules_next_dist_1e8vcs8._.js:776
[  986895ms] [LOG] [Fast Refresh] done in 51ms @ http://localhost:3000/_next/static/chunks/node_modules_next_dist_1e8vcs8._.js:776
[  986956ms] [LOG] [Fast Refresh] done in 51ms @ http://localhost:3000/_next/static/chunks/node_modules_next_dist_1e8vcs8._.js:776
[  987006ms] [LOG] [Fast Refresh] done in 51ms @ http://localhost:3000/_next/static/chunks/node_modules_next_dist_1e8vcs8._.js:776
[  987053ms] [LOG] [Fast Refresh] done in 51ms @ http://localhost:3000/_next/static/chunks/node_modules_next_dist_1e8vcs8._.js:776
[  987107ms] [LOG] [Fast Refresh] done in 51ms @ http://localhost:3000/_next/static/chunks/node_modules_next_dist_1e8vcs8._.js:776
[  987162ms] [LOG] [Fast Refresh] done in 51ms @ http://localhost:3000/_next/static/chunks/node_modules_next_dist_1e8vcs8._.js:776
[  987223ms] [LOG] [Fast Refresh] done in 51ms @ http://localhost:3000/_next/static/chunks/node_modules_next_dist_1e8vcs8._.js:776
[  987281ms] [LOG] [Fast Refresh] done in 51ms @ http://localhost:3000/_next/static/chunks/node_modules_next_dist_1e8vcs8._.js:776
[  987332ms] [LOG] [Fast Refresh] done in 51ms @ http://localhost:3000/_next/static/chunks/node_modules_next_dist_1e8vcs8._.js:776
[  987389ms] [LOG] [Fast Refresh] done in 51ms @ http://localhost:3000/_next/static/chunks/node_modules_next_dist_1e8vcs8._.js:776
[  987435ms] [LOG] [Fast Refresh] done in 51ms @ http://localhost:3000/_next/static/chunks/node_modules_next_dist_1e8vcs8._.js:776
[  987485ms] [LOG] [Fast Refresh] done in 51ms @ http://localhost:3000/_next/static/chunks/node_modules_next_dist_1e8vcs8._.js:776
[  987548ms] [LOG] [Fast Refresh] done in 51ms @ http://localhost:3000/_next/static/chunks/node_modules_next_dist_1e8vcs8._.js:776
[  987602ms] [LOG] [Fast Refresh] done in 51ms @ http://localhost:3000/_next/static/chunks/node_modules_next_dist_1e8vcs8._.js:776
[  987657ms] [LOG] [Fast Refresh] done in 51ms @ http://localhost:3000/_next/static/chunks/node_modules_next_dist_1e8vcs8._.js:776
[  987702ms] [LOG] [Fast Refresh] done in 51ms @ http://localhost:3000/_next/static/chunks/node_modules_next_dist_1e8vcs8._.js:776
[  987760ms] [LOG] [Fast Refresh] done in 51ms @ http://localhost:3000/_next/static/chunks/node_modules_next_dist_1e8vcs8._.js:776
[  987822ms] [LOG] [Fast Refresh] done in 51ms @ http://localhost:3000/_next/static/chunks/node_modules_next_dist_1e8vcs8._.js:776
[  987879ms] [LOG] [Fast Refresh] done in 51ms @ http://localhost:3000/_next/static/chunks/node_modules_next_dist_1e8vcs8._.js:776
[  987933ms] [LOG] [Fast Refresh] done in 51ms @ http://localhost:3000/_next/static/chunks/node_modules_next_dist_1e8vcs8._.js:776
[  987988ms] [LOG] [Fast Refresh] done in 51ms @ http://localhost:3000/_next/static/chunks/node_modules_next_dist_1e8vcs8._.js:776
[  988040ms] [LOG] [Fast Refresh] done in 51ms @ http://localhost:3000/_next/static/chunks/node_modules_next_dist_1e8vcs8._.js:776
[  988094ms] [LOG] [Fast Refresh] done in 51ms @ http://localhost:3000/_next/static/chunks/node_modules_next_dist_1e8vcs8._.js:776
[  988155ms] [LOG] [Fast Refresh] done in 51ms @ http://localhost:3000/_next/static/chunks/node_modules_next_dist_1e8vcs8._.js:776
[  988205ms] [LOG] [Fast Refresh] done in 51ms @ http://localhost:3000/_next/static/chunks/node_modules_next_dist_1e8vcs8._.js:776
[  988259ms] [LOG] [Fast Refresh] done in 51ms @ http://localhost:3000/_next/static/chunks/node_modules_next_dist_1e8vcs8._.js:776
[  988317ms] [LOG] [Fast Refresh] done in 51ms @ http://localhost:3000/_next/static/chunks/node_modules_next_dist_1e8vcs8._.js:776
[  988376ms] [LOG] [Fast Refresh] done in 51ms @ http://localhost:3000/_next/static/chunks/node_modules_next_dist_1e8vcs8._.js:776
[  988435ms] [LOG] [Fast Refresh] done in 51ms @ http://localhost:3000/_next/static/chunks/node_modules_next_dist_1e8vcs8._.js:776
[  988493ms] [LOG] [Fast Refresh] done in 51ms @ http://localhost:3000/_next/static/chunks/node_modules_next_dist_1e8vcs8._.js:776
[  988548ms] [LOG] [Fast Refresh] done in 51ms @ http://localhost:3000/_next/static/chunks/node_modules_next_dist_1e8vcs8._.js:776
[  988606ms] [LOG] [Fast Refresh] done in 51ms @ http://localhost:3000/_next/static/chunks/node_modules_next_dist_1e8vcs8._.js:776
[  988661ms] [LOG] [Fast Refresh] done in 51ms @ http://localhost:3000/_next/static/chunks/node_modules_next_dist_1e8vcs8._.js:776
[  988716ms] [LOG] [Fast Refresh] done in 51ms @ http://localhost:3000/_next/static/chunks/node_modules_next_dist_1e8vcs8._.js:776
[  988771ms] [LOG] [Fast Refresh] done in 51ms @ http://localhost:3000/_next/static/chunks/node_modules_next_dist_1e8vcs8._.js:776
[  988826ms] [LOG] [Fast Refresh] done in 51ms @ http://localhost:3000/_next/static/chunks/node_modules_next_dist_1e8vcs8._.js:776
[  988877ms] [LOG] [Fast Refresh] done in 51ms @ http://localhost:3000/_next/static/chunks/node_modules_next_dist_1e8vcs8._.js:776
[  988936ms] [LOG] [Fast Refresh] done in 51ms @ http://localhost:3000/_next/static/chunks/node_modules_next_dist_1e8vcs8._.js:776
[  988999ms] [LOG] [Fast Refresh] done in 51ms @ http://localhost:3000/_next/static/chunks/node_modules_next_dist_1e8vcs8._.js:776
[  989044ms] [LOG] [Fast Refresh] done in 51ms @ http://localhost:3000/_next/static/chunks/node_modules_next_dist_1e8vcs8._.js:776
[  989104ms] [LOG] [Fast Refresh] done in 51ms @ http://localhost:3000/_next/static/chunks/node_modules_next_dist_1e8vcs8._.js:776
[  989166ms] [LOG] [Fast Refresh] done in 51ms @ http://localhost:3000/_next/static/chunks/node_modules_next_dist_1e8vcs8._.js:776
[  989218ms] [LOG] [Fast Refresh] done in 51ms @ http://localhost:3000/_next/static/chunks/node_modules_next_dist_1e8vcs8._.js:776
[  989267ms] [LOG] [Fast Refresh] done in 51ms @ http://localhost:3000/_next/static/chunks/node_modules_next_dist_1e8vcs8._.js:776
[  989326ms] [LOG] [Fast Refresh] done in 51ms @ http://localhost:3000/_next/static/chunks/node_modules_next_dist_1e8vcs8._.js:776
[  989381ms] [LOG] [Fast Refresh] done in 51ms @ http://localhost:3000/_next/static/chunks/node_modules_next_dist_1e8vcs8._.js:776
[  989434ms] [LOG] [Fast Refresh] done in 51ms @ http://localhost:3000/_next/static/chunks/node_modules_next_dist_1e8vcs8._.js:776
[  989487ms] [LOG] [Fast Refresh] done in 51ms @ http://localhost:3000/_next/static/chunks/node_modules_next_dist_1e8vcs8._.js:776
[  989541ms] [LOG] [Fast Refresh] done in 51ms @ http://localhost:3000/_next/static/chunks/node_modules_next_dist_1e8vcs8._.js:776
[  989600ms] [LOG] [Fast Refresh] done in 51ms @ http://localhost:3000/_next/static/chunks/node_modules_next_dist_1e8vcs8._.js:776
[  989657ms] [LOG] [Fast Refresh] done in 51ms @ http://localhost:3000/_next/static/chunks/node_modules_next_dist_1e8vcs8._.js:776
[  989716ms] [LOG] [Fast Refresh] done in 51ms @ http://localhost:3000/_next/static/chunks/node_modules_next_dist_1e8vcs8._.js:776
[  989772ms] [LOG] [Fast Refresh] done in 51ms @ http://localhost:3000/_next/static/chunks/node_modules_next_dist_1e8vcs8._.js:776
[  989831ms] [LOG] [Fast Refresh] done in 51ms @ http://localhost:3000/_next/static/chunks/node_modules_next_dist_1e8vcs8._.js:776
[  989880ms] [LOG] [Fast Refresh] done in 51ms @ http://localhost:3000/_next/static/chunks/node_modules_next_dist_1e8vcs8._.js:776
[  989934ms] [LOG] [Fast Refresh] done in 51ms @ http://localhost:3000/_next/static/chunks/node_modules_next_dist_1e8vcs8._.js:776
[  989988ms] [LOG] [Fast Refresh] done in 51ms @ http://localhost:3000/_next/static/chunks/node_modules_next_dist_1e8vcs8._.js:776
[  990046ms] [LOG] [Fast Refresh] done in 51ms @ http://localhost:3000/_next/static/chunks/node_modules_next_dist_1e8vcs8._.js:776
[  990098ms] [LOG] [Fast Refresh] done in 51ms @ http://localhost:3000/_next/static/chunks/node_modules_next_dist_1e8vcs8._.js:776
[  990153ms] [LOG] [Fast Refresh] done in 51ms @ http://localhost:3000/_next/static/chunks/node_modules_next_dist_1e8vcs8._.js:776
[  990204ms] [LOG] [Fast Refresh] done in 51ms @ http://localhost:3000/_next/static/chunks/node_modules_next_dist_1e8vcs8._.js:776
[  990263ms] [LOG] [Fast Refresh] done in 51ms @ http://localhost:3000/_next/static/chunks/node_modules_next_dist_1e8vcs8._.js:776
[  990309ms] [LOG] [Fast Refresh] done in 51ms @ http://localhost:3000/_next/static/chunks/node_modules_next_dist_1e8vcs8._.js:776
[  990367ms] [LOG] [Fast Refresh] done in 51ms @ http://localhost:3000/_next/static/chunks/node_modules_next_dist_1e8vcs8._.js:776
[  990423ms] [LOG] [Fast Refresh] done in 51ms @ http://localhost:3000/_next/static/chunks/node_modules_next_dist_1e8vcs8._.js:776
[  990477ms] [LOG] [Fast Refresh] done in 51ms @ http://localhost:3000/_next/static/chunks/node_modules_next_dist_1e8vcs8._.js:776
[  990531ms] [LOG] [Fast Refresh] done in 51ms @ http://localhost:3000/_next/static/chunks/node_modules_next_dist_1e8vcs8._.js:776
[  990586ms] [LOG] [Fast Refresh] done in 51ms @ http://localhost:3000/_next/static/chunks/node_modules_next_dist_1e8vcs8._.js:776
[  990636ms] [LOG] [Fast Refresh] done in 51ms @ http://localhost:3000/_next/static/chunks/node_modules_next_dist_1e8vcs8._.js:776
[  990694ms] [LOG] [Fast Refresh] done in 51ms @ http://localhost:3000/_next/static/chunks/node_modules_next_dist_1e8vcs8._.js:776
[  990750ms] [LOG] [Fast Refresh] done in 51ms @ http://localhost:3000/_next/static/chunks/node_modules_next_dist_1e8vcs8._.js:776
[  990807ms] [LOG] [Fast Refresh] done in 51ms @ http://localhost:3000/_next/static/chunks/node_modules_next_dist_1e8vcs8._.js:776
[  990866ms] [LOG] [Fast Refresh] done in 51ms @ http://localhost:3000/_next/static/chunks/node_modules_next_dist_1e8vcs8._.js:776
[  990920ms] [LOG] [Fast Refresh] done in 51ms @ http://localhost:3000/_next/static/chunks/node_modules_next_dist_1e8vcs8._.js:776
[  990970ms] [LOG] [Fast Refresh] done in 51ms @ http://localhost:3000/_next/static/chunks/node_modules_next_dist_1e8vcs8._.js:776
[  991028ms] [LOG] [Fast Refresh] done in 51ms @ http://localhost:3000/_next/static/chunks/node_modules_next_dist_1e8vcs8._.js:776
[  991082ms] [LOG] [Fast Refresh] done in 51ms @ http://localhost:3000/_next/static/chunks/node_modules_next_dist_1e8vcs8._.js:776
[  991139ms] [LOG] [Fast Refresh] done in 51ms @ http://localhost:3000/_next/static/chunks/node_modules_next_dist_1e8vcs8._.js:776
[  991194ms] [LOG] [Fast Refresh] done in 51ms @ http://localhost:3000/_next/static/chunks/node_modules_next_dist_1e8vcs8._.js:776
[  991258ms] [LOG] [Fast Refresh] done in 51ms @ http://localhost:3000/_next/static/chunks/node_modules_next_dist_1e8vcs8._.js:776
[  991320ms] [LOG] [Fast Refresh] done in 51ms @ http://localhost:3000/_next/static/chunks/node_modules_next_dist_1e8vcs8._.js:776
[  991369ms] [LOG] [Fast Refresh] done in 51ms @ http://localhost:3000/_next/static/chunks/node_modules_next_dist_1e8vcs8._.js:776
[  991429ms] [LOG] [Fast Refresh] done in 51ms @ http://localhost:3000/_next/static/chunks/node_modules_next_dist_1e8vcs8._.js:776
[  991486ms] [LOG] [Fast Refresh] done in 51ms @ http://localhost:3000/_next/static/chunks/node_modules_next_dist_1e8vcs8._.js:776
[  991538ms] [LOG] [Fast Refresh] done in 51ms @ http://localhost:3000/_next/static/chunks/node_modules_next_dist_1e8vcs8._.js:776
[  991592ms] [LOG] [Fast Refresh] done in 51ms @ http://localhost:3000/_next/static/chunks/node_modules_next_dist_1e8vcs8._.js:776
[  991650ms] [LOG] [Fast Refresh] done in 51ms @ http://localhost:3000/_next/static/chunks/node_modules_next_dist_1e8vcs8._.js:776
[  991721ms] [LOG] [Fast Refresh] done in 51ms @ http://localhost:3000/_next/static/chunks/node_modules_next_dist_1e8vcs8._.js:776
[  991786ms] [LOG] [Fast Refresh] done in 51ms @ http://localhost:3000/_next/static/chunks/node_modules_next_dist_1e8vcs8._.js:776
[  991837ms] [LOG] [Fast Refresh] done in 51ms @ http://localhost:3000/_next/static/chunks/node_modules_next_dist_1e8vcs8._.js:776
[  991895ms] [LOG] [Fast Refresh] done in 51ms @ http://localhost:3000/_next/static/chunks/node_modules_next_dist_1e8vcs8._.js:776
[  991957ms] [LOG] [Fast Refresh] done in 51ms @ http://localhost:3000/_next/static/chunks/node_modules_next_dist_1e8vcs8._.js:776
[  992012ms] [LOG] [Fast Refresh] done in 51ms @ http://localhost:3000/_next/static/chunks/node_modules_next_dist_1e8vcs8._.js:776
[  992074ms] [LOG] [Fast Refresh] done in 51ms @ http://localhost:3000/_next/static/chunks/node_modules_next_dist_1e8vcs8._.js:776
[  992130ms] [LOG] [Fast Refresh] done in 51ms @ http://localhost:3000/_next/static/chunks/node_modules_next_dist_1e8vcs8._.js:776
[  992191ms] [LOG] [Fast Refresh] done in 51ms @ http://localhost:3000/_next/static/chunks/node_modules_next_dist_1e8vcs8._.js:776
[  992236ms] [LOG] [Fast Refresh] done in 51ms @ http://localhost:3000/_next/static/chunks/node_modules_next_dist_1e8vcs8._.js:776
[  992297ms] [LOG] [Fast Refresh] done in 51ms @ http://localhost:3000/_next/static/chunks/node_modules_next_dist_1e8vcs8._.js:776
[  992351ms] [LOG] [Fast Refresh] done in 51ms @ http://localhost:3000/_next/static/chunks/node_modules_next_dist_1e8vcs8._.js:776
[  992409ms] [LOG] [Fast Refresh] done in 51ms @ http://localhost:3000/_next/static/chunks/node_modules_next_dist_1e8vcs8._.js:776
[  992471ms] [LOG] [Fast Refresh] done in 51ms @ http://localhost:3000/_next/static/chunks/node_modules_next_dist_1e8vcs8._.js:776
[  992529ms] [LOG] [Fast Refresh] done in 51ms @ http://localhost:3000/_next/static/chunks/node_modules_next_dist_1e8vcs8._.js:776
[  992580ms] [LOG] [Fast Refresh] done in 51ms @ http://localhost:3000/_next/static/chunks/node_modules_next_dist_1e8vcs8._.js:776
[  992629ms] [LOG] [Fast Refresh] done in 51ms @ http://localhost:3000/_next/static/chunks/node_modules_next_dist_1e8vcs8._.js:776
[  992683ms] [LOG] [Fast Refresh] done in 51ms @ http://localhost:3000/_next/static/chunks/node_modules_next_dist_1e8vcs8._.js:776
[  992738ms] [LOG] [Fast Refresh] done in 51ms @ http://localhost:3000/_next/static/chunks/node_modules_next_dist_1e8vcs8._.js:776
[  992796ms] [LOG] [Fast Refresh] done in 51ms @ http://localhost:3000/_next/static/chunks/node_modules_next_dist_1e8vcs8._.js:776
[  992841ms] [LOG] [Fast Refresh] done in 51ms @ http://localhost:3000/_next/static/chunks/node_modules_next_dist_1e8vcs8._.js:776
[  992900ms] [LOG] [Fast Refresh] done in 51ms @ http://localhost:3000/_next/static/chunks/node_modules_next_dist_1e8vcs8._.js:776
[  992961ms] [LOG] [Fast Refresh] done in 51ms @ http://localhost:3000/_next/static/chunks/node_modules_next_dist_1e8vcs8._.js:776
[  993019ms] [LOG] [Fast Refresh] done in 51ms @ http://localhost:3000/_next/static/chunks/node_modules_next_dist_1e8vcs8._.js:776
[  993070ms] [LOG] [Fast Refresh] done in 51ms @ http://localhost:3000/_next/static/chunks/node_modules_next_dist_1e8vcs8._.js:776
[  993120ms] [LOG] [Fast Refresh] done in 51ms @ http://localhost:3000/_next/static/chunks/node_modules_next_dist_1e8vcs8._.js:776
[  993175ms] [LOG] [Fast Refresh] done in 51ms @ http://localhost:3000/_next/static/chunks/node_modules_next_dist_1e8vcs8._.js:776
[  993228ms] [LOG] [Fast Refresh] done in 51ms @ http://localhost:3000/_next/static/chunks/node_modules_next_dist_1e8vcs8._.js:776
[  993274ms] [LOG] [Fast Refresh] done in 51ms @ http://localhost:3000/_next/static/chunks/node_modules_next_dist_1e8vcs8._.js:776
[  993329ms] [LOG] [Fast Refresh] done in 51ms @ http://localhost:3000/_next/static/chunks/node_modules_next_dist_1e8vcs8._.js:776
[  993382ms] [LOG] [Fast Refresh] done in 51ms @ http://localhost:3000/_next/static/chunks/node_modules_next_dist_1e8vcs8._.js:776
[  993428ms] [LOG] [Fast Refresh] done in 51ms @ http://localhost:3000/_next/static/chunks/node_modules_next_dist_1e8vcs8._.js:776
[  993486ms] [LOG] [Fast Refresh] done in 51ms @ http://localhost:3000/_next/static/chunks/node_modules_next_dist_1e8vcs8._.js:776
[  993535ms] [LOG] [Fast Refresh] done in 51ms @ http://localhost:3000/_next/static/chunks/node_modules_next_dist_1e8vcs8._.js:776
[  993592ms] [LOG] [Fast Refresh] done in 51ms @ http://localhost:3000/_next/static/chunks/node_modules_next_dist_1e8vcs8._.js:776
[  993641ms] [LOG] [Fast Refresh] done in 51ms @ http://localhost:3000/_next/static/chunks/node_modules_next_dist_1e8vcs8._.js:776
[  993688ms] [LOG] [Fast Refresh] done in 51ms @ http://localhost:3000/_next/static/chunks/node_modules_next_dist_1e8vcs8._.js:776
[  993751ms] [LOG] [Fast Refresh] done in 51ms @ http://localhost:3000/_next/static/chunks/node_modules_next_dist_1e8vcs8._.js:776
[  993801ms] [LOG] [Fast Refresh] done in 51ms @ http://localhost:3000/_next/static/chunks/node_modules_next_dist_1e8vcs8._.js:776
[  993850ms] [LOG] [Fast Refresh] done in 51ms @ http://localhost:3000/_next/static/chunks/node_modules_next_dist_1e8vcs8._.js:776
[  993908ms] [LOG] [Fast Refresh] done in 51ms @ http://localhost:3000/_next/static/chunks/node_modules_next_dist_1e8vcs8._.js:776
[  993954ms] [LOG] [Fast Refresh] done in 51ms @ http://localhost:3000/_next/static/chunks/node_modules_next_dist_1e8vcs8._.js:776
[  994011ms] [LOG] [Fast Refresh] done in 51ms @ http://localhost:3000/_next/static/chunks/node_modules_next_dist_1e8vcs8._.js:776
[  994074ms] [LOG] [Fast Refresh] done in 51ms @ http://localhost:3000/_next/static/chunks/node_modules_next_dist_1e8vcs8._.js:776
[  994135ms] [LOG] [Fast Refresh] done in 51ms @ http://localhost:3000/_next/static/chunks/node_modules_next_dist_1e8vcs8._.js:776
[  994195ms] [LOG] [Fast Refresh] done in 51ms @ http://localhost:3000/_next/static/chunks/node_modules_next_dist_1e8vcs8._.js:776
[  994257ms] [LOG] [Fast Refresh] done in 51ms @ http://localhost:3000/_next/static/chunks/node_modules_next_dist_1e8vcs8._.js:776
[  994312ms] [LOG] [Fast Refresh] done in 51ms @ http://localhost:3000/_next/static/chunks/node_modules_next_dist_1e8vcs8._.js:776
[  994361ms] [LOG] [Fast Refresh] done in 51ms @ http://localhost:3000/_next/static/chunks/node_modules_next_dist_1e8vcs8._.js:776
[  994416ms] [LOG] [Fast Refresh] done in 51ms @ http://localhost:3000/_next/static/chunks/node_modules_next_dist_1e8vcs8._.js:776
[  994474ms] [LOG] [Fast Refresh] done in 51ms @ http://localhost:3000/_next/static/chunks/node_modules_next_dist_1e8vcs8._.js:776
[  994525ms] [LOG] [Fast Refresh] done in 51ms @ http://localhost:3000/_next/static/chunks/node_modules_next_dist_1e8vcs8._.js:776
[  994584ms] [LOG] [Fast Refresh] done in 51ms @ http://localhost:3000/_next/static/chunks/node_modules_next_dist_1e8vcs8._.js:776
[  994641ms] [LOG] [Fast Refresh] done in 51ms @ http://localhost:3000/_next/static/chunks/node_modules_next_dist_1e8vcs8._.js:776
[  994692ms] [LOG] [Fast Refresh] done in 51ms @ http://localhost:3000/_next/static/chunks/node_modules_next_dist_1e8vcs8._.js:776
[  994753ms] [LOG] [Fast Refresh] done in 51ms @ http://localhost:3000/_next/static/chunks/node_modules_next_dist_1e8vcs8._.js:776
[  994802ms] [LOG] [Fast Refresh] done in 51ms @ http://localhost:3000/_next/static/chunks/node_modules_next_dist_1e8vcs8._.js:776
[  994861ms] [LOG] [Fast Refresh] done in 51ms @ http://localhost:3000/_next/static/chunks/node_modules_next_dist_1e8vcs8._.js:776
[  994910ms] [LOG] [Fast Refresh] done in 51ms @ http://localhost:3000/_next/static/chunks/node_modules_next_dist_1e8vcs8._.js:776
[  994966ms] [LOG] [Fast Refresh] done in 51ms @ http://localhost:3000/_next/static/chunks/node_modules_next_dist_1e8vcs8._.js:776
[  995009ms] [LOG] [Fast Refresh] done in 51ms @ http://localhost:3000/_next/static/chunks/node_modules_next_dist_1e8vcs8._.js:776
[  995063ms] [LOG] [Fast Refresh] done in 51ms @ http://localhost:3000/_next/static/chunks/node_modules_next_dist_1e8vcs8._.js:776
[  995114ms] [LOG] [Fast Refresh] done in 51ms @ http://localhost:3000/_next/static/chunks/node_modules_next_dist_1e8vcs8._.js:776
[  995162ms] [LOG] [Fast Refresh] done in 51ms @ http://localhost:3000/_next/static/chunks/node_modules_next_dist_1e8vcs8._.js:776
[  995212ms] [LOG] [Fast Refresh] done in 51ms @ http://localhost:3000/_next/static/chunks/node_modules_next_dist_1e8vcs8._.js:776
[  995272ms] [LOG] [Fast Refresh] done in 51ms @ http://localhost:3000/_next/static/chunks/node_modules_next_dist_1e8vcs8._.js:776
[  995326ms] [LOG] [Fast Refresh] done in 51ms @ http://localhost:3000/_next/static/chunks/node_modules_next_dist_1e8vcs8._.js:776
[  995383ms] [LOG] [Fast Refresh] done in 51ms @ http://localhost:3000/_next/static/chunks/node_modules_next_dist_1e8vcs8._.js:776
[  995445ms] [LOG] [Fast Refresh] done in 51ms @ http://localhost:3000/_next/static/chunks/node_modules_next_dist_1e8vcs8._.js:776
[  995495ms] [LOG] [Fast Refresh] done in 51ms @ http://localhost:3000/_next/static/chunks/node_modules_next_dist_1e8vcs8._.js:776
[  995550ms] [LOG] [Fast Refresh] done in 51ms @ http://localhost:3000/_next/static/chunks/node_modules_next_dist_1e8vcs8._.js:776
[  995608ms] [LOG] [Fast Refresh] done in 51ms @ http://localhost:3000/_next/static/chunks/node_modules_next_dist_1e8vcs8._.js:776
[  995662ms] [LOG] [Fast Refresh] done in 51ms @ http://localhost:3000/_next/static/chunks/node_modules_next_dist_1e8vcs8._.js:776
[  995717ms] [LOG] [Fast Refresh] done in 51ms @ http://localhost:3000/_next/static/chunks/node_modules_next_dist_1e8vcs8._.js:776
[  995780ms] [LOG] [Fast Refresh] done in 51ms @ http://localhost:3000/_next/static/chunks/node_modules_next_dist_1e8vcs8._.js:776
[  995834ms] [LOG] [Fast Refresh] done in 51ms @ http://localhost:3000/_next/static/chunks/node_modules_next_dist_1e8vcs8._.js:776
[  995895ms] [LOG] [Fast Refresh] done in 51ms @ http://localhost:3000/_next/static/chunks/node_modules_next_dist_1e8vcs8._.js:776
[  995948ms] [LOG] [Fast Refresh] done in 51ms @ http://localhost:3000/_next/static/chunks/node_modules_next_dist_1e8vcs8._.js:776
[  995999ms] [LOG] [Fast Refresh] done in 51ms @ http://localhost:3000/_next/static/chunks/node_modules_next_dist_1e8vcs8._.js:776
[  996054ms] [LOG] [Fast Refresh] done in 51ms @ http://localhost:3000/_next/static/chunks/node_modules_next_dist_1e8vcs8._.js:776
[  996109ms] [LOG] [Fast Refresh] done in 51ms @ http://localhost:3000/_next/static/chunks/node_modules_next_dist_1e8vcs8._.js:776
[  996170ms] [LOG] [Fast Refresh] done in 51ms @ http://localhost:3000/_next/static/chunks/node_modules_next_dist_1e8vcs8._.js:776
[  996225ms] [LOG] [Fast Refresh] done in 51ms @ http://localhost:3000/_next/static/chunks/node_modules_next_dist_1e8vcs8._.js:776
[  996280ms] [LOG] [Fast Refresh] done in 51ms @ http://localhost:3000/_next/static/chunks/node_modules_next_dist_1e8vcs8._.js:776
[  996339ms] [LOG] [Fast Refresh] done in 51ms @ http://localhost:3000/_next/static/chunks/node_modules_next_dist_1e8vcs8._.js:776
[  996393ms] [LOG] [Fast Refresh] done in 51ms @ http://localhost:3000/_next/static/chunks/node_modules_next_dist_1e8vcs8._.js:776
[  996448ms] [LOG] [Fast Refresh] done in 51ms @ http://localhost:3000/_next/static/chunks/node_modules_next_dist_1e8vcs8._.js:776
[  996506ms] [LOG] [Fast Refresh] done in 51ms @ http://localhost:3000/_next/static/chunks/node_modules_next_dist_1e8vcs8._.js:776
[  996562ms] [LOG] [Fast Refresh] done in 51ms @ http://localhost:3000/_next/static/chunks/node_modules_next_dist_1e8vcs8._.js:776
[  996618ms] [LOG] [Fast Refresh] done in 51ms @ http://localhost:3000/_next/static/chunks/node_modules_next_dist_1e8vcs8._.js:776
[  996667ms] [LOG] [Fast Refresh] done in 51ms @ http://localhost:3000/_next/static/chunks/node_modules_next_dist_1e8vcs8._.js:776
[  996713ms] [LOG] [Fast Refresh] done in 51ms @ http://localhost:3000/_next/static/chunks/node_modules_next_dist_1e8vcs8._.js:776
[  996772ms] [LOG] [Fast Refresh] done in 51ms @ http://localhost:3000/_next/static/chunks/node_modules_next_dist_1e8vcs8._.js:776
[  996824ms] [LOG] [Fast Refresh] done in 51ms @ http://localhost:3000/_next/static/chunks/node_modules_next_dist_1e8vcs8._.js:776
[  996881ms] [LOG] [Fast Refresh] done in 51ms @ http://localhost:3000/_next/static/chunks/node_modules_next_dist_1e8vcs8._.js:776
[  996935ms] [LOG] [Fast Refresh] done in 51ms @ http://localhost:3000/_next/static/chunks/node_modules_next_dist_1e8vcs8._.js:776
[  996981ms] [LOG] [Fast Refresh] done in 51ms @ http://localhost:3000/_next/static/chunks/node_modules_next_dist_1e8vcs8._.js:776
[  997027ms] [LOG] [Fast Refresh] done in 51ms @ http://localhost:3000/_next/static/chunks/node_modules_next_dist_1e8vcs8._.js:776
[  997072ms] [LOG] [Fast Refresh] done in 51ms @ http://localhost:3000/_next/static/chunks/node_modules_next_dist_1e8vcs8._.js:776
[  997127ms] [LOG] [Fast Refresh] done in 51ms @ http://localhost:3000/_next/static/chunks/node_modules_next_dist_1e8vcs8._.js:776
[  997178ms] [LOG] [Fast Refresh] done in 51ms @ http://localhost:3000/_next/static/chunks/node_modules_next_dist_1e8vcs8._.js:776
[  997227ms] [LOG] [Fast Refresh] done in 51ms @ http://localhost:3000/_next/static/chunks/node_modules_next_dist_1e8vcs8._.js:776
[  997278ms] [LOG] [Fast Refresh] done in 51ms @ http://localhost:3000/_next/static/chunks/node_modules_next_dist_1e8vcs8._.js:776
[  997333ms] [LOG] [Fast Refresh] done in 51ms @ http://localhost:3000/_next/static/chunks/node_modules_next_dist_1e8vcs8._.js:776
[  997386ms] [LOG] [Fast Refresh] done in 51ms @ http://localhost:3000/_next/static/chunks/node_modules_next_dist_1e8vcs8._.js:776
[  997436ms] [LOG] [Fast Refresh] done in 51ms @ http://localhost:3000/_next/static/chunks/node_modules_next_dist_1e8vcs8._.js:776
[  997491ms] [LOG] [Fast Refresh] done in 51ms @ http://localhost:3000/_next/static/chunks/node_modules_next_dist_1e8vcs8._.js:776
[  997540ms] [LOG] [Fast Refresh] done in 51ms @ http://localhost:3000/_next/static/chunks/node_modules_next_dist_1e8vcs8._.js:776
[  997604ms] [LOG] [Fast Refresh] done in 51ms @ http://localhost:3000/_next/static/chunks/node_modules_next_dist_1e8vcs8._.js:776
[  997666ms] [LOG] [Fast Refresh] done in 51ms @ http://localhost:3000/_next/static/chunks/node_modules_next_dist_1e8vcs8._.js:776
[  997716ms] [LOG] [Fast Refresh] done in 51ms @ http://localhost:3000/_next/static/chunks/node_modules_next_dist_1e8vcs8._.js:776
[  997778ms] [LOG] [Fast Refresh] done in 51ms @ http://localhost:3000/_next/static/chunks/node_modules_next_dist_1e8vcs8._.js:776
[  997832ms] [LOG] [Fast Refresh] done in 51ms @ http://localhost:3000/_next/static/chunks/node_modules_next_dist_1e8vcs8._.js:776
[  997890ms] [LOG] [Fast Refresh] done in 51ms @ http://localhost:3000/_next/static/chunks/node_modules_next_dist_1e8vcs8._.js:776
[  997945ms] [LOG] [Fast Refresh] done in 51ms @ http://localhost:3000/_next/static/chunks/node_modules_next_dist_1e8vcs8._.js:776
[  997991ms] [LOG] [Fast Refresh] done in 51ms @ http://localhost:3000/_next/static/chunks/node_modules_next_dist_1e8vcs8._.js:776
[  998050ms] [LOG] [Fast Refresh] done in 51ms @ http://localhost:3000/_next/static/chunks/node_modules_next_dist_1e8vcs8._.js:776
[  998104ms] [LOG] [Fast Refresh] done in 51ms @ http://localhost:3000/_next/static/chunks/node_modules_next_dist_1e8vcs8._.js:776
[  998157ms] [LOG] [Fast Refresh] done in 51ms @ http://localhost:3000/_next/static/chunks/node_modules_next_dist_1e8vcs8._.js:776
[  998211ms] [LOG] [Fast Refresh] done in 51ms @ http://localhost:3000/_next/static/chunks/node_modules_next_dist_1e8vcs8._.js:776
[  998261ms] [LOG] [Fast Refresh] done in 51ms @ http://localhost:3000/_next/static/chunks/node_modules_next_dist_1e8vcs8._.js:776
[  998320ms] [LOG] [Fast Refresh] done in 51ms @ http://localhost:3000/_next/static/chunks/node_modules_next_dist_1e8vcs8._.js:776
[  998374ms] [LOG] [Fast Refresh] done in 51ms @ http://localhost:3000/_next/static/chunks/node_modules_next_dist_1e8vcs8._.js:776
[  998425ms] [LOG] [Fast Refresh] done in 51ms @ http://localhost:3000/_next/static/chunks/node_modules_next_dist_1e8vcs8._.js:776
[  998479ms] [LOG] [Fast Refresh] done in 51ms @ http://localhost:3000/_next/static/chunks/node_modules_next_dist_1e8vcs8._.js:776
[  998526ms] [LOG] [Fast Refresh] done in 51ms @ http://localhost:3000/_next/static/chunks/node_modules_next_dist_1e8vcs8._.js:776
[  998583ms] [LOG] [Fast Refresh] done in 51ms @ http://localhost:3000/_next/static/chunks/node_modules_next_dist_1e8vcs8._.js:776
[  998641ms] [LOG] [Fast Refresh] done in 51ms @ http://localhost:3000/_next/static/chunks/node_modules_next_dist_1e8vcs8._.js:776
[  998692ms] [LOG] [Fast Refresh] done in 51ms @ http://localhost:3000/_next/static/chunks/node_modules_next_dist_1e8vcs8._.js:776
[  998750ms] [LOG] [Fast Refresh] done in 51ms @ http://localhost:3000/_next/static/chunks/node_modules_next_dist_1e8vcs8._.js:776
[  998808ms] [LOG] [Fast Refresh] done in 51ms @ http://localhost:3000/_next/static/chunks/node_modules_next_dist_1e8vcs8._.js:776
[  998865ms] [LOG] [Fast Refresh] done in 51ms @ http://localhost:3000/_next/static/chunks/node_modules_next_dist_1e8vcs8._.js:776
[  998921ms] [LOG] [Fast Refresh] done in 51ms @ http://localhost:3000/_next/static/chunks/node_modules_next_dist_1e8vcs8._.js:776
[  998982ms] [LOG] [Fast Refresh] done in 51ms @ http://localhost:3000/_next/static/chunks/node_modules_next_dist_1e8vcs8._.js:776
[  999039ms] [LOG] [Fast Refresh] done in 51ms @ http://localhost:3000/_next/static/chunks/node_modules_next_dist_1e8vcs8._.js:776
[  999098ms] [LOG] [Fast Refresh] done in 51ms @ http://localhost:3000/_next/static/chunks/node_modules_next_dist_1e8vcs8._.js:776
[  999151ms] [LOG] [Fast Refresh] done in 51ms @ http://localhost:3000/_next/static/chunks/node_modules_next_dist_1e8vcs8._.js:776
[  999209ms] [LOG] [Fast Refresh] done in 51ms @ http://localhost:3000/_next/static/chunks/node_modules_next_dist_1e8vcs8._.js:776
[  999267ms] [LOG] [Fast Refresh] done in 51ms @ http://localhost:3000/_next/static/chunks/node_modules_next_dist_1e8vcs8._.js:776
[  999321ms] [LOG] [Fast Refresh] done in 51ms @ http://localhost:3000/_next/static/chunks/node_modules_next_dist_1e8vcs8._.js:776
[  999384ms] [LOG] [Fast Refresh] done in 51ms @ http://localhost:3000/_next/static/chunks/node_modules_next_dist_1e8vcs8._.js:776
[  999437ms] [LOG] [Fast Refresh] done in 51ms @ http://localhost:3000/_next/static/chunks/node_modules_next_dist_1e8vcs8._.js:776
[  999483ms] [LOG] [Fast Refresh] done in 51ms @ http://localhost:3000/_next/static/chunks/node_modules_next_dist_1e8vcs8._.js:776
[  999536ms] [LOG] [Fast Refresh] done in 51ms @ http://localhost:3000/_next/static/chunks/node_modules_next_dist_1e8vcs8._.js:776
[  999592ms] [LOG] [Fast Refresh] done in 51ms @ http://localhost:3000/_next/static/chunks/node_modules_next_dist_1e8vcs8._.js:776
[  999650ms] [LOG] [Fast Refresh] done in 51ms @ http://localhost:3000/_next/static/chunks/node_modules_next_dist_1e8vcs8._.js:776
[  999712ms] [LOG] [Fast Refresh] done in 51ms @ http://localhost:3000/_next/static/chunks/node_modules_next_dist_1e8vcs8._.js:776
[  999769ms] [LOG] [Fast Refresh] done in 51ms @ http://localhost:3000/_next/static/chunks/node_modules_next_dist_1e8vcs8._.js:776
[  999826ms] [LOG] [Fast Refresh] done in 51ms @ http://localhost:3000/_next/static/chunks/node_modules_next_dist_1e8vcs8._.js:776
[  999881ms] [LOG] [Fast Refresh] done in 51ms @ http://localhost:3000/_next/static/chunks/node_modules_next_dist_1e8vcs8._.js:776
[  999937ms] [LOG] [Fast Refresh] done in 51ms @ http://localhost:3000/_next/static/chunks/node_modules_next_dist_1e8vcs8._.js:776
[  999994ms] [LOG] [Fast Refresh] done in 51ms @ http://localhost:3000/_next/static/chunks/node_modules_next_dist_1e8vcs8._.js:776
[ 1000045ms] [LOG] [Fast Refresh] done in 51ms @ http://localhost:3000/_next/static/chunks/node_modules_next_dist_1e8vcs8._.js:776
[ 1000100ms] [LOG] [Fast Refresh] done in 51ms @ http://localhost:3000/_next/static/chunks/node_modules_next_dist_1e8vcs8._.js:776
[ 1000155ms] [LOG] [Fast Refresh] done in 51ms @ http://localhost:3000/_next/static/chunks/node_modules_next_dist_1e8vcs8._.js:776
[ 1000212ms] [LOG] [Fast Refresh] done in 51ms @ http://localhost:3000/_next/static/chunks/node_modules_next_dist_1e8vcs8._.js:776
[ 1000262ms] [LOG] [Fast Refresh] done in 51ms @ http://localhost:3000/_next/static/chunks/node_modules_next_dist_1e8vcs8._.js:776
[ 1000321ms] [LOG] [Fast Refresh] done in 51ms @ http://localhost:3000/_next/static/chunks/node_modules_next_dist_1e8vcs8._.js:776
[ 1000380ms] [LOG] [Fast Refresh] done in 51ms @ http://localhost:3000/_next/static/chunks/node_modules_next_dist_1e8vcs8._.js:776
[ 1000435ms] [LOG] [Fast Refresh] done in 51ms @ http://localhost:3000/_next/static/chunks/node_modules_next_dist_1e8vcs8._.js:776
[ 1000492ms] [LOG] [Fast Refresh] done in 51ms @ http://localhost:3000/_next/static/chunks/node_modules_next_dist_1e8vcs8._.js:776
[ 1000554ms] [LOG] [Fast Refresh] done in 51ms @ http://localhost:3000/_next/static/chunks/node_modules_next_dist_1e8vcs8._.js:776
[ 1000613ms] [LOG] [Fast Refresh] done in 51ms @ http://localhost:3000/_next/static/chunks/node_modules_next_dist_1e8vcs8._.js:776
[ 1000664ms] [LOG] [Fast Refresh] done in 51ms @ http://localhost:3000/_next/static/chunks/node_modules_next_dist_1e8vcs8._.js:776
[ 1000723ms] [LOG] [Fast Refresh] done in 51ms @ http://localhost:3000/_next/static/chunks/node_modules_next_dist_1e8vcs8._.js:776
[ 1000779ms] [LOG] [Fast Refresh] done in 51ms @ http://localhost:3000/_next/static/chunks/node_modules_next_dist_1e8vcs8._.js:776
[ 1000824ms] [LOG] [Fast Refresh] done in 51ms @ http://localhost:3000/_next/static/chunks/node_modules_next_dist_1e8vcs8._.js:776
[ 1000884ms] [LOG] [Fast Refresh] done in 51ms @ http://localhost:3000/_next/static/chunks/node_modules_next_dist_1e8vcs8._.js:776
[ 1000942ms] [LOG] [Fast Refresh] done in 51ms @ http://localhost:3000/_next/static/chunks/node_modules_next_dist_1e8vcs8._.js:776
[ 1000991ms] [LOG] [Fast Refresh] done in 51ms @ http://localhost:3000/_next/static/chunks/node_modules_next_dist_1e8vcs8._.js:776
[ 1001049ms] [LOG] [Fast Refresh] done in 51ms @ http://localhost:3000/_next/static/chunks/node_modules_next_dist_1e8vcs8._.js:776
[ 1001094ms] [LOG] [Fast Refresh] done in 51ms @ http://localhost:3000/_next/static/chunks/node_modules_next_dist_1e8vcs8._.js:776
[ 1001144ms] [LOG] [Fast Refresh] done in 51ms @ http://localhost:3000/_next/static/chunks/node_modules_next_dist_1e8vcs8._.js:776
[ 1001204ms] [LOG] [Fast Refresh] done in 51ms @ http://localhost:3000/_next/static/chunks/node_modules_next_dist_1e8vcs8._.js:776
[ 1001262ms] [LOG] [Fast Refresh] done in 51ms @ http://localhost:3000/_next/static/chunks/node_modules_next_dist_1e8vcs8._.js:776
[ 1001312ms] [LOG] [Fast Refresh] done in 51ms @ http://localhost:3000/_next/static/chunks/node_modules_next_dist_1e8vcs8._.js:776
[ 1001376ms] [LOG] [Fast Refresh] done in 51ms @ http://localhost:3000/_next/static/chunks/node_modules_next_dist_1e8vcs8._.js:776
[ 1001433ms] [LOG] [Fast Refresh] done in 51ms @ http://localhost:3000/_next/static/chunks/node_modules_next_dist_1e8vcs8._.js:776
[ 1001490ms] [LOG] [Fast Refresh] done in 51ms @ http://localhost:3000/_next/static/chunks/node_modules_next_dist_1e8vcs8._.js:776
[ 1001536ms] [LOG] [Fast Refresh] done in 51ms @ http://localhost:3000/_next/static/chunks/node_modules_next_dist_1e8vcs8._.js:776
[ 1001594ms] [LOG] [Fast Refresh] done in 51ms @ http://localhost:3000/_next/static/chunks/node_modules_next_dist_1e8vcs8._.js:776
[ 1001648ms] [LOG] [Fast Refresh] done in 51ms @ http://localhost:3000/_next/static/chunks/node_modules_next_dist_1e8vcs8._.js:776
[ 1001698ms] [LOG] [Fast Refresh] done in 51ms @ http://localhost:3000/_next/static/chunks/node_modules_next_dist_1e8vcs8._.js:776
[ 1001757ms] [LOG] [Fast Refresh] done in 51ms @ http://localhost:3000/_next/static/chunks/node_modules_next_dist_1e8vcs8._.js:776
[ 1001806ms] [LOG] [Fast Refresh] done in 51ms @ http://localhost:3000/_next/static/chunks/node_modules_next_dist_1e8vcs8._.js:776
[ 1001860ms] [LOG] [Fast Refresh] done in 51ms @ http://localhost:3000/_next/static/chunks/node_modules_next_dist_1e8vcs8._.js:776
[ 1001918ms] [LOG] [Fast Refresh] done in 51ms @ http://localhost:3000/_next/static/chunks/node_modules_next_dist_1e8vcs8._.js:776
[ 1001977ms] [LOG] [Fast Refresh] done in 51ms @ http://localhost:3000/_next/static/chunks/node_modules_next_dist_1e8vcs8._.js:776
[ 1002034ms] [LOG] [Fast Refresh] done in 51ms @ http://localhost:3000/_next/static/chunks/node_modules_next_dist_1e8vcs8._.js:776
[ 1002089ms] [LOG] [Fast Refresh] done in 51ms @ http://localhost:3000/_next/static/chunks/node_modules_next_dist_1e8vcs8._.js:776
[ 1002147ms] [LOG] [Fast Refresh] done in 51ms @ http://localhost:3000/_next/static/chunks/node_modules_next_dist_1e8vcs8._.js:776
[ 1002193ms] [LOG] [Fast Refresh] done in 51ms @ http://localhost:3000/_next/static/chunks/node_modules_next_dist_1e8vcs8._.js:776
[ 1002255ms] [LOG] [Fast Refresh] done in 51ms @ http://localhost:3000/_next/static/chunks/node_modules_next_dist_1e8vcs8._.js:776
[ 1002313ms] [LOG] [Fast Refresh] done in 51ms @ http://localhost:3000/_next/static/chunks/node_modules_next_dist_1e8vcs8._.js:776
[ 1002375ms] [LOG] [Fast Refresh] done in 51ms @ http://localhost:3000/_next/static/chunks/node_modules_next_dist_1e8vcs8._.js:776
[ 1002437ms] [LOG] [Fast Refresh] done in 51ms @ http://localhost:3000/_next/static/chunks/node_modules_next_dist_1e8vcs8._.js:776
[ 1002502ms] [LOG] [Fast Refresh] done in 51ms @ http://localhost:3000/_next/static/chunks/node_modules_next_dist_1e8vcs8._.js:776
[ 1002554ms] [LOG] [Fast Refresh] done in 51ms @ http://localhost:3000/_next/static/chunks/node_modules_next_dist_1e8vcs8._.js:776
[ 1002606ms] [LOG] [Fast Refresh] done in 51ms @ http://localhost:3000/_next/static/chunks/node_modules_next_dist_1e8vcs8._.js:776
[ 1002659ms] [LOG] [Fast Refresh] done in 51ms @ http://localhost:3000/_next/static/chunks/node_modules_next_dist_1e8vcs8._.js:776
[ 1002717ms] [LOG] [Fast Refresh] done in 51ms @ http://localhost:3000/_next/static/chunks/node_modules_next_dist_1e8vcs8._.js:776
[ 1002775ms] [LOG] [Fast Refresh] done in 51ms @ http://localhost:3000/_next/static/chunks/node_modules_next_dist_1e8vcs8._.js:776
[ 1002830ms] [LOG] [Fast Refresh] done in 51ms @ http://localhost:3000/_next/static/chunks/node_modules_next_dist_1e8vcs8._.js:776
[ 1002884ms] [LOG] [Fast Refresh] done in 51ms @ http://localhost:3000/_next/static/chunks/node_modules_next_dist_1e8vcs8._.js:776
[ 1002943ms] [LOG] [Fast Refresh] done in 51ms @ http://localhost:3000/_next/static/chunks/node_modules_next_dist_1e8vcs8._.js:776
[ 1002996ms] [LOG] [Fast Refresh] done in 51ms @ http://localhost:3000/_next/static/chunks/node_modules_next_dist_1e8vcs8._.js:776
[ 1003050ms] [LOG] [Fast Refresh] done in 51ms @ http://localhost:3000/_next/static/chunks/node_modules_next_dist_1e8vcs8._.js:776
[ 1003110ms] [LOG] [Fast Refresh] done in 51ms @ http://localhost:3000/_next/static/chunks/node_modules_next_dist_1e8vcs8._.js:776
[ 1003165ms] [LOG] [Fast Refresh] done in 51ms @ http://localhost:3000/_next/static/chunks/node_modules_next_dist_1e8vcs8._.js:776
[ 1003215ms] [LOG] [Fast Refresh] done in 51ms @ http://localhost:3000/_next/static/chunks/node_modules_next_dist_1e8vcs8._.js:776
[ 1003279ms] [LOG] [Fast Refresh] done in 51ms @ http://localhost:3000/_next/static/chunks/node_modules_next_dist_1e8vcs8._.js:776
[ 1003339ms] [LOG] [Fast Refresh] done in 51ms @ http://localhost:3000/_next/static/chunks/node_modules_next_dist_1e8vcs8._.js:776
[ 1003397ms] [LOG] [Fast Refresh] done in 51ms @ http://localhost:3000/_next/static/chunks/node_modules_next_dist_1e8vcs8._.js:776
[ 1003456ms] [LOG] [Fast Refresh] done in 51ms @ http://localhost:3000/_next/static/chunks/node_modules_next_dist_1e8vcs8._.js:776
[ 1003499ms] [LOG] [Fast Refresh] done in 51ms @ http://localhost:3000/_next/static/chunks/node_modules_next_dist_1e8vcs8._.js:776
[ 1003545ms] [LOG] [Fast Refresh] done in 51ms @ http://localhost:3000/_next/static/chunks/node_modules_next_dist_1e8vcs8._.js:776
[ 1003603ms] [LOG] [Fast Refresh] done in 51ms @ http://localhost:3000/_next/static/chunks/node_modules_next_dist_1e8vcs8._.js:776
[ 1003658ms] [LOG] [Fast Refresh] done in 51ms @ http://localhost:3000/_next/static/chunks/node_modules_next_dist_1e8vcs8._.js:776
[ 1003716ms] [LOG] [Fast Refresh] done in 51ms @ http://localhost:3000/_next/static/chunks/node_modules_next_dist_1e8vcs8._.js:776
[ 1003775ms] [LOG] [Fast Refresh] done in 51ms @ http://localhost:3000/_next/static/chunks/node_modules_next_dist_1e8vcs8._.js:776
[ 1003829ms] [LOG] [Fast Refresh] done in 51ms @ http://localhost:3000/_next/static/chunks/node_modules_next_dist_1e8vcs8._.js:776
[ 1003887ms] [LOG] [Fast Refresh] done in 51ms @ http://localhost:3000/_next/static/chunks/node_modules_next_dist_1e8vcs8._.js:776
[ 1003936ms] [LOG] [Fast Refresh] done in 51ms @ http://localhost:3000/_next/static/chunks/node_modules_next_dist_1e8vcs8._.js:776
[ 1003981ms] [LOG] [Fast Refresh] done in 51ms @ http://localhost:3000/_next/static/chunks/node_modules_next_dist_1e8vcs8._.js:776
[ 1004040ms] [LOG] [Fast Refresh] done in 51ms @ http://localhost:3000/_next/static/chunks/node_modules_next_dist_1e8vcs8._.js:776
[ 1004103ms] [LOG] [Fast Refresh] done in 51ms @ http://localhost:3000/_next/static/chunks/node_modules_next_dist_1e8vcs8._.js:776
[ 1004157ms] [LOG] [Fast Refresh] done in 51ms @ http://localhost:3000/_next/static/chunks/node_modules_next_dist_1e8vcs8._.js:776
[ 1004206ms] [LOG] [Fast Refresh] done in 51ms @ http://localhost:3000/_next/static/chunks/node_modules_next_dist_1e8vcs8._.js:776
[ 1004265ms] [LOG] [Fast Refresh] done in 51ms @ http://localhost:3000/_next/static/chunks/node_modules_next_dist_1e8vcs8._.js:776
[ 1004324ms] [LOG] [Fast Refresh] done in 51ms @ http://localhost:3000/_next/static/chunks/node_modules_next_dist_1e8vcs8._.js:776
[ 1004382ms] [LOG] [Fast Refresh] done in 51ms @ http://localhost:3000/_next/static/chunks/node_modules_next_dist_1e8vcs8._.js:776
[ 1004432ms] [LOG] [Fast Refresh] done in 51ms @ http://localhost:3000/_next/static/chunks/node_modules_next_dist_1e8vcs8._.js:776
[ 1004486ms] [LOG] [Fast Refresh] done in 51ms @ http://localhost:3000/_next/static/chunks/node_modules_next_dist_1e8vcs8._.js:776
[ 1004533ms] [LOG] [Fast Refresh] done in 51ms @ http://localhost:3000/_next/static/chunks/node_modules_next_dist_1e8vcs8._.js:776
[ 1004587ms] [LOG] [Fast Refresh] done in 51ms @ http://localhost:3000/_next/static/chunks/node_modules_next_dist_1e8vcs8._.js:776
[ 1004641ms] [LOG] [Fast Refresh] done in 51ms @ http://localhost:3000/_next/static/chunks/node_modules_next_dist_1e8vcs8._.js:776
[ 1004696ms] [LOG] [Fast Refresh] done in 51ms @ http://localhost:3000/_next/static/chunks/node_modules_next_dist_1e8vcs8._.js:776
[ 1004754ms] [LOG] [Fast Refresh] done in 51ms @ http://localhost:3000/_next/static/chunks/node_modules_next_dist_1e8vcs8._.js:776
[ 1004808ms] [LOG] [Fast Refresh] done in 51ms @ http://localhost:3000/_next/static/chunks/node_modules_next_dist_1e8vcs8._.js:776
[ 1004863ms] [LOG] [Fast Refresh] done in 51ms @ http://localhost:3000/_next/static/chunks/node_modules_next_dist_1e8vcs8._.js:776
[ 1004924ms] [LOG] [Fast Refresh] done in 51ms @ http://localhost:3000/_next/static/chunks/node_modules_next_dist_1e8vcs8._.js:776
[ 1004986ms] [LOG] [Fast Refresh] done in 51ms @ http://localhost:3000/_next/static/chunks/node_modules_next_dist_1e8vcs8._.js:776
[ 1005048ms] [LOG] [Fast Refresh] done in 51ms @ http://localhost:3000/_next/static/chunks/node_modules_next_dist_1e8vcs8._.js:776
[ 1005110ms] [LOG] [Fast Refresh] done in 51ms @ http://localhost:3000/_next/static/chunks/node_modules_next_dist_1e8vcs8._.js:776
[ 1005160ms] [LOG] [Fast Refresh] done in 51ms @ http://localhost:3000/_next/static/chunks/node_modules_next_dist_1e8vcs8._.js:776
[ 1005214ms] [LOG] [Fast Refresh] done in 51ms @ http://localhost:3000/_next/static/chunks/node_modules_next_dist_1e8vcs8._.js:776
[ 1005268ms] [LOG] [Fast Refresh] done in 51ms @ http://localhost:3000/_next/static/chunks/node_modules_next_dist_1e8vcs8._.js:776
[ 1005327ms] [LOG] [Fast Refresh] done in 51ms @ http://localhost:3000/_next/static/chunks/node_modules_next_dist_1e8vcs8._.js:776
[ 1005387ms] [LOG] [Fast Refresh] done in 51ms @ http://localhost:3000/_next/static/chunks/node_modules_next_dist_1e8vcs8._.js:776
[ 1005449ms] [LOG] [Fast Refresh] done in 51ms @ http://localhost:3000/_next/static/chunks/node_modules_next_dist_1e8vcs8._.js:776
[ 1005506ms] [LOG] [Fast Refresh] done in 51ms @ http://localhost:3000/_next/static/chunks/node_modules_next_dist_1e8vcs8._.js:776
[ 1005564ms] [LOG] [Fast Refresh] done in 51ms @ http://localhost:3000/_next/static/chunks/node_modules_next_dist_1e8vcs8._.js:776
[ 1005618ms] [LOG] [Fast Refresh] done in 51ms @ http://localhost:3000/_next/static/chunks/node_modules_next_dist_1e8vcs8._.js:776
[ 1005675ms] [LOG] [Fast Refresh] done in 51ms @ http://localhost:3000/_next/static/chunks/node_modules_next_dist_1e8vcs8._.js:776
[ 1005733ms] [LOG] [Fast Refresh] done in 51ms @ http://localhost:3000/_next/static/chunks/node_modules_next_dist_1e8vcs8._.js:776
[ 1005779ms] [LOG] [Fast Refresh] done in 51ms @ http://localhost:3000/_next/static/chunks/node_modules_next_dist_1e8vcs8._.js:776
[ 1005842ms] [LOG] [Fast Refresh] done in 51ms @ http://localhost:3000/_next/static/chunks/node_modules_next_dist_1e8vcs8._.js:776
[ 1005896ms] [LOG] [Fast Refresh] done in 51ms @ http://localhost:3000/_next/static/chunks/node_modules_next_dist_1e8vcs8._.js:776
[ 1005954ms] [LOG] [Fast Refresh] done in 51ms @ http://localhost:3000/_next/static/chunks/node_modules_next_dist_1e8vcs8._.js:776
[ 1006017ms] [LOG] [Fast Refresh] done in 51ms @ http://localhost:3000/_next/static/chunks/node_modules_next_dist_1e8vcs8._.js:776
[ 1006079ms] [LOG] [Fast Refresh] done in 51ms @ http://localhost:3000/_next/static/chunks/node_modules_next_dist_1e8vcs8._.js:776
[ 1006138ms] [LOG] [Fast Refresh] done in 51ms @ http://localhost:3000/_next/static/chunks/node_modules_next_dist_1e8vcs8._.js:776
[ 1006199ms] [LOG] [Fast Refresh] done in 51ms @ http://localhost:3000/_next/static/chunks/node_modules_next_dist_1e8vcs8._.js:776
[ 1006261ms] [LOG] [Fast Refresh] done in 51ms @ http://localhost:3000/_next/static/chunks/node_modules_next_dist_1e8vcs8._.js:776
[ 1006322ms] [LOG] [Fast Refresh] done in 51ms @ http://localhost:3000/_next/static/chunks/node_modules_next_dist_1e8vcs8._.js:776
[ 1006374ms] [LOG] [Fast Refresh] done in 51ms @ http://localhost:3000/_next/static/chunks/node_modules_next_dist_1e8vcs8._.js:776
[ 1006430ms] [LOG] [Fast Refresh] done in 51ms @ http://localhost:3000/_next/static/chunks/node_modules_next_dist_1e8vcs8._.js:776
[ 1006483ms] [LOG] [Fast Refresh] done in 51ms @ http://localhost:3000/_next/static/chunks/node_modules_next_dist_1e8vcs8._.js:776
[ 1006532ms] [LOG] [Fast Refresh] done in 51ms @ http://localhost:3000/_next/static/chunks/node_modules_next_dist_1e8vcs8._.js:776
[ 1006582ms] [LOG] [Fast Refresh] done in 51ms @ http://localhost:3000/_next/static/chunks/node_modules_next_dist_1e8vcs8._.js:776
[ 1006639ms] [LOG] [Fast Refresh] done in 51ms @ http://localhost:3000/_next/static/chunks/node_modules_next_dist_1e8vcs8._.js:776
[ 1006697ms] [LOG] [Fast Refresh] done in 51ms @ http://localhost:3000/_next/static/chunks/node_modules_next_dist_1e8vcs8._.js:776
[ 1006753ms] [LOG] [Fast Refresh] done in 51ms @ http://localhost:3000/_next/static/chunks/node_modules_next_dist_1e8vcs8._.js:776
[ 1006813ms] [LOG] [Fast Refresh] done in 51ms @ http://localhost:3000/_next/static/chunks/node_modules_next_dist_1e8vcs8._.js:776
[ 1006868ms] [LOG] [Fast Refresh] done in 51ms @ http://localhost:3000/_next/static/chunks/node_modules_next_dist_1e8vcs8._.js:776
[ 1006918ms] [LOG] [Fast Refresh] done in 51ms @ http://localhost:3000/_next/static/chunks/node_modules_next_dist_1e8vcs8._.js:776
[ 1006977ms] [LOG] [Fast Refresh] done in 51ms @ http://localhost:3000/_next/static/chunks/node_modules_next_dist_1e8vcs8._.js:776
[ 1007038ms] [LOG] [Fast Refresh] done in 51ms @ http://localhost:3000/_next/static/chunks/node_modules_next_dist_1e8vcs8._.js:776
[ 1007098ms] [LOG] [Fast Refresh] done in 51ms @ http://localhost:3000/_next/static/chunks/node_modules_next_dist_1e8vcs8._.js:776
[ 1007156ms] [LOG] [Fast Refresh] done in 51ms @ http://localhost:3000/_next/static/chunks/node_modules_next_dist_1e8vcs8._.js:776
[ 1007210ms] [LOG] [Fast Refresh] done in 51ms @ http://localhost:3000/_next/static/chunks/node_modules_next_dist_1e8vcs8._.js:776
[ 1007268ms] [LOG] [Fast Refresh] done in 51ms @ http://localhost:3000/_next/static/chunks/node_modules_next_dist_1e8vcs8._.js:776
[ 1007329ms] [LOG] [Fast Refresh] done in 51ms @ http://localhost:3000/_next/static/chunks/node_modules_next_dist_1e8vcs8._.js:776
[ 1007391ms] [LOG] [Fast Refresh] done in 51ms @ http://localhost:3000/_next/static/chunks/node_modules_next_dist_1e8vcs8._.js:776
[ 1007449ms] [LOG] [Fast Refresh] done in 51ms @ http://localhost:3000/_next/static/chunks/node_modules_next_dist_1e8vcs8._.js:776
[ 1007503ms] [LOG] [Fast Refresh] done in 51ms @ http://localhost:3000/_next/static/chunks/node_modules_next_dist_1e8vcs8._.js:776
[ 1007562ms] [LOG] [Fast Refresh] done in 51ms @ http://localhost:3000/_next/static/chunks/node_modules_next_dist_1e8vcs8._.js:776
[ 1007617ms] [LOG] [Fast Refresh] done in 51ms @ http://localhost:3000/_next/static/chunks/node_modules_next_dist_1e8vcs8._.js:776
[ 1007673ms] [LOG] [Fast Refresh] done in 51ms @ http://localhost:3000/_next/static/chunks/node_modules_next_dist_1e8vcs8._.js:776
[ 1007731ms] [LOG] [Fast Refresh] done in 51ms @ http://localhost:3000/_next/static/chunks/node_modules_next_dist_1e8vcs8._.js:776
[ 1007786ms] [LOG] [Fast Refresh] done in 51ms @ http://localhost:3000/_next/static/chunks/node_modules_next_dist_1e8vcs8._.js:776
[ 1007836ms] [LOG] [Fast Refresh] done in 51ms @ http://localhost:3000/_next/static/chunks/node_modules_next_dist_1e8vcs8._.js:776
[ 1007891ms] [LOG] [Fast Refresh] done in 51ms @ http://localhost:3000/_next/static/chunks/node_modules_next_dist_1e8vcs8._.js:776
[ 1007954ms] [LOG] [Fast Refresh] done in 51ms @ http://localhost:3000/_next/static/chunks/node_modules_next_dist_1e8vcs8._.js:776
[ 1008004ms] [LOG] [Fast Refresh] done in 51ms @ http://localhost:3000/_next/static/chunks/node_modules_next_dist_1e8vcs8._.js:776
[ 1008060ms] [LOG] [Fast Refresh] done in 51ms @ http://localhost:3000/_next/static/chunks/node_modules_next_dist_1e8vcs8._.js:776
[ 1008112ms] [LOG] [Fast Refresh] done in 51ms @ http://localhost:3000/_next/static/chunks/node_modules_next_dist_1e8vcs8._.js:776
[ 1008169ms] [LOG] [Fast Refresh] done in 51ms @ http://localhost:3000/_next/static/chunks/node_modules_next_dist_1e8vcs8._.js:776
[ 1008230ms] [LOG] [Fast Refresh] done in 51ms @ http://localhost:3000/_next/static/chunks/node_modules_next_dist_1e8vcs8._.js:776
[ 1008286ms] [LOG] [Fast Refresh] done in 51ms @ http://localhost:3000/_next/static/chunks/node_modules_next_dist_1e8vcs8._.js:776
[ 1008345ms] [LOG] [Fast Refresh] done in 51ms @ http://localhost:3000/_next/static/chunks/node_modules_next_dist_1e8vcs8._.js:776
[ 1008404ms] [LOG] [Fast Refresh] done in 51ms @ http://localhost:3000/_next/static/chunks/node_modules_next_dist_1e8vcs8._.js:776
[ 1008463ms] [LOG] [Fast Refresh] done in 51ms @ http://localhost:3000/_next/static/chunks/node_modules_next_dist_1e8vcs8._.js:776
[ 1008522ms] [LOG] [Fast Refresh] done in 51ms @ http://localhost:3000/_next/static/chunks/node_modules_next_dist_1e8vcs8._.js:776
[ 1008580ms] [LOG] [Fast Refresh] done in 51ms @ http://localhost:3000/_next/static/chunks/node_modules_next_dist_1e8vcs8._.js:776
[ 1008634ms] [LOG] [Fast Refresh] done in 51ms @ http://localhost:3000/_next/static/chunks/node_modules_next_dist_1e8vcs8._.js:776
[ 1008691ms] [LOG] [Fast Refresh] done in 51ms @ http://localhost:3000/_next/static/chunks/node_modules_next_dist_1e8vcs8._.js:776
[ 1008737ms] [LOG] [Fast Refresh] done in 51ms @ http://localhost:3000/_next/static/chunks/node_modules_next_dist_1e8vcs8._.js:776
[ 1008796ms] [LOG] [Fast Refresh] done in 51ms @ http://localhost:3000/_next/static/chunks/node_modules_next_dist_1e8vcs8._.js:776
[ 1008855ms] [LOG] [Fast Refresh] done in 51ms @ http://localhost:3000/_next/static/chunks/node_modules_next_dist_1e8vcs8._.js:776
[ 1008916ms] [LOG] [Fast Refresh] done in 51ms @ http://localhost:3000/_next/static/chunks/node_modules_next_dist_1e8vcs8._.js:776
[ 1008962ms] [LOG] [Fast Refresh] done in 51ms @ http://localhost:3000/_next/static/chunks/node_modules_next_dist_1e8vcs8._.js:776
[ 1009024ms] [LOG] [Fast Refresh] done in 51ms @ http://localhost:3000/_next/static/chunks/node_modules_next_dist_1e8vcs8._.js:776
[ 1009083ms] [LOG] [Fast Refresh] done in 51ms @ http://localhost:3000/_next/static/chunks/node_modules_next_dist_1e8vcs8._.js:776
[ 1009138ms] [LOG] [Fast Refresh] done in 51ms @ http://localhost:3000/_next/static/chunks/node_modules_next_dist_1e8vcs8._.js:776
[ 1009196ms] [LOG] [Fast Refresh] done in 51ms @ http://localhost:3000/_next/static/chunks/node_modules_next_dist_1e8vcs8._.js:776
[ 1009241ms] [LOG] [Fast Refresh] done in 51ms @ http://localhost:3000/_next/static/chunks/node_modules_next_dist_1e8vcs8._.js:776
[ 1009299ms] [LOG] [Fast Refresh] done in 51ms @ http://localhost:3000/_next/static/chunks/node_modules_next_dist_1e8vcs8._.js:776
[ 1009356ms] [LOG] [Fast Refresh] done in 51ms @ http://localhost:3000/_next/static/chunks/node_modules_next_dist_1e8vcs8._.js:776
[ 1009415ms] [LOG] [Fast Refresh] done in 51ms @ http://localhost:3000/_next/static/chunks/node_modules_next_dist_1e8vcs8._.js:776
[ 1009477ms] [LOG] [Fast Refresh] done in 51ms @ http://localhost:3000/_next/static/chunks/node_modules_next_dist_1e8vcs8._.js:776
[ 1009531ms] [LOG] [Fast Refresh] done in 51ms @ http://localhost:3000/_next/static/chunks/node_modules_next_dist_1e8vcs8._.js:776
[ 1009586ms] [LOG] [Fast Refresh] done in 51ms @ http://localhost:3000/_next/static/chunks/node_modules_next_dist_1e8vcs8._.js:776
[ 1009641ms] [LOG] [Fast Refresh] done in 51ms @ http://localhost:3000/_next/static/chunks/node_modules_next_dist_1e8vcs8._.js:776
[ 1009699ms] [LOG] [Fast Refresh] done in 51ms @ http://localhost:3000/_next/static/chunks/node_modules_next_dist_1e8vcs8._.js:776
[ 1009744ms] [LOG] [Fast Refresh] done in 51ms @ http://localhost:3000/_next/static/chunks/node_modules_next_dist_1e8vcs8._.js:776
[ 1009806ms] [LOG] [Fast Refresh] done in 51ms @ http://localhost:3000/_next/static/chunks/node_modules_next_dist_1e8vcs8._.js:776
[ 1009865ms] [LOG] [Fast Refresh] done in 51ms @ http://localhost:3000/_next/static/chunks/node_modules_next_dist_1e8vcs8._.js:776
[ 1009911ms] [LOG] [Fast Refresh] done in 51ms @ http://localhost:3000/_next/static/chunks/node_modules_next_dist_1e8vcs8._.js:776
[ 1009960ms] [LOG] [Fast Refresh] done in 51ms @ http://localhost:3000/_next/static/chunks/node_modules_next_dist_1e8vcs8._.js:776
[ 1010013ms] [LOG] [Fast Refresh] done in 51ms @ http://localhost:3000/_next/static/chunks/node_modules_next_dist_1e8vcs8._.js:776
[ 1010058ms] [LOG] [Fast Refresh] done in 51ms @ http://localhost:3000/_next/static/chunks/node_modules_next_dist_1e8vcs8._.js:776
[ 1010121ms] [LOG] [Fast Refresh] done in 51ms @ http://localhost:3000/_next/static/chunks/node_modules_next_dist_1e8vcs8._.js:776
[ 1010170ms] [LOG] [Fast Refresh] done in 51ms @ http://localhost:3000/_next/static/chunks/node_modules_next_dist_1e8vcs8._.js:776
[ 1010224ms] [LOG] [Fast Refresh] done in 51ms @ http://localhost:3000/_next/static/chunks/node_modules_next_dist_1e8vcs8._.js:776
[ 1010278ms] [LOG] [Fast Refresh] done in 51ms @ http://localhost:3000/_next/static/chunks/node_modules_next_dist_1e8vcs8._.js:776
[ 1010328ms] [LOG] [Fast Refresh] done in 51ms @ http://localhost:3000/_next/static/chunks/node_modules_next_dist_1e8vcs8._.js:776
[ 1010386ms] [LOG] [Fast Refresh] done in 51ms @ http://localhost:3000/_next/static/chunks/node_modules_next_dist_1e8vcs8._.js:776
[ 1010436ms] [LOG] [Fast Refresh] done in 51ms @ http://localhost:3000/_next/static/chunks/node_modules_next_dist_1e8vcs8._.js:776
[ 1010487ms] [LOG] [Fast Refresh] done in 51ms @ http://localhost:3000/_next/static/chunks/node_modules_next_dist_1e8vcs8._.js:776
[ 1010546ms] [LOG] [Fast Refresh] done in 51ms @ http://localhost:3000/_next/static/chunks/node_modules_next_dist_1e8vcs8._.js:776
[ 1010607ms] [LOG] [Fast Refresh] done in 51ms @ http://localhost:3000/_next/static/chunks/node_modules_next_dist_1e8vcs8._.js:776
[ 1010661ms] [LOG] [Fast Refresh] done in 51ms @ http://localhost:3000/_next/static/chunks/node_modules_next_dist_1e8vcs8._.js:776
[ 1010719ms] [LOG] [Fast Refresh] done in 51ms @ http://localhost:3000/_next/static/chunks/node_modules_next_dist_1e8vcs8._.js:776
[ 1010770ms] [LOG] [Fast Refresh] done in 51ms @ http://localhost:3000/_next/static/chunks/node_modules_next_dist_1e8vcs8._.js:776
[ 1010824ms] [LOG] [Fast Refresh] done in 51ms @ http://localhost:3000/_next/static/chunks/node_modules_next_dist_1e8vcs8._.js:776
[ 1010885ms] [LOG] [Fast Refresh] done in 51ms @ http://localhost:3000/_next/static/chunks/node_modules_next_dist_1e8vcs8._.js:776
[ 1010929ms] [LOG] [Fast Refresh] done in 51ms @ http://localhost:3000/_next/static/chunks/node_modules_next_dist_1e8vcs8._.js:776
[ 1010984ms] [LOG] [Fast Refresh] done in 51ms @ http://localhost:3000/_next/static/chunks/node_modules_next_dist_1e8vcs8._.js:776
[ 1011034ms] [LOG] [Fast Refresh] done in 51ms @ http://localhost:3000/_next/static/chunks/node_modules_next_dist_1e8vcs8._.js:776
[ 1011080ms] [LOG] [Fast Refresh] done in 51ms @ http://localhost:3000/_next/static/chunks/node_modules_next_dist_1e8vcs8._.js:776
[ 1011130ms] [LOG] [Fast Refresh] done in 51ms @ http://localhost:3000/_next/static/chunks/node_modules_next_dist_1e8vcs8._.js:776
[ 1011180ms] [LOG] [Fast Refresh] done in 51ms @ http://localhost:3000/_next/static/chunks/node_modules_next_dist_1e8vcs8._.js:776
[ 1011230ms] [LOG] [Fast Refresh] done in 51ms @ http://localhost:3000/_next/static/chunks/node_modules_next_dist_1e8vcs8._.js:776
[ 1011284ms] [LOG] [Fast Refresh] done in 51ms @ http://localhost:3000/_next/static/chunks/node_modules_next_dist_1e8vcs8._.js:776
[ 1011342ms] [LOG] [Fast Refresh] done in 51ms @ http://localhost:3000/_next/static/chunks/node_modules_next_dist_1e8vcs8._.js:776
[ 1011397ms] [LOG] [Fast Refresh] done in 51ms @ http://localhost:3000/_next/static/chunks/node_modules_next_dist_1e8vcs8._.js:776
[ 1011451ms] [LOG] [Fast Refresh] done in 51ms @ http://localhost:3000/_next/static/chunks/node_modules_next_dist_1e8vcs8._.js:776
[ 1011502ms] [LOG] [Fast Refresh] done in 51ms @ http://localhost:3000/_next/static/chunks/node_modules_next_dist_1e8vcs8._.js:776
[ 1011552ms] [LOG] [Fast Refresh] done in 51ms @ http://localhost:3000/_next/static/chunks/node_modules_next_dist_1e8vcs8._.js:776
[ 1011610ms] [LOG] [Fast Refresh] done in 51ms @ http://localhost:3000/_next/static/chunks/node_modules_next_dist_1e8vcs8._.js:776
[ 1011664ms] [LOG] [Fast Refresh] done in 51ms @ http://localhost:3000/_next/static/chunks/node_modules_next_dist_1e8vcs8._.js:776
[ 1011714ms] [LOG] [Fast Refresh] done in 51ms @ http://localhost:3000/_next/static/chunks/node_modules_next_dist_1e8vcs8._.js:776
[ 1011773ms] [LOG] [Fast Refresh] done in 51ms @ http://localhost:3000/_next/static/chunks/node_modules_next_dist_1e8vcs8._.js:776
[ 1011831ms] [LOG] [Fast Refresh] done in 51ms @ http://localhost:3000/_next/static/chunks/node_modules_next_dist_1e8vcs8._.js:776
[ 1011889ms] [LOG] [Fast Refresh] done in 51ms @ http://localhost:3000/_next/static/chunks/node_modules_next_dist_1e8vcs8._.js:776
[ 1011944ms] [LOG] [Fast Refresh] done in 51ms @ http://localhost:3000/_next/static/chunks/node_modules_next_dist_1e8vcs8._.js:776
[ 1011997ms] [LOG] [Fast Refresh] done in 51ms @ http://localhost:3000/_next/static/chunks/node_modules_next_dist_1e8vcs8._.js:776
[ 1012047ms] [LOG] [Fast Refresh] done in 51ms @ http://localhost:3000/_next/static/chunks/node_modules_next_dist_1e8vcs8._.js:776
[ 1012092ms] [LOG] [Fast Refresh] done in 51ms @ http://localhost:3000/_next/static/chunks/node_modules_next_dist_1e8vcs8._.js:776
[ 1012150ms] [LOG] [Fast Refresh] done in 51ms @ http://localhost:3000/_next/static/chunks/node_modules_next_dist_1e8vcs8._.js:776
[ 1012200ms] [LOG] [Fast Refresh] done in 51ms @ http://localhost:3000/_next/static/chunks/node_modules_next_dist_1e8vcs8._.js:776
[ 1012257ms] [LOG] [Fast Refresh] done in 51ms @ http://localhost:3000/_next/static/chunks/node_modules_next_dist_1e8vcs8._.js:776
[ 1012304ms] [LOG] [Fast Refresh] done in 51ms @ http://localhost:3000/_next/static/chunks/node_modules_next_dist_1e8vcs8._.js:776
[ 1012350ms] [LOG] [Fast Refresh] done in 51ms @ http://localhost:3000/_next/static/chunks/node_modules_next_dist_1e8vcs8._.js:776
[ 1012395ms] [LOG] [Fast Refresh] done in 51ms @ http://localhost:3000/_next/static/chunks/node_modules_next_dist_1e8vcs8._.js:776
[ 1012454ms] [LOG] [Fast Refresh] done in 51ms @ http://localhost:3000/_next/static/chunks/node_modules_next_dist_1e8vcs8._.js:776
[ 1012513ms] [LOG] [Fast Refresh] done in 51ms @ http://localhost:3000/_next/static/chunks/node_modules_next_dist_1e8vcs8._.js:776
[ 1012567ms] [LOG] [Fast Refresh] done in 51ms @ http://localhost:3000/_next/static/chunks/node_modules_next_dist_1e8vcs8._.js:776
[ 1012620ms] [LOG] [Fast Refresh] done in 51ms @ http://localhost:3000/_next/static/chunks/node_modules_next_dist_1e8vcs8._.js:776
[ 1012679ms] [LOG] [Fast Refresh] done in 51ms @ http://localhost:3000/_next/static/chunks/node_modules_next_dist_1e8vcs8._.js:776
[ 1012736ms] [LOG] [Fast Refresh] done in 51ms @ http://localhost:3000/_next/static/chunks/node_modules_next_dist_1e8vcs8._.js:776
[ 1012794ms] [LOG] [Fast Refresh] done in 51ms @ http://localhost:3000/_next/static/chunks/node_modules_next_dist_1e8vcs8._.js:776
[ 1012855ms] [LOG] [Fast Refresh] done in 51ms @ http://localhost:3000/_next/static/chunks/node_modules_next_dist_1e8vcs8._.js:776
[ 1012913ms] [LOG] [Fast Refresh] done in 51ms @ http://localhost:3000/_next/static/chunks/node_modules_next_dist_1e8vcs8._.js:776
[ 1012963ms] [LOG] [Fast Refresh] done in 51ms @ http://localhost:3000/_next/static/chunks/node_modules_next_dist_1e8vcs8._.js:776
[ 1013018ms] [LOG] [Fast Refresh] done in 51ms @ http://localhost:3000/_next/static/chunks/node_modules_next_dist_1e8vcs8._.js:776
[ 1013076ms] [LOG] [Fast Refresh] done in 51ms @ http://localhost:3000/_next/static/chunks/node_modules_next_dist_1e8vcs8._.js:776
[ 1013134ms] [LOG] [Fast Refresh] done in 51ms @ http://localhost:3000/_next/static/chunks/node_modules_next_dist_1e8vcs8._.js:776
[ 1013193ms] [LOG] [Fast Refresh] done in 51ms @ http://localhost:3000/_next/static/chunks/node_modules_next_dist_1e8vcs8._.js:776
[ 1013250ms] [LOG] [Fast Refresh] done in 51ms @ http://localhost:3000/_next/static/chunks/node_modules_next_dist_1e8vcs8._.js:776
[ 1013308ms] [LOG] [Fast Refresh] done in 51ms @ http://localhost:3000/_next/static/chunks/node_modules_next_dist_1e8vcs8._.js:776
[ 1013363ms] [LOG] [Fast Refresh] done in 51ms @ http://localhost:3000/_next/static/chunks/node_modules_next_dist_1e8vcs8._.js:776
[ 1013421ms] [LOG] [Fast Refresh] done in 51ms @ http://localhost:3000/_next/static/chunks/node_modules_next_dist_1e8vcs8._.js:776
[ 1013467ms] [LOG] [Fast Refresh] done in 51ms @ http://localhost:3000/_next/static/chunks/node_modules_next_dist_1e8vcs8._.js:776
[ 1013523ms] [LOG] [Fast Refresh] done in 51ms @ http://localhost:3000/_next/static/chunks/node_modules_next_dist_1e8vcs8._.js:776
[ 1013578ms] [LOG] [Fast Refresh] done in 51ms @ http://localhost:3000/_next/static/chunks/node_modules_next_dist_1e8vcs8._.js:776
[ 1013631ms] [LOG] [Fast Refresh] done in 51ms @ http://localhost:3000/_next/static/chunks/node_modules_next_dist_1e8vcs8._.js:776
[ 1013686ms] [LOG] [Fast Refresh] done in 51ms @ http://localhost:3000/_next/static/chunks/node_modules_next_dist_1e8vcs8._.js:776
[ 1013738ms] [LOG] [Fast Refresh] done in 51ms @ http://localhost:3000/_next/static/chunks/node_modules_next_dist_1e8vcs8._.js:776
[ 1013793ms] [LOG] [Fast Refresh] done in 51ms @ http://localhost:3000/_next/static/chunks/node_modules_next_dist_1e8vcs8._.js:776
[ 1013846ms] [LOG] [Fast Refresh] done in 51ms @ http://localhost:3000/_next/static/chunks/node_modules_next_dist_1e8vcs8._.js:776
[ 1013906ms] [LOG] [Fast Refresh] done in 51ms @ http://localhost:3000/_next/static/chunks/node_modules_next_dist_1e8vcs8._.js:776
[ 1013952ms] [LOG] [Fast Refresh] done in 51ms @ http://localhost:3000/_next/static/chunks/node_modules_next_dist_1e8vcs8._.js:776
[ 1014006ms] [LOG] [Fast Refresh] done in 51ms @ http://localhost:3000/_next/static/chunks/node_modules_next_dist_1e8vcs8._.js:776
[ 1014063ms] [LOG] [Fast Refresh] done in 51ms @ http://localhost:3000/_next/static/chunks/node_modules_next_dist_1e8vcs8._.js:776
[ 1014126ms] [LOG] [Fast Refresh] done in 51ms @ http://localhost:3000/_next/static/chunks/node_modules_next_dist_1e8vcs8._.js:776
[ 1014171ms] [LOG] [Fast Refresh] done in 51ms @ http://localhost:3000/_next/static/chunks/node_modules_next_dist_1e8vcs8._.js:776
[ 1014233ms] [LOG] [Fast Refresh] done in 51ms @ http://localhost:3000/_next/static/chunks/node_modules_next_dist_1e8vcs8._.js:776
[ 1014289ms] [LOG] [Fast Refresh] done in 51ms @ http://localhost:3000/_next/static/chunks/node_modules_next_dist_1e8vcs8._.js:776
[ 1014339ms] [LOG] [Fast Refresh] done in 51ms @ http://localhost:3000/_next/static/chunks/node_modules_next_dist_1e8vcs8._.js:776
[ 1014397ms] [LOG] [Fast Refresh] done in 51ms @ http://localhost:3000/_next/static/chunks/node_modules_next_dist_1e8vcs8._.js:776
[ 1014455ms] [LOG] [Fast Refresh] done in 51ms @ http://localhost:3000/_next/static/chunks/node_modules_next_dist_1e8vcs8._.js:776
[ 1014505ms] [LOG] [Fast Refresh] done in 51ms @ http://localhost:3000/_next/static/chunks/node_modules_next_dist_1e8vcs8._.js:776
[ 1014562ms] [LOG] [Fast Refresh] done in 51ms @ http://localhost:3000/_next/static/chunks/node_modules_next_dist_1e8vcs8._.js:776
[ 1014621ms] [LOG] [Fast Refresh] done in 51ms @ http://localhost:3000/_next/static/chunks/node_modules_next_dist_1e8vcs8._.js:776
[ 1014676ms] [LOG] [Fast Refresh] done in 51ms @ http://localhost:3000/_next/static/chunks/node_modules_next_dist_1e8vcs8._.js:776
[ 1014721ms] [LOG] [Fast Refresh] done in 51ms @ http://localhost:3000/_next/static/chunks/node_modules_next_dist_1e8vcs8._.js:776
[ 1014778ms] [LOG] [Fast Refresh] done in 51ms @ http://localhost:3000/_next/static/chunks/node_modules_next_dist_1e8vcs8._.js:776
[ 1014831ms] [LOG] [Fast Refresh] done in 51ms @ http://localhost:3000/_next/static/chunks/node_modules_next_dist_1e8vcs8._.js:776
[ 1014877ms] [LOG] [Fast Refresh] done in 51ms @ http://localhost:3000/_next/static/chunks/node_modules_next_dist_1e8vcs8._.js:776
[ 1014935ms] [LOG] [Fast Refresh] done in 51ms @ http://localhost:3000/_next/static/chunks/node_modules_next_dist_1e8vcs8._.js:776
[ 1014993ms] [LOG] [Fast Refresh] done in 51ms @ http://localhost:3000/_next/static/chunks/node_modules_next_dist_1e8vcs8._.js:776
[ 1015052ms] [LOG] [Fast Refresh] done in 51ms @ http://localhost:3000/_next/static/chunks/node_modules_next_dist_1e8vcs8._.js:776
[ 1015102ms] [LOG] [Fast Refresh] done in 51ms @ http://localhost:3000/_next/static/chunks/node_modules_next_dist_1e8vcs8._.js:776
[ 1015152ms] [LOG] [Fast Refresh] done in 51ms @ http://localhost:3000/_next/static/chunks/node_modules_next_dist_1e8vcs8._.js:776
[ 1015214ms] [LOG] [Fast Refresh] done in 51ms @ http://localhost:3000/_next/static/chunks/node_modules_next_dist_1e8vcs8._.js:776
[ 1015269ms] [LOG] [Fast Refresh] done in 51ms @ http://localhost:3000/_next/static/chunks/node_modules_next_dist_1e8vcs8._.js:776
[ 1015329ms] [LOG] [Fast Refresh] done in 51ms @ http://localhost:3000/_next/static/chunks/node_modules_next_dist_1e8vcs8._.js:776
[ 1015387ms] [LOG] [Fast Refresh] done in 51ms @ http://localhost:3000/_next/static/chunks/node_modules_next_dist_1e8vcs8._.js:776
[ 1015451ms] [LOG] [Fast Refresh] done in 51ms @ http://localhost:3000/_next/static/chunks/node_modules_next_dist_1e8vcs8._.js:776
[ 1015510ms] [LOG] [Fast Refresh] done in 51ms @ http://localhost:3000/_next/static/chunks/node_modules_next_dist_1e8vcs8._.js:776
[ 1015568ms] [LOG] [Fast Refresh] done in 51ms @ http://localhost:3000/_next/static/chunks/node_modules_next_dist_1e8vcs8._.js:776
[ 1015622ms] [LOG] [Fast Refresh] done in 51ms @ http://localhost:3000/_next/static/chunks/node_modules_next_dist_1e8vcs8._.js:776
[ 1015676ms] [LOG] [Fast Refresh] done in 51ms @ http://localhost:3000/_next/static/chunks/node_modules_next_dist_1e8vcs8._.js:776
[ 1015726ms] [LOG] [Fast Refresh] done in 51ms @ http://localhost:3000/_next/static/chunks/node_modules_next_dist_1e8vcs8._.js:776
[ 1015776ms] [LOG] [Fast Refresh] done in 51ms @ http://localhost:3000/_next/static/chunks/node_modules_next_dist_1e8vcs8._.js:776
[ 1015826ms] [LOG] [Fast Refresh] done in 51ms @ http://localhost:3000/_next/static/chunks/node_modules_next_dist_1e8vcs8._.js:776
[ 1015872ms] [LOG] [Fast Refresh] done in 51ms @ http://localhost:3000/_next/static/chunks/node_modules_next_dist_1e8vcs8._.js:776
[ 1015918ms] [LOG] [Fast Refresh] done in 51ms @ http://localhost:3000/_next/static/chunks/node_modules_next_dist_1e8vcs8._.js:776
[ 1015981ms] [LOG] [Fast Refresh] done in 51ms @ http://localhost:3000/_next/static/chunks/node_modules_next_dist_1e8vcs8._.js:776
[ 1016042ms] [LOG] [Fast Refresh] done in 51ms @ http://localhost:3000/_next/static/chunks/node_modules_next_dist_1e8vcs8._.js:776
[ 1016102ms] [LOG] [Fast Refresh] done in 51ms @ http://localhost:3000/_next/static/chunks/node_modules_next_dist_1e8vcs8._.js:776
[ 1016147ms] [LOG] [Fast Refresh] done in 51ms @ http://localhost:3000/_next/static/chunks/node_modules_next_dist_1e8vcs8._.js:776
[ 1016201ms] [LOG] [Fast Refresh] done in 51ms @ http://localhost:3000/_next/static/chunks/node_modules_next_dist_1e8vcs8._.js:776
[ 1016255ms] [LOG] [Fast Refresh] done in 51ms @ http://localhost:3000/_next/static/chunks/node_modules_next_dist_1e8vcs8._.js:776
[ 1016310ms] [LOG] [Fast Refresh] done in 51ms @ http://localhost:3000/_next/static/chunks/node_modules_next_dist_1e8vcs8._.js:776
[ 1016364ms] [LOG] [Fast Refresh] done in 51ms @ http://localhost:3000/_next/static/chunks/node_modules_next_dist_1e8vcs8._.js:776
[ 1016422ms] [LOG] [Fast Refresh] done in 51ms @ http://localhost:3000/_next/static/chunks/node_modules_next_dist_1e8vcs8._.js:776
[ 1016482ms] [LOG] [Fast Refresh] done in 51ms @ http://localhost:3000/_next/static/chunks/node_modules_next_dist_1e8vcs8._.js:776
[ 1016530ms] [LOG] [Fast Refresh] done in 51ms @ http://localhost:3000/_next/static/chunks/node_modules_next_dist_1e8vcs8._.js:776
[ 1016584ms] [LOG] [Fast Refresh] done in 51ms @ http://localhost:3000/_next/static/chunks/node_modules_next_dist_1e8vcs8._.js:776
[ 1016639ms] [LOG] [Fast Refresh] done in 51ms @ http://localhost:3000/_next/static/chunks/node_modules_next_dist_1e8vcs8._.js:776
[ 1016684ms] [LOG] [Fast Refresh] done in 51ms @ http://localhost:3000/_next/static/chunks/node_modules_next_dist_1e8vcs8._.js:776
[ 1016734ms] [LOG] [Fast Refresh] done in 51ms @ http://localhost:3000/_next/static/chunks/node_modules_next_dist_1e8vcs8._.js:776
[ 1016783ms] [LOG] [Fast Refresh] done in 51ms @ http://localhost:3000/_next/static/chunks/node_modules_next_dist_1e8vcs8._.js:776
[ 1016842ms] [LOG] [Fast Refresh] done in 51ms @ http://localhost:3000/_next/static/chunks/node_modules_next_dist_1e8vcs8._.js:776
[ 1016902ms] [LOG] [Fast Refresh] done in 51ms @ http://localhost:3000/_next/static/chunks/node_modules_next_dist_1e8vcs8._.js:776
[ 1016977ms] [LOG] [Fast Refresh] done in 51ms @ http://localhost:3000/_next/static/chunks/node_modules_next_dist_1e8vcs8._.js:776
[ 1017032ms] [LOG] [Fast Refresh] done in 51ms @ http://localhost:3000/_next/static/chunks/node_modules_next_dist_1e8vcs8._.js:776
[ 1017088ms] [LOG] [Fast Refresh] done in 51ms @ http://localhost:3000/_next/static/chunks/node_modules_next_dist_1e8vcs8._.js:776
[ 1017138ms] [LOG] [Fast Refresh] done in 51ms @ http://localhost:3000/_next/static/chunks/node_modules_next_dist_1e8vcs8._.js:776
[ 1017188ms] [LOG] [Fast Refresh] done in 51ms @ http://localhost:3000/_next/static/chunks/node_modules_next_dist_1e8vcs8._.js:776
[ 1017238ms] [LOG] [Fast Refresh] done in 51ms @ http://localhost:3000/_next/static/chunks/node_modules_next_dist_1e8vcs8._.js:776
[ 1017288ms] [LOG] [Fast Refresh] done in 51ms @ http://localhost:3000/_next/static/chunks/node_modules_next_dist_1e8vcs8._.js:776
[ 1017342ms] [LOG] [Fast Refresh] done in 51ms @ http://localhost:3000/_next/static/chunks/node_modules_next_dist_1e8vcs8._.js:776
[ 1017401ms] [LOG] [Fast Refresh] done in 51ms @ http://localhost:3000/_next/static/chunks/node_modules_next_dist_1e8vcs8._.js:776
[ 1017460ms] [LOG] [Fast Refresh] done in 51ms @ http://localhost:3000/_next/static/chunks/node_modules_next_dist_1e8vcs8._.js:776
[ 1017510ms] [LOG] [Fast Refresh] done in 51ms @ http://localhost:3000/_next/static/chunks/node_modules_next_dist_1e8vcs8._.js:776
[ 1017559ms] [LOG] [Fast Refresh] done in 51ms @ http://localhost:3000/_next/static/chunks/node_modules_next_dist_1e8vcs8._.js:776
[ 1017609ms] [LOG] [Fast Refresh] done in 51ms @ http://localhost:3000/_next/static/chunks/node_modules_next_dist_1e8vcs8._.js:776
[ 1017658ms] [LOG] [Fast Refresh] done in 51ms @ http://localhost:3000/_next/static/chunks/node_modules_next_dist_1e8vcs8._.js:776
[ 1017713ms] [LOG] [Fast Refresh] done in 51ms @ http://localhost:3000/_next/static/chunks/node_modules_next_dist_1e8vcs8._.js:776
[ 1017766ms] [LOG] [Fast Refresh] done in 51ms @ http://localhost:3000/_next/static/chunks/node_modules_next_dist_1e8vcs8._.js:776
[ 1017819ms] [LOG] [Fast Refresh] done in 51ms @ http://localhost:3000/_next/static/chunks/node_modules_next_dist_1e8vcs8._.js:776
[ 1017869ms] [LOG] [Fast Refresh] done in 51ms @ http://localhost:3000/_next/static/chunks/node_modules_next_dist_1e8vcs8._.js:776
[ 1017925ms] [LOG] [Fast Refresh] done in 51ms @ http://localhost:3000/_next/static/chunks/node_modules_next_dist_1e8vcs8._.js:776
[ 1017979ms] [LOG] [Fast Refresh] done in 51ms @ http://localhost:3000/_next/static/chunks/node_modules_next_dist_1e8vcs8._.js:776
[ 1018030ms] [LOG] [Fast Refresh] done in 51ms @ http://localhost:3000/_next/static/chunks/node_modules_next_dist_1e8vcs8._.js:776
[ 1018084ms] [LOG] [Fast Refresh] done in 51ms @ http://localhost:3000/_next/static/chunks/node_modules_next_dist_1e8vcs8._.js:776
[ 1018143ms] [LOG] [Fast Refresh] done in 51ms @ http://localhost:3000/_next/static/chunks/node_modules_next_dist_1e8vcs8._.js:776
[ 1018193ms] [LOG] [Fast Refresh] done in 51ms @ http://localhost:3000/_next/static/chunks/node_modules_next_dist_1e8vcs8._.js:776
[ 1018244ms] [LOG] [Fast Refresh] done in 51ms @ http://localhost:3000/_next/static/chunks/node_modules_next_dist_1e8vcs8._.js:776
[ 1018298ms] [LOG] [Fast Refresh] done in 51ms @ http://localhost:3000/_next/static/chunks/node_modules_next_dist_1e8vcs8._.js:776
[ 1018357ms] [LOG] [Fast Refresh] done in 51ms @ http://localhost:3000/_next/static/chunks/node_modules_next_dist_1e8vcs8._.js:776
[ 1018407ms] [LOG] [Fast Refresh] done in 51ms @ http://localhost:3000/_next/static/chunks/node_modules_next_dist_1e8vcs8._.js:776
[ 1018465ms] [LOG] [Fast Refresh] done in 51ms @ http://localhost:3000/_next/static/chunks/node_modules_next_dist_1e8vcs8._.js:776
[ 1018523ms] [LOG] [Fast Refresh] done in 51ms @ http://localhost:3000/_next/static/chunks/node_modules_next_dist_1e8vcs8._.js:776
[ 1018569ms] [LOG] [Fast Refresh] done in 51ms @ http://localhost:3000/_next/static/chunks/node_modules_next_dist_1e8vcs8._.js:776
[ 1018614ms] [LOG] [Fast Refresh] done in 51ms @ http://localhost:3000/_next/static/chunks/node_modules_next_dist_1e8vcs8._.js:776
[ 1018667ms] [LOG] [Fast Refresh] done in 51ms @ http://localhost:3000/_next/static/chunks/node_modules_next_dist_1e8vcs8._.js:776
[ 1018724ms] [LOG] [Fast Refresh] done in 51ms @ http://localhost:3000/_next/static/chunks/node_modules_next_dist_1e8vcs8._.js:776
[ 1018782ms] [LOG] [Fast Refresh] done in 51ms @ http://localhost:3000/_next/static/chunks/node_modules_next_dist_1e8vcs8._.js:776
[ 1018839ms] [LOG] [Fast Refresh] done in 51ms @ http://localhost:3000/_next/static/chunks/node_modules_next_dist_1e8vcs8._.js:776
[ 1018898ms] [LOG] [Fast Refresh] done in 51ms @ http://localhost:3000/_next/static/chunks/node_modules_next_dist_1e8vcs8._.js:776
[ 1018965ms] [LOG] [Fast Refresh] done in 51ms @ http://localhost:3000/_next/static/chunks/node_modules_next_dist_1e8vcs8._.js:776
[ 1019014ms] [LOG] [Fast Refresh] done in 51ms @ http://localhost:3000/_next/static/chunks/node_modules_next_dist_1e8vcs8._.js:776
[ 1019069ms] [LOG] [Fast Refresh] done in 51ms @ http://localhost:3000/_next/static/chunks/node_modules_next_dist_1e8vcs8._.js:776
[ 1019127ms] [LOG] [Fast Refresh] done in 51ms @ http://localhost:3000/_next/static/chunks/node_modules_next_dist_1e8vcs8._.js:776
[ 1019189ms] [LOG] [Fast Refresh] done in 51ms @ http://localhost:3000/_next/static/chunks/node_modules_next_dist_1e8vcs8._.js:776
[ 1019250ms] [LOG] [Fast Refresh] done in 51ms @ http://localhost:3000/_next/static/chunks/node_modules_next_dist_1e8vcs8._.js:776
[ 1019298ms] [LOG] [Fast Refresh] done in 51ms @ http://localhost:3000/_next/static/chunks/node_modules_next_dist_1e8vcs8._.js:776
[ 1019355ms] [LOG] [Fast Refresh] done in 51ms @ http://localhost:3000/_next/static/chunks/node_modules_next_dist_1e8vcs8._.js:776
[ 1019411ms] [LOG] [Fast Refresh] done in 51ms @ http://localhost:3000/_next/static/chunks/node_modules_next_dist_1e8vcs8._.js:776
[ 1019461ms] [LOG] [Fast Refresh] done in 51ms @ http://localhost:3000/_next/static/chunks/node_modules_next_dist_1e8vcs8._.js:776
[ 1019515ms] [LOG] [Fast Refresh] done in 51ms @ http://localhost:3000/_next/static/chunks/node_modules_next_dist_1e8vcs8._.js:776
[ 1019566ms] [LOG] [Fast Refresh] done in 51ms @ http://localhost:3000/_next/static/chunks/node_modules_next_dist_1e8vcs8._.js:776
[ 1019628ms] [LOG] [Fast Refresh] done in 51ms @ http://localhost:3000/_next/static/chunks/node_modules_next_dist_1e8vcs8._.js:776
[ 1019683ms] [LOG] [Fast Refresh] done in 51ms @ http://localhost:3000/_next/static/chunks/node_modules_next_dist_1e8vcs8._.js:776
[ 1019740ms] [LOG] [Fast Refresh] done in 51ms @ http://localhost:3000/_next/static/chunks/node_modules_next_dist_1e8vcs8._.js:776
[ 1019795ms] [LOG] [Fast Refresh] done in 51ms @ http://localhost:3000/_next/static/chunks/node_modules_next_dist_1e8vcs8._.js:776
[ 1019850ms] [LOG] [Fast Refresh] done in 51ms @ http://localhost:3000/_next/static/chunks/node_modules_next_dist_1e8vcs8._.js:776
[ 1019907ms] [LOG] [Fast Refresh] done in 51ms @ http://localhost:3000/_next/static/chunks/node_modules_next_dist_1e8vcs8._.js:776
[ 1019953ms] [LOG] [Fast Refresh] done in 51ms @ http://localhost:3000/_next/static/chunks/node_modules_next_dist_1e8vcs8._.js:776
[ 1020012ms] [LOG] [Fast Refresh] done in 51ms @ http://localhost:3000/_next/static/chunks/node_modules_next_dist_1e8vcs8._.js:776
[ 1020071ms] [LOG] [Fast Refresh] done in 51ms @ http://localhost:3000/_next/static/chunks/node_modules_next_dist_1e8vcs8._.js:776
[ 1020124ms] [LOG] [Fast Refresh] done in 51ms @ http://localhost:3000/_next/static/chunks/node_modules_next_dist_1e8vcs8._.js:776
[ 1020183ms] [LOG] [Fast Refresh] done in 51ms @ http://localhost:3000/_next/static/chunks/node_modules_next_dist_1e8vcs8._.js:776
[ 1020245ms] [LOG] [Fast Refresh] done in 51ms @ http://localhost:3000/_next/static/chunks/node_modules_next_dist_1e8vcs8._.js:776
[ 1020291ms] [LOG] [Fast Refresh] done in 51ms @ http://localhost:3000/_next/static/chunks/node_modules_next_dist_1e8vcs8._.js:776
[ 1020341ms] [LOG] [Fast Refresh] done in 51ms @ http://localhost:3000/_next/static/chunks/node_modules_next_dist_1e8vcs8._.js:776
[ 1020398ms] [LOG] [Fast Refresh] done in 51ms @ http://localhost:3000/_next/static/chunks/node_modules_next_dist_1e8vcs8._.js:776
[ 1020460ms] [LOG] [Fast Refresh] done in 51ms @ http://localhost:3000/_next/static/chunks/node_modules_next_dist_1e8vcs8._.js:776
[ 1020514ms] [LOG] [Fast Refresh] done in 51ms @ http://localhost:3000/_next/static/chunks/node_modules_next_dist_1e8vcs8._.js:776
[ 1020568ms] [LOG] [Fast Refresh] done in 51ms @ http://localhost:3000/_next/static/chunks/node_modules_next_dist_1e8vcs8._.js:776
[ 1020626ms] [LOG] [Fast Refresh] done in 51ms @ http://localhost:3000/_next/static/chunks/node_modules_next_dist_1e8vcs8._.js:776
[ 1020682ms] [LOG] [Fast Refresh] done in 51ms @ http://localhost:3000/_next/static/chunks/node_modules_next_dist_1e8vcs8._.js:776
[ 1020740ms] [LOG] [Fast Refresh] done in 51ms @ http://localhost:3000/_next/static/chunks/node_modules_next_dist_1e8vcs8._.js:776
[ 1020799ms] [LOG] [Fast Refresh] done in 51ms @ http://localhost:3000/_next/static/chunks/node_modules_next_dist_1e8vcs8._.js:776
[ 1020849ms] [LOG] [Fast Refresh] done in 51ms @ http://localhost:3000/_next/static/chunks/node_modules_next_dist_1e8vcs8._.js:776
[ 1020904ms] [LOG] [Fast Refresh] done in 51ms @ http://localhost:3000/_next/static/chunks/node_modules_next_dist_1e8vcs8._.js:776
[ 1020959ms] [LOG] [Fast Refresh] done in 51ms @ http://localhost:3000/_next/static/chunks/node_modules_next_dist_1e8vcs8._.js:776
[ 1021014ms] [LOG] [Fast Refresh] done in 51ms @ http://localhost:3000/_next/static/chunks/node_modules_next_dist_1e8vcs8._.js:776
[ 1021074ms] [LOG] [Fast Refresh] done in 51ms @ http://localhost:3000/_next/static/chunks/node_modules_next_dist_1e8vcs8._.js:776
[ 1021124ms] [LOG] [Fast Refresh] done in 51ms @ http://localhost:3000/_next/static/chunks/node_modules_next_dist_1e8vcs8._.js:776
[ 1021183ms] [LOG] [Fast Refresh] done in 51ms @ http://localhost:3000/_next/static/chunks/node_modules_next_dist_1e8vcs8._.js:776
[ 1021240ms] [LOG] [Fast Refresh] done in 51ms @ http://localhost:3000/_next/static/chunks/node_modules_next_dist_1e8vcs8._.js:776
[ 1021290ms] [LOG] [Fast Refresh] done in 51ms @ http://localhost:3000/_next/static/chunks/node_modules_next_dist_1e8vcs8._.js:776
[ 1021345ms] [LOG] [Fast Refresh] done in 51ms @ http://localhost:3000/_next/static/chunks/node_modules_next_dist_1e8vcs8._.js:776
[ 1021403ms] [LOG] [Fast Refresh] done in 51ms @ http://localhost:3000/_next/static/chunks/node_modules_next_dist_1e8vcs8._.js:776
[ 1021462ms] [LOG] [Fast Refresh] done in 51ms @ http://localhost:3000/_next/static/chunks/node_modules_next_dist_1e8vcs8._.js:776
[ 1021516ms] [LOG] [Fast Refresh] done in 51ms @ http://localhost:3000/_next/static/chunks/node_modules_next_dist_1e8vcs8._.js:776
[ 1021570ms] [LOG] [Fast Refresh] done in 51ms @ http://localhost:3000/_next/static/chunks/node_modules_next_dist_1e8vcs8._.js:776
[ 1021626ms] [LOG] [Fast Refresh] done in 51ms @ http://localhost:3000/_next/static/chunks/node_modules_next_dist_1e8vcs8._.js:776
[ 1021676ms] [LOG] [Fast Refresh] done in 51ms @ http://localhost:3000/_next/static/chunks/node_modules_next_dist_1e8vcs8._.js:776
[ 1021724ms] [LOG] [Fast Refresh] done in 51ms @ http://localhost:3000/_next/static/chunks/node_modules_next_dist_1e8vcs8._.js:776
[ 1021774ms] [LOG] [Fast Refresh] done in 51ms @ http://localhost:3000/_next/static/chunks/node_modules_next_dist_1e8vcs8._.js:776
[ 1021833ms] [LOG] [Fast Refresh] done in 51ms @ http://localhost:3000/_next/static/chunks/node_modules_next_dist_1e8vcs8._.js:776
[ 1021889ms] [LOG] [Fast Refresh] done in 51ms @ http://localhost:3000/_next/static/chunks/node_modules_next_dist_1e8vcs8._.js:776
[ 1021944ms] [LOG] [Fast Refresh] done in 51ms @ http://localhost:3000/_next/static/chunks/node_modules_next_dist_1e8vcs8._.js:776
[ 1021998ms] [LOG] [Fast Refresh] done in 51ms @ http://localhost:3000/_next/static/chunks/node_modules_next_dist_1e8vcs8._.js:776
[ 1022058ms] [LOG] [Fast Refresh] done in 51ms @ http://localhost:3000/_next/static/chunks/node_modules_next_dist_1e8vcs8._.js:776
[ 1022107ms] [LOG] [Fast Refresh] done in 51ms @ http://localhost:3000/_next/static/chunks/node_modules_next_dist_1e8vcs8._.js:776
[ 1022175ms] [LOG] [Fast Refresh] done in 51ms @ http://localhost:3000/_next/static/chunks/node_modules_next_dist_1e8vcs8._.js:776
[ 1022231ms] [LOG] [Fast Refresh] done in 51ms @ http://localhost:3000/_next/static/chunks/node_modules_next_dist_1e8vcs8._.js:776
[ 1022282ms] [LOG] [Fast Refresh] done in 51ms @ http://localhost:3000/_next/static/chunks/node_modules_next_dist_1e8vcs8._.js:776
[ 1022336ms] [LOG] [Fast Refresh] done in 51ms @ http://localhost:3000/_next/static/chunks/node_modules_next_dist_1e8vcs8._.js:776
[ 1022393ms] [LOG] [Fast Refresh] done in 51ms @ http://localhost:3000/_next/static/chunks/node_modules_next_dist_1e8vcs8._.js:776
[ 1022450ms] [LOG] [Fast Refresh] done in 51ms @ http://localhost:3000/_next/static/chunks/node_modules_next_dist_1e8vcs8._.js:776
[ 1022504ms] [LOG] [Fast Refresh] done in 51ms @ http://localhost:3000/_next/static/chunks/node_modules_next_dist_1e8vcs8._.js:776
[ 1022559ms] [LOG] [Fast Refresh] done in 51ms @ http://localhost:3000/_next/static/chunks/node_modules_next_dist_1e8vcs8._.js:776
[ 1022613ms] [LOG] [Fast Refresh] done in 51ms @ http://localhost:3000/_next/static/chunks/node_modules_next_dist_1e8vcs8._.js:776
[ 1022671ms] [LOG] [Fast Refresh] done in 51ms @ http://localhost:3000/_next/static/chunks/node_modules_next_dist_1e8vcs8._.js:776
[ 1022727ms] [LOG] [Fast Refresh] done in 51ms @ http://localhost:3000/_next/static/chunks/node_modules_next_dist_1e8vcs8._.js:776
[ 1022785ms] [LOG] [Fast Refresh] done in 51ms @ http://localhost:3000/_next/static/chunks/node_modules_next_dist_1e8vcs8._.js:776
[ 1022860ms] [LOG] [Fast Refresh] done in 51ms @ http://localhost:3000/_next/static/chunks/node_modules_next_dist_1e8vcs8._.js:776
[ 1022926ms] [LOG] [Fast Refresh] done in 51ms @ http://localhost:3000/_next/static/chunks/node_modules_next_dist_1e8vcs8._.js:776
[ 1022979ms] [LOG] [Fast Refresh] done in 51ms @ http://localhost:3000/_next/static/chunks/node_modules_next_dist_1e8vcs8._.js:776
[ 1023036ms] [LOG] [Fast Refresh] done in 51ms @ http://localhost:3000/_next/static/chunks/node_modules_next_dist_1e8vcs8._.js:776
[ 1023092ms] [LOG] [Fast Refresh] done in 51ms @ http://localhost:3000/_next/static/chunks/node_modules_next_dist_1e8vcs8._.js:776
[ 1023143ms] [LOG] [Fast Refresh] done in 51ms @ http://localhost:3000/_next/static/chunks/node_modules_next_dist_1e8vcs8._.js:776
[ 1023197ms] [LOG] [Fast Refresh] done in 51ms @ http://localhost:3000/_next/static/chunks/node_modules_next_dist_1e8vcs8._.js:776
[ 1023252ms] [LOG] [Fast Refresh] done in 51ms @ http://localhost:3000/_next/static/chunks/node_modules_next_dist_1e8vcs8._.js:776
[ 1023306ms] [LOG] [Fast Refresh] done in 51ms @ http://localhost:3000/_next/static/chunks/node_modules_next_dist_1e8vcs8._.js:776
[ 1023364ms] [LOG] [Fast Refresh] done in 51ms @ http://localhost:3000/_next/static/chunks/node_modules_next_dist_1e8vcs8._.js:776
[ 1023420ms] [LOG] [Fast Refresh] done in 51ms @ http://localhost:3000/_next/static/chunks/node_modules_next_dist_1e8vcs8._.js:776
[ 1023473ms] [LOG] [Fast Refresh] done in 51ms @ http://localhost:3000/_next/static/chunks/node_modules_next_dist_1e8vcs8._.js:776
[ 1023534ms] [LOG] [Fast Refresh] done in 51ms @ http://localhost:3000/_next/static/chunks/node_modules_next_dist_1e8vcs8._.js:776
[ 1023589ms] [LOG] [Fast Refresh] done in 51ms @ http://localhost:3000/_next/static/chunks/node_modules_next_dist_1e8vcs8._.js:776
[ 1023643ms] [LOG] [Fast Refresh] done in 51ms @ http://localhost:3000/_next/static/chunks/node_modules_next_dist_1e8vcs8._.js:776
[ 1023705ms] [LOG] [Fast Refresh] done in 51ms @ http://localhost:3000/_next/static/chunks/node_modules_next_dist_1e8vcs8._.js:776
[ 1023757ms] [LOG] [Fast Refresh] done in 51ms @ http://localhost:3000/_next/static/chunks/node_modules_next_dist_1e8vcs8._.js:776
[ 1023812ms] [LOG] [Fast Refresh] done in 51ms @ http://localhost:3000/_next/static/chunks/node_modules_next_dist_1e8vcs8._.js:776
[ 1023872ms] [LOG] [Fast Refresh] done in 51ms @ http://localhost:3000/_next/static/chunks/node_modules_next_dist_1e8vcs8._.js:776
[ 1023933ms] [LOG] [Fast Refresh] done in 51ms @ http://localhost:3000/_next/static/chunks/node_modules_next_dist_1e8vcs8._.js:776
[ 1023988ms] [LOG] [Fast Refresh] done in 51ms @ http://localhost:3000/_next/static/chunks/node_modules_next_dist_1e8vcs8._.js:776
[ 1024042ms] [LOG] [Fast Refresh] done in 51ms @ http://localhost:3000/_next/static/chunks/node_modules_next_dist_1e8vcs8._.js:776
[ 1024096ms] [LOG] [Fast Refresh] done in 51ms @ http://localhost:3000/_next/static/chunks/node_modules_next_dist_1e8vcs8._.js:776
[ 1024151ms] [LOG] [Fast Refresh] done in 51ms @ http://localhost:3000/_next/static/chunks/node_modules_next_dist_1e8vcs8._.js:776
[ 1024201ms] [LOG] [Fast Refresh] done in 51ms @ http://localhost:3000/_next/static/chunks/node_modules_next_dist_1e8vcs8._.js:776
[ 1024257ms] [LOG] [Fast Refresh] done in 51ms @ http://localhost:3000/_next/static/chunks/node_modules_next_dist_1e8vcs8._.js:776
[ 1024311ms] [LOG] [Fast Refresh] done in 51ms @ http://localhost:3000/_next/static/chunks/node_modules_next_dist_1e8vcs8._.js:776
[ 1024367ms] [LOG] [Fast Refresh] done in 51ms @ http://localhost:3000/_next/static/chunks/node_modules_next_dist_1e8vcs8._.js:776
[ 1024417ms] [LOG] [Fast Refresh] done in 51ms @ http://localhost:3000/_next/static/chunks/node_modules_next_dist_1e8vcs8._.js:776
[ 1024466ms] [LOG] [Fast Refresh] done in 51ms @ http://localhost:3000/_next/static/chunks/node_modules_next_dist_1e8vcs8._.js:776
[ 1024519ms] [LOG] [Fast Refresh] done in 51ms @ http://localhost:3000/_next/static/chunks/node_modules_next_dist_1e8vcs8._.js:776
[ 1024569ms] [LOG] [Fast Refresh] done in 51ms @ http://localhost:3000/_next/static/chunks/node_modules_next_dist_1e8vcs8._.js:776
[ 1024629ms] [LOG] [Fast Refresh] done in 51ms @ http://localhost:3000/_next/static/chunks/node_modules_next_dist_1e8vcs8._.js:776
[ 1024678ms] [LOG] [Fast Refresh] done in 51ms @ http://localhost:3000/_next/static/chunks/node_modules_next_dist_1e8vcs8._.js:776
[ 1024738ms] [LOG] [Fast Refresh] done in 51ms @ http://localhost:3000/_next/static/chunks/node_modules_next_dist_1e8vcs8._.js:776
[ 1024789ms] [LOG] [Fast Refresh] done in 51ms @ http://localhost:3000/_next/static/chunks/node_modules_next_dist_1e8vcs8._.js:776
[ 1024843ms] [LOG] [Fast Refresh] done in 51ms @ http://localhost:3000/_next/static/chunks/node_modules_next_dist_1e8vcs8._.js:776
[ 1024897ms] [LOG] [Fast Refresh] done in 51ms @ http://localhost:3000/_next/static/chunks/node_modules_next_dist_1e8vcs8._.js:776
[ 1024953ms] [LOG] [Fast Refresh] done in 51ms @ http://localhost:3000/_next/static/chunks/node_modules_next_dist_1e8vcs8._.js:776
[ 1025007ms] [LOG] [Fast Refresh] done in 51ms @ http://localhost:3000/_next/static/chunks/node_modules_next_dist_1e8vcs8._.js:776
[ 1025061ms] [LOG] [Fast Refresh] done in 51ms @ http://localhost:3000/_next/static/chunks/node_modules_next_dist_1e8vcs8._.js:776
[ 1025119ms] [LOG] [Fast Refresh] done in 51ms @ http://localhost:3000/_next/static/chunks/node_modules_next_dist_1e8vcs8._.js:776
[ 1025178ms] [LOG] [Fast Refresh] done in 51ms @ http://localhost:3000/_next/static/chunks/node_modules_next_dist_1e8vcs8._.js:776
[ 1025233ms] [LOG] [Fast Refresh] done in 51ms @ http://localhost:3000/_next/static/chunks/node_modules_next_dist_1e8vcs8._.js:776
[ 1025278ms] [LOG] [Fast Refresh] done in 51ms @ http://localhost:3000/_next/static/chunks/node_modules_next_dist_1e8vcs8._.js:776
[ 1025328ms] [LOG] [Fast Refresh] done in 51ms @ http://localhost:3000/_next/static/chunks/node_modules_next_dist_1e8vcs8._.js:776
[ 1025381ms] [LOG] [Fast Refresh] done in 51ms @ http://localhost:3000/_next/static/chunks/node_modules_next_dist_1e8vcs8._.js:776
[ 1025437ms] [LOG] [Fast Refresh] done in 51ms @ http://localhost:3000/_next/static/chunks/node_modules_next_dist_1e8vcs8._.js:776
[ 1025489ms] [LOG] [Fast Refresh] done in 51ms @ http://localhost:3000/_next/static/chunks/node_modules_next_dist_1e8vcs8._.js:776
[ 1025545ms] [LOG] [Fast Refresh] done in 51ms @ http://localhost:3000/_next/static/chunks/node_modules_next_dist_1e8vcs8._.js:776
[ 1025599ms] [LOG] [Fast Refresh] done in 51ms @ http://localhost:3000/_next/static/chunks/node_modules_next_dist_1e8vcs8._.js:776
[ 1025653ms] [LOG] [Fast Refresh] done in 51ms @ http://localhost:3000/_next/static/chunks/node_modules_next_dist_1e8vcs8._.js:776
[ 1025714ms] [LOG] [Fast Refresh] done in 51ms @ http://localhost:3000/_next/static/chunks/node_modules_next_dist_1e8vcs8._.js:776
[ 1025759ms] [LOG] [Fast Refresh] done in 51ms @ http://localhost:3000/_next/static/chunks/node_modules_next_dist_1e8vcs8._.js:776
[ 1025810ms] [LOG] [Fast Refresh] done in 51ms @ http://localhost:3000/_next/static/chunks/node_modules_next_dist_1e8vcs8._.js:776
[ 1025871ms] [LOG] [Fast Refresh] done in 51ms @ http://localhost:3000/_next/static/chunks/node_modules_next_dist_1e8vcs8._.js:776
[ 1025929ms] [LOG] [Fast Refresh] done in 51ms @ http://localhost:3000/_next/static/chunks/node_modules_next_dist_1e8vcs8._.js:776
[ 1025987ms] [LOG] [Fast Refresh] done in 51ms @ http://localhost:3000/_next/static/chunks/node_modules_next_dist_1e8vcs8._.js:776
[ 1026043ms] [LOG] [Fast Refresh] done in 51ms @ http://localhost:3000/_next/static/chunks/node_modules_next_dist_1e8vcs8._.js:776
[ 1026099ms] [LOG] [Fast Refresh] done in 51ms @ http://localhost:3000/_next/static/chunks/node_modules_next_dist_1e8vcs8._.js:776
[ 1026159ms] [LOG] [Fast Refresh] done in 51ms @ http://localhost:3000/_next/static/chunks/node_modules_next_dist_1e8vcs8._.js:776
[ 1026212ms] [LOG] [Fast Refresh] done in 51ms @ http://localhost:3000/_next/static/chunks/node_modules_next_dist_1e8vcs8._.js:776
[ 1026261ms] [LOG] [Fast Refresh] done in 51ms @ http://localhost:3000/_next/static/chunks/node_modules_next_dist_1e8vcs8._.js:776
[ 1026316ms] [LOG] [Fast Refresh] done in 51ms @ http://localhost:3000/_next/static/chunks/node_modules_next_dist_1e8vcs8._.js:776
[ 1026370ms] [LOG] [Fast Refresh] done in 51ms @ http://localhost:3000/_next/static/chunks/node_modules_next_dist_1e8vcs8._.js:776
[ 1026426ms] [LOG] [Fast Refresh] done in 51ms @ http://localhost:3000/_next/static/chunks/node_modules_next_dist_1e8vcs8._.js:776
[ 1026479ms] [LOG] [Fast Refresh] done in 51ms @ http://localhost:3000/_next/static/chunks/node_modules_next_dist_1e8vcs8._.js:776
[ 1026533ms] [LOG] [Fast Refresh] done in 51ms @ http://localhost:3000/_next/static/chunks/node_modules_next_dist_1e8vcs8._.js:776
[ 1026587ms] [LOG] [Fast Refresh] done in 51ms @ http://localhost:3000/_next/static/chunks/node_modules_next_dist_1e8vcs8._.js:776
[ 1026642ms] [LOG] [Fast Refresh] done in 51ms @ http://localhost:3000/_next/static/chunks/node_modules_next_dist_1e8vcs8._.js:776
[ 1026696ms] [LOG] [Fast Refresh] done in 51ms @ http://localhost:3000/_next/static/chunks/node_modules_next_dist_1e8vcs8._.js:776
[ 1026752ms] [LOG] [Fast Refresh] done in 51ms @ http://localhost:3000/_next/static/chunks/node_modules_next_dist_1e8vcs8._.js:776
[ 1026802ms] [LOG] [Fast Refresh] done in 51ms @ http://localhost:3000/_next/static/chunks/node_modules_next_dist_1e8vcs8._.js:776
[ 1026846ms] [LOG] [Fast Refresh] done in 51ms @ http://localhost:3000/_next/static/chunks/node_modules_next_dist_1e8vcs8._.js:776
[ 1026893ms] [LOG] [Fast Refresh] done in 51ms @ http://localhost:3000/_next/static/chunks/node_modules_next_dist_1e8vcs8._.js:776
[ 1026951ms] [LOG] [Fast Refresh] done in 51ms @ http://localhost:3000/_next/static/chunks/node_modules_next_dist_1e8vcs8._.js:776
[ 1027009ms] [LOG] [Fast Refresh] done in 51ms @ http://localhost:3000/_next/static/chunks/node_modules_next_dist_1e8vcs8._.js:776
[ 1027059ms] [LOG] [Fast Refresh] done in 51ms @ http://localhost:3000/_next/static/chunks/node_modules_next_dist_1e8vcs8._.js:776
[ 1027112ms] [LOG] [Fast Refresh] done in 51ms @ http://localhost:3000/_next/static/chunks/node_modules_next_dist_1e8vcs8._.js:776
[ 1027162ms] [LOG] [Fast Refresh] done in 51ms @ http://localhost:3000/_next/static/chunks/node_modules_next_dist_1e8vcs8._.js:776
[ 1027221ms] [LOG] [Fast Refresh] done in 51ms @ http://localhost:3000/_next/static/chunks/node_modules_next_dist_1e8vcs8._.js:776
[ 1027275ms] [LOG] [Fast Refresh] done in 51ms @ http://localhost:3000/_next/static/chunks/node_modules_next_dist_1e8vcs8._.js:776
[ 1027336ms] [LOG] [Fast Refresh] done in 51ms @ http://localhost:3000/_next/static/chunks/node_modules_next_dist_1e8vcs8._.js:776
[ 1027385ms] [LOG] [Fast Refresh] done in 51ms @ http://localhost:3000/_next/static/chunks/node_modules_next_dist_1e8vcs8._.js:776
[ 1027438ms] [LOG] [Fast Refresh] done in 51ms @ http://localhost:3000/_next/static/chunks/node_modules_next_dist_1e8vcs8._.js:776
[ 1027496ms] [LOG] [Fast Refresh] done in 51ms @ http://localhost:3000/_next/static/chunks/node_modules_next_dist_1e8vcs8._.js:776
[ 1027550ms] [LOG] [Fast Refresh] done in 51ms @ http://localhost:3000/_next/static/chunks/node_modules_next_dist_1e8vcs8._.js:776
[ 1027607ms] [LOG] [Fast Refresh] done in 51ms @ http://localhost:3000/_next/static/chunks/node_modules_next_dist_1e8vcs8._.js:776
[ 1027666ms] [LOG] [Fast Refresh] done in 51ms @ http://localhost:3000/_next/static/chunks/node_modules_next_dist_1e8vcs8._.js:776
[ 1027721ms] [LOG] [Fast Refresh] done in 51ms @ http://localhost:3000/_next/static/chunks/node_modules_next_dist_1e8vcs8._.js:776
[ 1027778ms] [LOG] [Fast Refresh] done in 51ms @ http://localhost:3000/_next/static/chunks/node_modules_next_dist_1e8vcs8._.js:776
[ 1027832ms] [LOG] [Fast Refresh] done in 51ms @ http://localhost:3000/_next/static/chunks/node_modules_next_dist_1e8vcs8._.js:776
[ 1027885ms] [LOG] [Fast Refresh] done in 51ms @ http://localhost:3000/_next/static/chunks/node_modules_next_dist_1e8vcs8._.js:776
[ 1027943ms] [LOG] [Fast Refresh] done in 51ms @ http://localhost:3000/_next/static/chunks/node_modules_next_dist_1e8vcs8._.js:776
[ 1028003ms] [LOG] [Fast Refresh] done in 51ms @ http://localhost:3000/_next/static/chunks/node_modules_next_dist_1e8vcs8._.js:776
[ 1028065ms] [LOG] [Fast Refresh] done in 51ms @ http://localhost:3000/_next/static/chunks/node_modules_next_dist_1e8vcs8._.js:776
[ 1028121ms] [LOG] [Fast Refresh] done in 51ms @ http://localhost:3000/_next/static/chunks/node_modules_next_dist_1e8vcs8._.js:776
[ 1028171ms] [LOG] [Fast Refresh] done in 51ms @ http://localhost:3000/_next/static/chunks/node_modules_next_dist_1e8vcs8._.js:776
[ 1028227ms] [LOG] [Fast Refresh] done in 51ms @ http://localhost:3000/_next/static/chunks/node_modules_next_dist_1e8vcs8._.js:776
[ 1028271ms] [LOG] [Fast Refresh] done in 51ms @ http://localhost:3000/_next/static/chunks/node_modules_next_dist_1e8vcs8._.js:776
[ 1028316ms] [LOG] [Fast Refresh] done in 51ms @ http://localhost:3000/_next/static/chunks/node_modules_next_dist_1e8vcs8._.js:776
[ 1028370ms] [LOG] [Fast Refresh] done in 51ms @ http://localhost:3000/_next/static/chunks/node_modules_next_dist_1e8vcs8._.js:776
[ 1028424ms] [LOG] [Fast Refresh] done in 51ms @ http://localhost:3000/_next/static/chunks/node_modules_next_dist_1e8vcs8._.js:776
[ 1028479ms] [LOG] [Fast Refresh] done in 51ms @ http://localhost:3000/_next/static/chunks/node_modules_next_dist_1e8vcs8._.js:776
[ 1028533ms] [LOG] [Fast Refresh] done in 51ms @ http://localhost:3000/_next/static/chunks/node_modules_next_dist_1e8vcs8._.js:776
[ 1028584ms] [LOG] [Fast Refresh] done in 51ms @ http://localhost:3000/_next/static/chunks/node_modules_next_dist_1e8vcs8._.js:776
[ 1028639ms] [LOG] [Fast Refresh] done in 51ms @ http://localhost:3000/_next/static/chunks/node_modules_next_dist_1e8vcs8._.js:776
[ 1028693ms] [LOG] [Fast Refresh] done in 51ms @ http://localhost:3000/_next/static/chunks/node_modules_next_dist_1e8vcs8._.js:776
[ 1028744ms] [LOG] [Fast Refresh] done in 51ms @ http://localhost:3000/_next/static/chunks/node_modules_next_dist_1e8vcs8._.js:776
[ 1028802ms] [LOG] [Fast Refresh] done in 51ms @ http://localhost:3000/_next/static/chunks/node_modules_next_dist_1e8vcs8._.js:776
[ 1028860ms] [LOG] [Fast Refresh] done in 51ms @ http://localhost:3000/_next/static/chunks/node_modules_next_dist_1e8vcs8._.js:776
[ 1028915ms] [LOG] [Fast Refresh] done in 51ms @ http://localhost:3000/_next/static/chunks/node_modules_next_dist_1e8vcs8._.js:776
[ 1028974ms] [LOG] [Fast Refresh] done in 51ms @ http://localhost:3000/_next/static/chunks/node_modules_next_dist_1e8vcs8._.js:776
[ 1029028ms] [LOG] [Fast Refresh] done in 51ms @ http://localhost:3000/_next/static/chunks/node_modules_next_dist_1e8vcs8._.js:776
[ 1029083ms] [LOG] [Fast Refresh] done in 51ms @ http://localhost:3000/_next/static/chunks/node_modules_next_dist_1e8vcs8._.js:776
[ 1029137ms] [LOG] [Fast Refresh] done in 51ms @ http://localhost:3000/_next/static/chunks/node_modules_next_dist_1e8vcs8._.js:776
[ 1029195ms] [LOG] [Fast Refresh] done in 51ms @ http://localhost:3000/_next/static/chunks/node_modules_next_dist_1e8vcs8._.js:776
[ 1029250ms] [LOG] [Fast Refresh] done in 51ms @ http://localhost:3000/_next/static/chunks/node_modules_next_dist_1e8vcs8._.js:776
[ 1029305ms] [LOG] [Fast Refresh] done in 51ms @ http://localhost:3000/_next/static/chunks/node_modules_next_dist_1e8vcs8._.js:776
[ 1029355ms] [LOG] [Fast Refresh] done in 51ms @ http://localhost:3000/_next/static/chunks/node_modules_next_dist_1e8vcs8._.js:776
[ 1029409ms] [LOG] [Fast Refresh] done in 51ms @ http://localhost:3000/_next/static/chunks/node_modules_next_dist_1e8vcs8._.js:776
[ 1029469ms] [LOG] [Fast Refresh] done in 51ms @ http://localhost:3000/_next/static/chunks/node_modules_next_dist_1e8vcs8._.js:776
[ 1029525ms] [LOG] [Fast Refresh] done in 51ms @ http://localhost:3000/_next/static/chunks/node_modules_next_dist_1e8vcs8._.js:776
[ 1029581ms] [LOG] [Fast Refresh] done in 51ms @ http://localhost:3000/_next/static/chunks/node_modules_next_dist_1e8vcs8._.js:776
[ 1029634ms] [LOG] [Fast Refresh] done in 51ms @ http://localhost:3000/_next/static/chunks/node_modules_next_dist_1e8vcs8._.js:776
[ 1029686ms] [LOG] [Fast Refresh] done in 51ms @ http://localhost:3000/_next/static/chunks/node_modules_next_dist_1e8vcs8._.js:776
[ 1029741ms] [LOG] [Fast Refresh] done in 51ms @ http://localhost:3000/_next/static/chunks/node_modules_next_dist_1e8vcs8._.js:776
[ 1029793ms] [LOG] [Fast Refresh] done in 51ms @ http://localhost:3000/_next/static/chunks/node_modules_next_dist_1e8vcs8._.js:776
[ 1029848ms] [LOG] [Fast Refresh] done in 51ms @ http://localhost:3000/_next/static/chunks/node_modules_next_dist_1e8vcs8._.js:776
[ 1029906ms] [LOG] [Fast Refresh] done in 51ms @ http://localhost:3000/_next/static/chunks/node_modules_next_dist_1e8vcs8._.js:776
[ 1029961ms] [LOG] [Fast Refresh] done in 51ms @ http://localhost:3000/_next/static/chunks/node_modules_next_dist_1e8vcs8._.js:776
[ 1030020ms] [LOG] [Fast Refresh] done in 51ms @ http://localhost:3000/_next/static/chunks/node_modules_next_dist_1e8vcs8._.js:776
[ 1030083ms] [LOG] [Fast Refresh] done in 51ms @ http://localhost:3000/_next/static/chunks/node_modules_next_dist_1e8vcs8._.js:776
[ 1030138ms] [LOG] [Fast Refresh] done in 51ms @ http://localhost:3000/_next/static/chunks/node_modules_next_dist_1e8vcs8._.js:776
[ 1030196ms] [LOG] [Fast Refresh] done in 51ms @ http://localhost:3000/_next/static/chunks/node_modules_next_dist_1e8vcs8._.js:776
[ 1030255ms] [LOG] [Fast Refresh] done in 51ms @ http://localhost:3000/_next/static/chunks/node_modules_next_dist_1e8vcs8._.js:776
[ 1030313ms] [LOG] [Fast Refresh] done in 51ms @ http://localhost:3000/_next/static/chunks/node_modules_next_dist_1e8vcs8._.js:776
[ 1030369ms] [LOG] [Fast Refresh] done in 51ms @ http://localhost:3000/_next/static/chunks/node_modules_next_dist_1e8vcs8._.js:776
[ 1030422ms] [LOG] [Fast Refresh] done in 51ms @ http://localhost:3000/_next/static/chunks/node_modules_next_dist_1e8vcs8._.js:776
[ 1030476ms] [LOG] [Fast Refresh] done in 51ms @ http://localhost:3000/_next/static/chunks/node_modules_next_dist_1e8vcs8._.js:776
[ 1030534ms] [LOG] [Fast Refresh] done in 51ms @ http://localhost:3000/_next/static/chunks/node_modules_next_dist_1e8vcs8._.js:776
[ 1030594ms] [LOG] [Fast Refresh] done in 51ms @ http://localhost:3000/_next/static/chunks/node_modules_next_dist_1e8vcs8._.js:776
[ 1030646ms] [LOG] [Fast Refresh] done in 51ms @ http://localhost:3000/_next/static/chunks/node_modules_next_dist_1e8vcs8._.js:776
[ 1030697ms] [LOG] [Fast Refresh] done in 51ms @ http://localhost:3000/_next/static/chunks/node_modules_next_dist_1e8vcs8._.js:776
[ 1030754ms] [LOG] [Fast Refresh] done in 51ms @ http://localhost:3000/_next/static/chunks/node_modules_next_dist_1e8vcs8._.js:776
[ 1030809ms] [LOG] [Fast Refresh] done in 51ms @ http://localhost:3000/_next/static/chunks/node_modules_next_dist_1e8vcs8._.js:776
[ 1030859ms] [LOG] [Fast Refresh] done in 51ms @ http://localhost:3000/_next/static/chunks/node_modules_next_dist_1e8vcs8._.js:776
[ 1030919ms] [LOG] [Fast Refresh] done in 51ms @ http://localhost:3000/_next/static/chunks/node_modules_next_dist_1e8vcs8._.js:776
[ 1030969ms] [LOG] [Fast Refresh] done in 51ms @ http://localhost:3000/_next/static/chunks/node_modules_next_dist_1e8vcs8._.js:776
[ 1031026ms] [LOG] [Fast Refresh] done in 51ms @ http://localhost:3000/_next/static/chunks/node_modules_next_dist_1e8vcs8._.js:776
[ 1031080ms] [LOG] [Fast Refresh] done in 51ms @ http://localhost:3000/_next/static/chunks/node_modules_next_dist_1e8vcs8._.js:776
[ 1031131ms] [LOG] [Fast Refresh] done in 51ms @ http://localhost:3000/_next/static/chunks/node_modules_next_dist_1e8vcs8._.js:776
[ 1031190ms] [LOG] [Fast Refresh] done in 51ms @ http://localhost:3000/_next/static/chunks/node_modules_next_dist_1e8vcs8._.js:776
[ 1031236ms] [LOG] [Fast Refresh] done in 51ms @ http://localhost:3000/_next/static/chunks/node_modules_next_dist_1e8vcs8._.js:776
[ 1031292ms] [LOG] [Fast Refresh] done in 51ms @ http://localhost:3000/_next/static/chunks/node_modules_next_dist_1e8vcs8._.js:776
[ 1031346ms] [LOG] [Fast Refresh] done in 51ms @ http://localhost:3000/_next/static/chunks/node_modules_next_dist_1e8vcs8._.js:776
[ 1031403ms] [LOG] [Fast Refresh] done in 51ms @ http://localhost:3000/_next/static/chunks/node_modules_next_dist_1e8vcs8._.js:776
[ 1031453ms] [LOG] [Fast Refresh] done in 51ms @ http://localhost:3000/_next/static/chunks/node_modules_next_dist_1e8vcs8._.js:776
[ 1031511ms] [LOG] [Fast Refresh] done in 51ms @ http://localhost:3000/_next/static/chunks/node_modules_next_dist_1e8vcs8._.js:776
[ 1031564ms] [LOG] [Fast Refresh] done in 51ms @ http://localhost:3000/_next/static/chunks/node_modules_next_dist_1e8vcs8._.js:776
[ 1031617ms] [LOG] [Fast Refresh] done in 51ms @ http://localhost:3000/_next/static/chunks/node_modules_next_dist_1e8vcs8._.js:776
[ 1031669ms] [LOG] [Fast Refresh] done in 51ms @ http://localhost:3000/_next/static/chunks/node_modules_next_dist_1e8vcs8._.js:776
[ 1031729ms] [LOG] [Fast Refresh] done in 51ms @ http://localhost:3000/_next/static/chunks/node_modules_next_dist_1e8vcs8._.js:776
[ 1031786ms] [LOG] [Fast Refresh] done in 51ms @ http://localhost:3000/_next/static/chunks/node_modules_next_dist_1e8vcs8._.js:776
[ 1031844ms] [LOG] [Fast Refresh] done in 51ms @ http://localhost:3000/_next/static/chunks/node_modules_next_dist_1e8vcs8._.js:776
[ 1031899ms] [LOG] [Fast Refresh] done in 51ms @ http://localhost:3000/_next/static/chunks/node_modules_next_dist_1e8vcs8._.js:776
[ 1031954ms] [LOG] [Fast Refresh] done in 51ms @ http://localhost:3000/_next/static/chunks/node_modules_next_dist_1e8vcs8._.js:776
[ 1032013ms] [LOG] [Fast Refresh] done in 51ms @ http://localhost:3000/_next/static/chunks/node_modules_next_dist_1e8vcs8._.js:776
[ 1032068ms] [LOG] [Fast Refresh] done in 51ms @ http://localhost:3000/_next/static/chunks/node_modules_next_dist_1e8vcs8._.js:776
[ 1032124ms] [LOG] [Fast Refresh] done in 51ms @ http://localhost:3000/_next/static/chunks/node_modules_next_dist_1e8vcs8._.js:776
[ 1032170ms] [LOG] [Fast Refresh] done in 51ms @ http://localhost:3000/_next/static/chunks/node_modules_next_dist_1e8vcs8._.js:776
[ 1032216ms] [LOG] [Fast Refresh] done in 51ms @ http://localhost:3000/_next/static/chunks/node_modules_next_dist_1e8vcs8._.js:776
[ 1032268ms] [LOG] [Fast Refresh] done in 51ms @ http://localhost:3000/_next/static/chunks/node_modules_next_dist_1e8vcs8._.js:776
[ 1032317ms] [LOG] [Fast Refresh] done in 51ms @ http://localhost:3000/_next/static/chunks/node_modules_next_dist_1e8vcs8._.js:776
[ 1032372ms] [LOG] [Fast Refresh] done in 51ms @ http://localhost:3000/_next/static/chunks/node_modules_next_dist_1e8vcs8._.js:776
[ 1032424ms] [LOG] [Fast Refresh] done in 51ms @ http://localhost:3000/_next/static/chunks/node_modules_next_dist_1e8vcs8._.js:776
[ 1032471ms] [LOG] [Fast Refresh] done in 51ms @ http://localhost:3000/_next/static/chunks/node_modules_next_dist_1e8vcs8._.js:776
[ 1032529ms] [LOG] [Fast Refresh] done in 51ms @ http://localhost:3000/_next/static/chunks/node_modules_next_dist_1e8vcs8._.js:776
[ 1032581ms] [LOG] [Fast Refresh] done in 51ms @ http://localhost:3000/_next/static/chunks/node_modules_next_dist_1e8vcs8._.js:776
[ 1032632ms] [LOG] [Fast Refresh] done in 51ms @ http://localhost:3000/_next/static/chunks/node_modules_next_dist_1e8vcs8._.js:776
[ 1032682ms] [LOG] [Fast Refresh] done in 51ms @ http://localhost:3000/_next/static/chunks/node_modules_next_dist_1e8vcs8._.js:776
[ 1032740ms] [LOG] [Fast Refresh] done in 51ms @ http://localhost:3000/_next/static/chunks/node_modules_next_dist_1e8vcs8._.js:776
[ 1032800ms] [LOG] [Fast Refresh] done in 51ms @ http://localhost:3000/_next/static/chunks/node_modules_next_dist_1e8vcs8._.js:776
[ 1032845ms] [LOG] [Fast Refresh] done in 51ms @ http://localhost:3000/_next/static/chunks/node_modules_next_dist_1e8vcs8._.js:776
[ 1032902ms] [LOG] [Fast Refresh] done in 51ms @ http://localhost:3000/_next/static/chunks/node_modules_next_dist_1e8vcs8._.js:776
[ 1032955ms] [LOG] [Fast Refresh] done in 51ms @ http://localhost:3000/_next/static/chunks/node_modules_next_dist_1e8vcs8._.js:776
[ 1033004ms] [LOG] [Fast Refresh] done in 51ms @ http://localhost:3000/_next/static/chunks/node_modules_next_dist_1e8vcs8._.js:776
[ 1033058ms] [LOG] [Fast Refresh] done in 51ms @ http://localhost:3000/_next/static/chunks/node_modules_next_dist_1e8vcs8._.js:776
[ 1033113ms] [LOG] [Fast Refresh] done in 51ms @ http://localhost:3000/_next/static/chunks/node_modules_next_dist_1e8vcs8._.js:776
[ 1033175ms] [LOG] [Fast Refresh] done in 51ms @ http://localhost:3000/_next/static/chunks/node_modules_next_dist_1e8vcs8._.js:776
[ 1033228ms] [LOG] [Fast Refresh] done in 51ms @ http://localhost:3000/_next/static/chunks/node_modules_next_dist_1e8vcs8._.js:776
[ 1033287ms] [LOG] [Fast Refresh] done in 51ms @ http://localhost:3000/_next/static/chunks/node_modules_next_dist_1e8vcs8._.js:776
[ 1033344ms] [LOG] [Fast Refresh] done in 51ms @ http://localhost:3000/_next/static/chunks/node_modules_next_dist_1e8vcs8._.js:776
[ 1033398ms] [LOG] [Fast Refresh] done in 51ms @ http://localhost:3000/_next/static/chunks/node_modules_next_dist_1e8vcs8._.js:776
[ 1033453ms] [LOG] [Fast Refresh] done in 51ms @ http://localhost:3000/_next/static/chunks/node_modules_next_dist_1e8vcs8._.js:776
[ 1033506ms] [LOG] [Fast Refresh] done in 51ms @ http://localhost:3000/_next/static/chunks/node_modules_next_dist_1e8vcs8._.js:776
[ 1033559ms] [LOG] [Fast Refresh] done in 51ms @ http://localhost:3000/_next/static/chunks/node_modules_next_dist_1e8vcs8._.js:776
[ 1033610ms] [LOG] [Fast Refresh] done in 51ms @ http://localhost:3000/_next/static/chunks/node_modules_next_dist_1e8vcs8._.js:776
[ 1033664ms] [LOG] [Fast Refresh] done in 51ms @ http://localhost:3000/_next/static/chunks/node_modules_next_dist_1e8vcs8._.js:776
[ 1033721ms] [LOG] [Fast Refresh] done in 51ms @ http://localhost:3000/_next/static/chunks/node_modules_next_dist_1e8vcs8._.js:776
[ 1033770ms] [LOG] [Fast Refresh] done in 51ms @ http://localhost:3000/_next/static/chunks/node_modules_next_dist_1e8vcs8._.js:776
[ 1033821ms] [LOG] [Fast Refresh] done in 51ms @ http://localhost:3000/_next/static/chunks/node_modules_next_dist_1e8vcs8._.js:776
[ 1033873ms] [LOG] [Fast Refresh] done in 51ms @ http://localhost:3000/_next/static/chunks/node_modules_next_dist_1e8vcs8._.js:776
[ 1033923ms] [LOG] [Fast Refresh] done in 51ms @ http://localhost:3000/_next/static/chunks/node_modules_next_dist_1e8vcs8._.js:776
[ 1033978ms] [LOG] [Fast Refresh] done in 51ms @ http://localhost:3000/_next/static/chunks/node_modules_next_dist_1e8vcs8._.js:776
[ 1034037ms] [LOG] [Fast Refresh] done in 51ms @ http://localhost:3000/_next/static/chunks/node_modules_next_dist_1e8vcs8._.js:776
[ 1034083ms] [LOG] [Fast Refresh] done in 51ms @ http://localhost:3000/_next/static/chunks/node_modules_next_dist_1e8vcs8._.js:776
[ 1034138ms] [LOG] [Fast Refresh] done in 51ms @ http://localhost:3000/_next/static/chunks/node_modules_next_dist_1e8vcs8._.js:776
[ 1034197ms] [LOG] [Fast Refresh] done in 51ms @ http://localhost:3000/_next/static/chunks/node_modules_next_dist_1e8vcs8._.js:776
[ 1034248ms] [LOG] [Fast Refresh] done in 51ms @ http://localhost:3000/_next/static/chunks/node_modules_next_dist_1e8vcs8._.js:776
[ 1034307ms] [LOG] [Fast Refresh] done in 51ms @ http://localhost:3000/_next/static/chunks/node_modules_next_dist_1e8vcs8._.js:776
[ 1034357ms] [LOG] [Fast Refresh] done in 51ms @ http://localhost:3000/_next/static/chunks/node_modules_next_dist_1e8vcs8._.js:776
[ 1034416ms] [LOG] [Fast Refresh] done in 51ms @ http://localhost:3000/_next/static/chunks/node_modules_next_dist_1e8vcs8._.js:776
[ 1034473ms] [LOG] [Fast Refresh] done in 51ms @ http://localhost:3000/_next/static/chunks/node_modules_next_dist_1e8vcs8._.js:776
[ 1034531ms] [LOG] [Fast Refresh] done in 51ms @ http://localhost:3000/_next/static/chunks/node_modules_next_dist_1e8vcs8._.js:776
[ 1034587ms] [LOG] [Fast Refresh] done in 51ms @ http://localhost:3000/_next/static/chunks/node_modules_next_dist_1e8vcs8._.js:776
[ 1034637ms] [LOG] [Fast Refresh] done in 51ms @ http://localhost:3000/_next/static/chunks/node_modules_next_dist_1e8vcs8._.js:776
[ 1034696ms] [LOG] [Fast Refresh] done in 51ms @ http://localhost:3000/_next/static/chunks/node_modules_next_dist_1e8vcs8._.js:776
[ 1034756ms] [LOG] [Fast Refresh] done in 51ms @ http://localhost:3000/_next/static/chunks/node_modules_next_dist_1e8vcs8._.js:776
[ 1034815ms] [LOG] [Fast Refresh] done in 51ms @ http://localhost:3000/_next/static/chunks/node_modules_next_dist_1e8vcs8._.js:776
[ 1034866ms] [LOG] [Fast Refresh] done in 51ms @ http://localhost:3000/_next/static/chunks/node_modules_next_dist_1e8vcs8._.js:776
[ 1034924ms] [LOG] [Fast Refresh] done in 51ms @ http://localhost:3000/_next/static/chunks/node_modules_next_dist_1e8vcs8._.js:776
[ 1034987ms] [LOG] [Fast Refresh] done in 51ms @ http://localhost:3000/_next/static/chunks/node_modules_next_dist_1e8vcs8._.js:776
[ 1035045ms] [LOG] [Fast Refresh] done in 51ms @ http://localhost:3000/_next/static/chunks/node_modules_next_dist_1e8vcs8._.js:776
[ 1035100ms] [LOG] [Fast Refresh] done in 51ms @ http://localhost:3000/_next/static/chunks/node_modules_next_dist_1e8vcs8._.js:776
[ 1035154ms] [LOG] [Fast Refresh] done in 51ms @ http://localhost:3000/_next/static/chunks/node_modules_next_dist_1e8vcs8._.js:776
[ 1035212ms] [LOG] [Fast Refresh] done in 51ms @ http://localhost:3000/_next/static/chunks/node_modules_next_dist_1e8vcs8._.js:776
[ 1035271ms] [LOG] [Fast Refresh] done in 51ms @ http://localhost:3000/_next/static/chunks/node_modules_next_dist_1e8vcs8._.js:776
[ 1035326ms] [LOG] [Fast Refresh] done in 51ms @ http://localhost:3000/_next/static/chunks/node_modules_next_dist_1e8vcs8._.js:776
[ 1035378ms] [LOG] [Fast Refresh] done in 51ms @ http://localhost:3000/_next/static/chunks/node_modules_next_dist_1e8vcs8._.js:776
[ 1035428ms] [LOG] [Fast Refresh] done in 51ms @ http://localhost:3000/_next/static/chunks/node_modules_next_dist_1e8vcs8._.js:776
[ 1035488ms] [LOG] [Fast Refresh] done in 51ms @ http://localhost:3000/_next/static/chunks/node_modules_next_dist_1e8vcs8._.js:776
[ 1035541ms] [LOG] [Fast Refresh] done in 51ms @ http://localhost:3000/_next/static/chunks/node_modules_next_dist_1e8vcs8._.js:776
[ 1035598ms] [LOG] [Fast Refresh] done in 51ms @ http://localhost:3000/_next/static/chunks/node_modules_next_dist_1e8vcs8._.js:776
[ 1035652ms] [LOG] [Fast Refresh] done in 51ms @ http://localhost:3000/_next/static/chunks/node_modules_next_dist_1e8vcs8._.js:776
[ 1035708ms] [LOG] [Fast Refresh] done in 51ms @ http://localhost:3000/_next/static/chunks/node_modules_next_dist_1e8vcs8._.js:776
[ 1035754ms] [LOG] [Fast Refresh] done in 51ms @ http://localhost:3000/_next/static/chunks/node_modules_next_dist_1e8vcs8._.js:776
[ 1035809ms] [LOG] [Fast Refresh] done in 51ms @ http://localhost:3000/_next/static/chunks/node_modules_next_dist_1e8vcs8._.js:776
[ 1035865ms] [LOG] [Fast Refresh] done in 51ms @ http://localhost:3000/_next/static/chunks/node_modules_next_dist_1e8vcs8._.js:776
[ 1035910ms] [LOG] [Fast Refresh] done in 51ms @ http://localhost:3000/_next/static/chunks/node_modules_next_dist_1e8vcs8._.js:776
[ 1035973ms] [LOG] [Fast Refresh] done in 51ms @ http://localhost:3000/_next/static/chunks/node_modules_next_dist_1e8vcs8._.js:776
[ 1036021ms] [LOG] [Fast Refresh] done in 51ms @ http://localhost:3000/_next/static/chunks/node_modules_next_dist_1e8vcs8._.js:776
[ 1036067ms] [LOG] [Fast Refresh] done in 51ms @ http://localhost:3000/_next/static/chunks/node_modules_next_dist_1e8vcs8._.js:776
[ 1036121ms] [LOG] [Fast Refresh] done in 51ms @ http://localhost:3000/_next/static/chunks/node_modules_next_dist_1e8vcs8._.js:776
[ 1036180ms] [LOG] [Fast Refresh] done in 51ms @ http://localhost:3000/_next/static/chunks/node_modules_next_dist_1e8vcs8._.js:776
[ 1036239ms] [LOG] [Fast Refresh] done in 51ms @ http://localhost:3000/_next/static/chunks/node_modules_next_dist_1e8vcs8._.js:776
[ 1036298ms] [LOG] [Fast Refresh] done in 51ms @ http://localhost:3000/_next/static/chunks/node_modules_next_dist_1e8vcs8._.js:776
[ 1036352ms] [LOG] [Fast Refresh] done in 51ms @ http://localhost:3000/_next/static/chunks/node_modules_next_dist_1e8vcs8._.js:776
[ 1036411ms] [LOG] [Fast Refresh] done in 51ms @ http://localhost:3000/_next/static/chunks/node_modules_next_dist_1e8vcs8._.js:776
[ 1036465ms] [LOG] [Fast Refresh] done in 51ms @ http://localhost:3000/_next/static/chunks/node_modules_next_dist_1e8vcs8._.js:776
[ 1036518ms] [LOG] [Fast Refresh] done in 51ms @ http://localhost:3000/_next/static/chunks/node_modules_next_dist_1e8vcs8._.js:776
[ 1036572ms] [LOG] [Fast Refresh] done in 51ms @ http://localhost:3000/_next/static/chunks/node_modules_next_dist_1e8vcs8._.js:776
[ 1036632ms] [LOG] [Fast Refresh] done in 51ms @ http://localhost:3000/_next/static/chunks/node_modules_next_dist_1e8vcs8._.js:776
[ 1036691ms] [LOG] [Fast Refresh] done in 51ms @ http://localhost:3000/_next/static/chunks/node_modules_next_dist_1e8vcs8._.js:776
[ 1036742ms] [LOG] [Fast Refresh] done in 51ms @ http://localhost:3000/_next/static/chunks/node_modules_next_dist_1e8vcs8._.js:776
[ 1036802ms] [LOG] [Fast Refresh] done in 51ms @ http://localhost:3000/_next/static/chunks/node_modules_next_dist_1e8vcs8._.js:776
[ 1036860ms] [LOG] [Fast Refresh] done in 51ms @ http://localhost:3000/_next/static/chunks/node_modules_next_dist_1e8vcs8._.js:776
[ 1036915ms] [LOG] [Fast Refresh] done in 51ms @ http://localhost:3000/_next/static/chunks/node_modules_next_dist_1e8vcs8._.js:776
[ 1036970ms] [LOG] [Fast Refresh] done in 51ms @ http://localhost:3000/_next/static/chunks/node_modules_next_dist_1e8vcs8._.js:776
[ 1037029ms] [LOG] [Fast Refresh] done in 51ms @ http://localhost:3000/_next/static/chunks/node_modules_next_dist_1e8vcs8._.js:776
[ 1037089ms] [LOG] [Fast Refresh] done in 51ms @ http://localhost:3000/_next/static/chunks/node_modules_next_dist_1e8vcs8._.js:776
[ 1037147ms] [LOG] [Fast Refresh] done in 51ms @ http://localhost:3000/_next/static/chunks/node_modules_next_dist_1e8vcs8._.js:776
[ 1037198ms] [LOG] [Fast Refresh] done in 51ms @ http://localhost:3000/_next/static/chunks/node_modules_next_dist_1e8vcs8._.js:776
[ 1037250ms] [LOG] [Fast Refresh] done in 51ms @ http://localhost:3000/_next/static/chunks/node_modules_next_dist_1e8vcs8._.js:776
[ 1037305ms] [LOG] [Fast Refresh] done in 51ms @ http://localhost:3000/_next/static/chunks/node_modules_next_dist_1e8vcs8._.js:776
[ 1037355ms] [LOG] [Fast Refresh] done in 51ms @ http://localhost:3000/_next/static/chunks/node_modules_next_dist_1e8vcs8._.js:776
[ 1037409ms] [LOG] [Fast Refresh] done in 51ms @ http://localhost:3000/_next/static/chunks/node_modules_next_dist_1e8vcs8._.js:776
[ 1037466ms] [LOG] [Fast Refresh] done in 51ms @ http://localhost:3000/_next/static/chunks/node_modules_next_dist_1e8vcs8._.js:776
[ 1037524ms] [LOG] [Fast Refresh] done in 51ms @ http://localhost:3000/_next/static/chunks/node_modules_next_dist_1e8vcs8._.js:776
[ 1037577ms] [LOG] [Fast Refresh] done in 51ms @ http://localhost:3000/_next/static/chunks/node_modules_next_dist_1e8vcs8._.js:776
[ 1037630ms] [LOG] [Fast Refresh] done in 51ms @ http://localhost:3000/_next/static/chunks/node_modules_next_dist_1e8vcs8._.js:776
[ 1037681ms] [LOG] [Fast Refresh] done in 51ms @ http://localhost:3000/_next/static/chunks/node_modules_next_dist_1e8vcs8._.js:776
[ 1037743ms] [LOG] [Fast Refresh] done in 51ms @ http://localhost:3000/_next/static/chunks/node_modules_next_dist_1e8vcs8._.js:776
[ 1037798ms] [LOG] [Fast Refresh] done in 51ms @ http://localhost:3000/_next/static/chunks/node_modules_next_dist_1e8vcs8._.js:776
[ 1037856ms] [LOG] [Fast Refresh] done in 51ms @ http://localhost:3000/_next/static/chunks/node_modules_next_dist_1e8vcs8._.js:776
[ 1037914ms] [LOG] [Fast Refresh] done in 51ms @ http://localhost:3000/_next/static/chunks/node_modules_next_dist_1e8vcs8._.js:776
[ 1037956ms] [LOG] [Fast Refresh] done in 51ms @ http://localhost:3000/_next/static/chunks/node_modules_next_dist_1e8vcs8._.js:776
[ 1038010ms] [LOG] [Fast Refresh] done in 51ms @ http://localhost:3000/_next/static/chunks/node_modules_next_dist_1e8vcs8._.js:776
[ 1038064ms] [LOG] [Fast Refresh] done in 51ms @ http://localhost:3000/_next/static/chunks/node_modules_next_dist_1e8vcs8._.js:776
[ 1038119ms] [LOG] [Fast Refresh] done in 51ms @ http://localhost:3000/_next/static/chunks/node_modules_next_dist_1e8vcs8._.js:776
[ 1038174ms] [LOG] [Fast Refresh] done in 51ms @ http://localhost:3000/_next/static/chunks/node_modules_next_dist_1e8vcs8._.js:776
[ 1038221ms] [LOG] [Fast Refresh] done in 51ms @ http://localhost:3000/_next/static/chunks/node_modules_next_dist_1e8vcs8._.js:776
[ 1038281ms] [LOG] [Fast Refresh] done in 51ms @ http://localhost:3000/_next/static/chunks/node_modules_next_dist_1e8vcs8._.js:776
[ 1038341ms] [LOG] [Fast Refresh] done in 51ms @ http://localhost:3000/_next/static/chunks/node_modules_next_dist_1e8vcs8._.js:776
[ 1038393ms] [LOG] [Fast Refresh] done in 51ms @ http://localhost:3000/_next/static/chunks/node_modules_next_dist_1e8vcs8._.js:776
[ 1038446ms] [LOG] [Fast Refresh] done in 51ms @ http://localhost:3000/_next/static/chunks/node_modules_next_dist_1e8vcs8._.js:776
[ 1038499ms] [LOG] [Fast Refresh] done in 51ms @ http://localhost:3000/_next/static/chunks/node_modules_next_dist_1e8vcs8._.js:776
[ 1038548ms] [LOG] [Fast Refresh] done in 51ms @ http://localhost:3000/_next/static/chunks/node_modules_next_dist_1e8vcs8._.js:776
[ 1038602ms] [LOG] [Fast Refresh] done in 51ms @ http://localhost:3000/_next/static/chunks/node_modules_next_dist_1e8vcs8._.js:776
[ 1038656ms] [LOG] [Fast Refresh] done in 51ms @ http://localhost:3000/_next/static/chunks/node_modules_next_dist_1e8vcs8._.js:776
[ 1038715ms] [LOG] [Fast Refresh] done in 51ms @ http://localhost:3000/_next/static/chunks/node_modules_next_dist_1e8vcs8._.js:776
[ 1038774ms] [LOG] [Fast Refresh] done in 51ms @ http://localhost:3000/_next/static/chunks/node_modules_next_dist_1e8vcs8._.js:776
[ 1038833ms] [LOG] [Fast Refresh] done in 51ms @ http://localhost:3000/_next/static/chunks/node_modules_next_dist_1e8vcs8._.js:776
[ 1038887ms] [LOG] [Fast Refresh] done in 51ms @ http://localhost:3000/_next/static/chunks/node_modules_next_dist_1e8vcs8._.js:776
[ 1038946ms] [LOG] [Fast Refresh] done in 51ms @ http://localhost:3000/_next/static/chunks/node_modules_next_dist_1e8vcs8._.js:776
[ 1039009ms] [LOG] [Fast Refresh] done in 51ms @ http://localhost:3000/_next/static/chunks/node_modules_next_dist_1e8vcs8._.js:776
[ 1039064ms] [LOG] [Fast Refresh] done in 51ms @ http://localhost:3000/_next/static/chunks/node_modules_next_dist_1e8vcs8._.js:776
[ 1039109ms] [LOG] [Fast Refresh] done in 51ms @ http://localhost:3000/_next/static/chunks/node_modules_next_dist_1e8vcs8._.js:776
[ 1039168ms] [LOG] [Fast Refresh] done in 51ms @ http://localhost:3000/_next/static/chunks/node_modules_next_dist_1e8vcs8._.js:776
[ 1039230ms] [LOG] [Fast Refresh] done in 51ms @ http://localhost:3000/_next/static/chunks/node_modules_next_dist_1e8vcs8._.js:776
[ 1039288ms] [LOG] [Fast Refresh] done in 51ms @ http://localhost:3000/_next/static/chunks/node_modules_next_dist_1e8vcs8._.js:776
[ 1039346ms] [LOG] [Fast Refresh] done in 51ms @ http://localhost:3000/_next/static/chunks/node_modules_next_dist_1e8vcs8._.js:776
[ 1039403ms] [LOG] [Fast Refresh] done in 51ms @ http://localhost:3000/_next/static/chunks/node_modules_next_dist_1e8vcs8._.js:776
[ 1039450ms] [LOG] [Fast Refresh] done in 51ms @ http://localhost:3000/_next/static/chunks/node_modules_next_dist_1e8vcs8._.js:776
[ 1039498ms] [LOG] [Fast Refresh] done in 51ms @ http://localhost:3000/_next/static/chunks/node_modules_next_dist_1e8vcs8._.js:776
[ 1039556ms] [LOG] [Fast Refresh] done in 51ms @ http://localhost:3000/_next/static/chunks/node_modules_next_dist_1e8vcs8._.js:776
[ 1039610ms] [LOG] [Fast Refresh] done in 51ms @ http://localhost:3000/_next/static/chunks/node_modules_next_dist_1e8vcs8._.js:776
[ 1039666ms] [LOG] [Fast Refresh] done in 51ms @ http://localhost:3000/_next/static/chunks/node_modules_next_dist_1e8vcs8._.js:776
[ 1039723ms] [LOG] [Fast Refresh] done in 51ms @ http://localhost:3000/_next/static/chunks/node_modules_next_dist_1e8vcs8._.js:776
[ 1039777ms] [LOG] [Fast Refresh] done in 51ms @ http://localhost:3000/_next/static/chunks/node_modules_next_dist_1e8vcs8._.js:776
[ 1039832ms] [LOG] [Fast Refresh] done in 51ms @ http://localhost:3000/_next/static/chunks/node_modules_next_dist_1e8vcs8._.js:776
[ 1039890ms] [LOG] [Fast Refresh] done in 51ms @ http://localhost:3000/_next/static/chunks/node_modules_next_dist_1e8vcs8._.js:776
[ 1039945ms] [LOG] [Fast Refresh] done in 51ms @ http://localhost:3000/_next/static/chunks/node_modules_next_dist_1e8vcs8._.js:776
[ 1040000ms] [LOG] [Fast Refresh] done in 51ms @ http://localhost:3000/_next/static/chunks/node_modules_next_dist_1e8vcs8._.js:776
[ 1040054ms] [LOG] [Fast Refresh] done in 51ms @ http://localhost:3000/_next/static/chunks/node_modules_next_dist_1e8vcs8._.js:776
[ 1040108ms] [LOG] [Fast Refresh] done in 51ms @ http://localhost:3000/_next/static/chunks/node_modules_next_dist_1e8vcs8._.js:776
[ 1040166ms] [LOG] [Fast Refresh] done in 51ms @ http://localhost:3000/_next/static/chunks/node_modules_next_dist_1e8vcs8._.js:776
[ 1040220ms] [LOG] [Fast Refresh] done in 51ms @ http://localhost:3000/_next/static/chunks/node_modules_next_dist_1e8vcs8._.js:776
[ 1040273ms] [LOG] [Fast Refresh] done in 51ms @ http://localhost:3000/_next/static/chunks/node_modules_next_dist_1e8vcs8._.js:776
[ 1040335ms] [LOG] [Fast Refresh] done in 51ms @ http://localhost:3000/_next/static/chunks/node_modules_next_dist_1e8vcs8._.js:776
[ 1040397ms] [LOG] [Fast Refresh] done in 51ms @ http://localhost:3000/_next/static/chunks/node_modules_next_dist_1e8vcs8._.js:776
[ 1040447ms] [LOG] [Fast Refresh] done in 51ms @ http://localhost:3000/_next/static/chunks/node_modules_next_dist_1e8vcs8._.js:776
[ 1040505ms] [LOG] [Fast Refresh] done in 51ms @ http://localhost:3000/_next/static/chunks/node_modules_next_dist_1e8vcs8._.js:776
[ 1040550ms] [LOG] [Fast Refresh] done in 51ms @ http://localhost:3000/_next/static/chunks/node_modules_next_dist_1e8vcs8._.js:776
[ 1040604ms] [LOG] [Fast Refresh] done in 51ms @ http://localhost:3000/_next/static/chunks/node_modules_next_dist_1e8vcs8._.js:776
[ 1040663ms] [LOG] [Fast Refresh] done in 51ms @ http://localhost:3000/_next/static/chunks/node_modules_next_dist_1e8vcs8._.js:776
[ 1040719ms] [LOG] [Fast Refresh] done in 51ms @ http://localhost:3000/_next/static/chunks/node_modules_next_dist_1e8vcs8._.js:776
[ 1040765ms] [LOG] [Fast Refresh] done in 51ms @ http://localhost:3000/_next/static/chunks/node_modules_next_dist_1e8vcs8._.js:776
[ 1040823ms] [LOG] [Fast Refresh] done in 51ms @ http://localhost:3000/_next/static/chunks/node_modules_next_dist_1e8vcs8._.js:776
[ 1040880ms] [LOG] [Fast Refresh] done in 51ms @ http://localhost:3000/_next/static/chunks/node_modules_next_dist_1e8vcs8._.js:776
[ 1040941ms] [LOG] [Fast Refresh] done in 51ms @ http://localhost:3000/_next/static/chunks/node_modules_next_dist_1e8vcs8._.js:776
[ 1040995ms] [LOG] [Fast Refresh] done in 51ms @ http://localhost:3000/_next/static/chunks/node_modules_next_dist_1e8vcs8._.js:776
[ 1041053ms] [LOG] [Fast Refresh] done in 51ms @ http://localhost:3000/_next/static/chunks/node_modules_next_dist_1e8vcs8._.js:776
[ 1041114ms] [LOG] [Fast Refresh] done in 51ms @ http://localhost:3000/_next/static/chunks/node_modules_next_dist_1e8vcs8._.js:776
[ 1041172ms] [LOG] [Fast Refresh] done in 51ms @ http://localhost:3000/_next/static/chunks/node_modules_next_dist_1e8vcs8._.js:776
[ 1041225ms] [LOG] [Fast Refresh] done in 51ms @ http://localhost:3000/_next/static/chunks/node_modules_next_dist_1e8vcs8._.js:776
[ 1041284ms] [LOG] [Fast Refresh] done in 51ms @ http://localhost:3000/_next/static/chunks/node_modules_next_dist_1e8vcs8._.js:776
[ 1041338ms] [LOG] [Fast Refresh] done in 51ms @ http://localhost:3000/_next/static/chunks/node_modules_next_dist_1e8vcs8._.js:776
[ 1041396ms] [LOG] [Fast Refresh] done in 51ms @ http://localhost:3000/_next/static/chunks/node_modules_next_dist_1e8vcs8._.js:776
[ 1041454ms] [LOG] [Fast Refresh] done in 51ms @ http://localhost:3000/_next/static/chunks/node_modules_next_dist_1e8vcs8._.js:776
[ 1041502ms] [LOG] [Fast Refresh] done in 51ms @ http://localhost:3000/_next/static/chunks/node_modules_next_dist_1e8vcs8._.js:776
[ 1041548ms] [LOG] [Fast Refresh] done in 51ms @ http://localhost:3000/_next/static/chunks/node_modules_next_dist_1e8vcs8._.js:776
[ 1041605ms] [LOG] [Fast Refresh] done in 51ms @ http://localhost:3000/_next/static/chunks/node_modules_next_dist_1e8vcs8._.js:776
[ 1041656ms] [LOG] [Fast Refresh] done in 51ms @ http://localhost:3000/_next/static/chunks/node_modules_next_dist_1e8vcs8._.js:776
[ 1041718ms] [LOG] [Fast Refresh] done in 51ms @ http://localhost:3000/_next/static/chunks/node_modules_next_dist_1e8vcs8._.js:776
[ 1041775ms] [LOG] [Fast Refresh] done in 51ms @ http://localhost:3000/_next/static/chunks/node_modules_next_dist_1e8vcs8._.js:776
[ 1041825ms] [LOG] [Fast Refresh] done in 51ms @ http://localhost:3000/_next/static/chunks/node_modules_next_dist_1e8vcs8._.js:776
[ 1041882ms] [LOG] [Fast Refresh] done in 51ms @ http://localhost:3000/_next/static/chunks/node_modules_next_dist_1e8vcs8._.js:776
[ 1041937ms] [LOG] [Fast Refresh] done in 51ms @ http://localhost:3000/_next/static/chunks/node_modules_next_dist_1e8vcs8._.js:776
[ 1041991ms] [LOG] [Fast Refresh] done in 51ms @ http://localhost:3000/_next/static/chunks/node_modules_next_dist_1e8vcs8._.js:776
[ 1042053ms] [LOG] [Fast Refresh] done in 51ms @ http://localhost:3000/_next/static/chunks/node_modules_next_dist_1e8vcs8._.js:776
[ 1042115ms] [LOG] [Fast Refresh] done in 51ms @ http://localhost:3000/_next/static/chunks/node_modules_next_dist_1e8vcs8._.js:776
[ 1042173ms] [LOG] [Fast Refresh] done in 51ms @ http://localhost:3000/_next/static/chunks/node_modules_next_dist_1e8vcs8._.js:776
[ 1042228ms] [LOG] [Fast Refresh] done in 51ms @ http://localhost:3000/_next/static/chunks/node_modules_next_dist_1e8vcs8._.js:776
[ 1042282ms] [LOG] [Fast Refresh] done in 51ms @ http://localhost:3000/_next/static/chunks/node_modules_next_dist_1e8vcs8._.js:776
[ 1042328ms] [LOG] [Fast Refresh] done in 51ms @ http://localhost:3000/_next/static/chunks/node_modules_next_dist_1e8vcs8._.js:776
[ 1042382ms] [LOG] [Fast Refresh] done in 51ms @ http://localhost:3000/_next/static/chunks/node_modules_next_dist_1e8vcs8._.js:776
[ 1042432ms] [LOG] [Fast Refresh] done in 51ms @ http://localhost:3000/_next/static/chunks/node_modules_next_dist_1e8vcs8._.js:776
[ 1042489ms] [LOG] [Fast Refresh] done in 51ms @ http://localhost:3000/_next/static/chunks/node_modules_next_dist_1e8vcs8._.js:776
[ 1042549ms] [LOG] [Fast Refresh] done in 51ms @ http://localhost:3000/_next/static/chunks/node_modules_next_dist_1e8vcs8._.js:776
[ 1042603ms] [LOG] [Fast Refresh] done in 51ms @ http://localhost:3000/_next/static/chunks/node_modules_next_dist_1e8vcs8._.js:776
[ 1042658ms] [LOG] [Fast Refresh] done in 51ms @ http://localhost:3000/_next/static/chunks/node_modules_next_dist_1e8vcs8._.js:776
[ 1042716ms] [LOG] [Fast Refresh] done in 51ms @ http://localhost:3000/_next/static/chunks/node_modules_next_dist_1e8vcs8._.js:776
[ 1042772ms] [LOG] [Fast Refresh] done in 51ms @ http://localhost:3000/_next/static/chunks/node_modules_next_dist_1e8vcs8._.js:776
[ 1042819ms] [LOG] [Fast Refresh] done in 51ms @ http://localhost:3000/_next/static/chunks/node_modules_next_dist_1e8vcs8._.js:776
[ 1042874ms] [LOG] [Fast Refresh] done in 51ms @ http://localhost:3000/_next/static/chunks/node_modules_next_dist_1e8vcs8._.js:776
[ 1042932ms] [LOG] [Fast Refresh] done in 51ms @ http://localhost:3000/_next/static/chunks/node_modules_next_dist_1e8vcs8._.js:776
[ 1042983ms] [LOG] [Fast Refresh] done in 51ms @ http://localhost:3000/_next/static/chunks/node_modules_next_dist_1e8vcs8._.js:776
[ 1043043ms] [LOG] [Fast Refresh] done in 51ms @ http://localhost:3000/_next/static/chunks/node_modules_next_dist_1e8vcs8._.js:776
[ 1043098ms] [LOG] [Fast Refresh] done in 51ms @ http://localhost:3000/_next/static/chunks/node_modules_next_dist_1e8vcs8._.js:776
[ 1043152ms] [LOG] [Fast Refresh] done in 51ms @ http://localhost:3000/_next/static/chunks/node_modules_next_dist_1e8vcs8._.js:776
[ 1043210ms] [LOG] [Fast Refresh] done in 51ms @ http://localhost:3000/_next/static/chunks/node_modules_next_dist_1e8vcs8._.js:776
[ 1043263ms] [LOG] [Fast Refresh] done in 51ms @ http://localhost:3000/_next/static/chunks/node_modules_next_dist_1e8vcs8._.js:776
[ 1043318ms] [LOG] [Fast Refresh] done in 51ms @ http://localhost:3000/_next/static/chunks/node_modules_next_dist_1e8vcs8._.js:776
[ 1043379ms] [LOG] [Fast Refresh] done in 51ms @ http://localhost:3000/_next/static/chunks/node_modules_next_dist_1e8vcs8._.js:776
[ 1043432ms] [LOG] [Fast Refresh] done in 51ms @ http://localhost:3000/_next/static/chunks/node_modules_next_dist_1e8vcs8._.js:776
[ 1043487ms] [LOG] [Fast Refresh] done in 51ms @ http://localhost:3000/_next/static/chunks/node_modules_next_dist_1e8vcs8._.js:776
[ 1043532ms] [LOG] [Fast Refresh] done in 51ms @ http://localhost:3000/_next/static/chunks/node_modules_next_dist_1e8vcs8._.js:776
[ 1043584ms] [LOG] [Fast Refresh] done in 51ms @ http://localhost:3000/_next/static/chunks/node_modules_next_dist_1e8vcs8._.js:776
[ 1043637ms] [LOG] [Fast Refresh] done in 51ms @ http://localhost:3000/_next/static/chunks/node_modules_next_dist_1e8vcs8._.js:776
[ 1043691ms] [LOG] [Fast Refresh] done in 51ms @ http://localhost:3000/_next/static/chunks/node_modules_next_dist_1e8vcs8._.js:776
[ 1043750ms] [LOG] [Fast Refresh] done in 51ms @ http://localhost:3000/_next/static/chunks/node_modules_next_dist_1e8vcs8._.js:776
[ 1043808ms] [LOG] [Fast Refresh] done in 51ms @ http://localhost:3000/_next/static/chunks/node_modules_next_dist_1e8vcs8._.js:776
[ 1043862ms] [LOG] [Fast Refresh] done in 51ms @ http://localhost:3000/_next/static/chunks/node_modules_next_dist_1e8vcs8._.js:776
[ 1043909ms] [LOG] [Fast Refresh] done in 51ms @ http://localhost:3000/_next/static/chunks/node_modules_next_dist_1e8vcs8._.js:776
[ 1043967ms] [LOG] [Fast Refresh] done in 51ms @ http://localhost:3000/_next/static/chunks/node_modules_next_dist_1e8vcs8._.js:776
[ 1044023ms] [LOG] [Fast Refresh] done in 51ms @ http://localhost:3000/_next/static/chunks/node_modules_next_dist_1e8vcs8._.js:776
[ 1044082ms] [LOG] [Fast Refresh] done in 51ms @ http://localhost:3000/_next/static/chunks/node_modules_next_dist_1e8vcs8._.js:776
[ 1044134ms] [LOG] [Fast Refresh] done in 51ms @ http://localhost:3000/_next/static/chunks/node_modules_next_dist_1e8vcs8._.js:776
[ 1044179ms] [LOG] [Fast Refresh] done in 51ms @ http://localhost:3000/_next/static/chunks/node_modules_next_dist_1e8vcs8._.js:776
[ 1044238ms] [LOG] [Fast Refresh] done in 51ms @ http://localhost:3000/_next/static/chunks/node_modules_next_dist_1e8vcs8._.js:776
[ 1044287ms] [LOG] [Fast Refresh] done in 51ms @ http://localhost:3000/_next/static/chunks/node_modules_next_dist_1e8vcs8._.js:776
[ 1044346ms] [LOG] [Fast Refresh] done in 51ms @ http://localhost:3000/_next/static/chunks/node_modules_next_dist_1e8vcs8._.js:776
[ 1044408ms] [LOG] [Fast Refresh] done in 51ms @ http://localhost:3000/_next/static/chunks/node_modules_next_dist_1e8vcs8._.js:776
[ 1044462ms] [LOG] [Fast Refresh] done in 51ms @ http://localhost:3000/_next/static/chunks/node_modules_next_dist_1e8vcs8._.js:776
[ 1044512ms] [LOG] [Fast Refresh] done in 51ms @ http://localhost:3000/_next/static/chunks/node_modules_next_dist_1e8vcs8._.js:776
[ 1044557ms] [LOG] [Fast Refresh] done in 51ms @ http://localhost:3000/_next/static/chunks/node_modules_next_dist_1e8vcs8._.js:776
[ 1044612ms] [LOG] [Fast Refresh] done in 51ms @ http://localhost:3000/_next/static/chunks/node_modules_next_dist_1e8vcs8._.js:776
[ 1044667ms] [LOG] [Fast Refresh] done in 51ms @ http://localhost:3000/_next/static/chunks/node_modules_next_dist_1e8vcs8._.js:776
[ 1044725ms] [LOG] [Fast Refresh] done in 51ms @ http://localhost:3000/_next/static/chunks/node_modules_next_dist_1e8vcs8._.js:776
[ 1044778ms] [LOG] [Fast Refresh] done in 51ms @ http://localhost:3000/_next/static/chunks/node_modules_next_dist_1e8vcs8._.js:776
[ 1044832ms] [LOG] [Fast Refresh] done in 51ms @ http://localhost:3000/_next/static/chunks/node_modules_next_dist_1e8vcs8._.js:776
[ 1044887ms] [LOG] [Fast Refresh] done in 51ms @ http://localhost:3000/_next/static/chunks/node_modules_next_dist_1e8vcs8._.js:776
[ 1044941ms] [LOG] [Fast Refresh] done in 51ms @ http://localhost:3000/_next/static/chunks/node_modules_next_dist_1e8vcs8._.js:776
[ 1044995ms] [LOG] [Fast Refresh] done in 51ms @ http://localhost:3000/_next/static/chunks/node_modules_next_dist_1e8vcs8._.js:776
[ 1045049ms] [LOG] [Fast Refresh] done in 51ms @ http://localhost:3000/_next/static/chunks/node_modules_next_dist_1e8vcs8._.js:776
[ 1045099ms] [LOG] [Fast Refresh] done in 51ms @ http://localhost:3000/_next/static/chunks/node_modules_next_dist_1e8vcs8._.js:776
[ 1045152ms] [LOG] [Fast Refresh] done in 51ms @ http://localhost:3000/_next/static/chunks/node_modules_next_dist_1e8vcs8._.js:776
[ 1045212ms] [LOG] [Fast Refresh] done in 51ms @ http://localhost:3000/_next/static/chunks/node_modules_next_dist_1e8vcs8._.js:776
[ 1045272ms] [LOG] [Fast Refresh] done in 51ms @ http://localhost:3000/_next/static/chunks/node_modules_next_dist_1e8vcs8._.js:776
[ 1045322ms] [LOG] [Fast Refresh] done in 51ms @ http://localhost:3000/_next/static/chunks/node_modules_next_dist_1e8vcs8._.js:776
[ 1045375ms] [LOG] [Fast Refresh] done in 51ms @ http://localhost:3000/_next/static/chunks/node_modules_next_dist_1e8vcs8._.js:776
[ 1045426ms] [LOG] [Fast Refresh] done in 51ms @ http://localhost:3000/_next/static/chunks/node_modules_next_dist_1e8vcs8._.js:776
[ 1045474ms] [LOG] [Fast Refresh] done in 51ms @ http://localhost:3000/_next/static/chunks/node_modules_next_dist_1e8vcs8._.js:776
[ 1045528ms] [LOG] [Fast Refresh] done in 51ms @ http://localhost:3000/_next/static/chunks/node_modules_next_dist_1e8vcs8._.js:776
[ 1045584ms] [LOG] [Fast Refresh] done in 51ms @ http://localhost:3000/_next/static/chunks/node_modules_next_dist_1e8vcs8._.js:776
[ 1045640ms] [LOG] [Fast Refresh] done in 51ms @ http://localhost:3000/_next/static/chunks/node_modules_next_dist_1e8vcs8._.js:776
[ 1045693ms] [LOG] [Fast Refresh] done in 51ms @ http://localhost:3000/_next/static/chunks/node_modules_next_dist_1e8vcs8._.js:776
[ 1045750ms] [LOG] [Fast Refresh] done in 51ms @ http://localhost:3000/_next/static/chunks/node_modules_next_dist_1e8vcs8._.js:776
[ 1045806ms] [LOG] [Fast Refresh] done in 51ms @ http://localhost:3000/_next/static/chunks/node_modules_next_dist_1e8vcs8._.js:776
[ 1045860ms] [LOG] [Fast Refresh] done in 51ms @ http://localhost:3000/_next/static/chunks/node_modules_next_dist_1e8vcs8._.js:776
[ 1045910ms] [LOG] [Fast Refresh] done in 51ms @ http://localhost:3000/_next/static/chunks/node_modules_next_dist_1e8vcs8._.js:776
[ 1045969ms] [LOG] [Fast Refresh] done in 51ms @ http://localhost:3000/_next/static/chunks/node_modules_next_dist_1e8vcs8._.js:776
[ 1046024ms] [LOG] [Fast Refresh] done in 51ms @ http://localhost:3000/_next/static/chunks/node_modules_next_dist_1e8vcs8._.js:776
[ 1046079ms] [LOG] [Fast Refresh] done in 51ms @ http://localhost:3000/_next/static/chunks/node_modules_next_dist_1e8vcs8._.js:776
[ 1046136ms] [LOG] [Fast Refresh] done in 51ms @ http://localhost:3000/_next/static/chunks/node_modules_next_dist_1e8vcs8._.js:776
[ 1046194ms] [LOG] [Fast Refresh] done in 51ms @ http://localhost:3000/_next/static/chunks/node_modules_next_dist_1e8vcs8._.js:776
[ 1046251ms] [LOG] [Fast Refresh] done in 51ms @ http://localhost:3000/_next/static/chunks/node_modules_next_dist_1e8vcs8._.js:776
[ 1046306ms] [LOG] [Fast Refresh] done in 51ms @ http://localhost:3000/_next/static/chunks/node_modules_next_dist_1e8vcs8._.js:776
[ 1046360ms] [LOG] [Fast Refresh] done in 51ms @ http://localhost:3000/_next/static/chunks/node_modules_next_dist_1e8vcs8._.js:776
[ 1046415ms] [LOG] [Fast Refresh] done in 51ms @ http://localhost:3000/_next/static/chunks/node_modules_next_dist_1e8vcs8._.js:776
[ 1046471ms] [LOG] [Fast Refresh] done in 51ms @ http://localhost:3000/_next/static/chunks/node_modules_next_dist_1e8vcs8._.js:776
[ 1046521ms] [LOG] [Fast Refresh] done in 51ms @ http://localhost:3000/_next/static/chunks/node_modules_next_dist_1e8vcs8._.js:776
[ 1046572ms] [LOG] [Fast Refresh] done in 51ms @ http://localhost:3000/_next/static/chunks/node_modules_next_dist_1e8vcs8._.js:776
[ 1046634ms] [LOG] [Fast Refresh] done in 51ms @ http://localhost:3000/_next/static/chunks/node_modules_next_dist_1e8vcs8._.js:776
[ 1046691ms] [LOG] [Fast Refresh] done in 51ms @ http://localhost:3000/_next/static/chunks/node_modules_next_dist_1e8vcs8._.js:776
[ 1046745ms] [LOG] [Fast Refresh] done in 51ms @ http://localhost:3000/_next/static/chunks/node_modules_next_dist_1e8vcs8._.js:776
[ 1046808ms] [LOG] [Fast Refresh] done in 51ms @ http://localhost:3000/_next/static/chunks/node_modules_next_dist_1e8vcs8._.js:776
[ 1046922ms] [LOG] [Fast Refresh] done in 51ms @ http://localhost:3000/_next/static/chunks/node_modules_next_dist_1e8vcs8._.js:776
[ 1046975ms] [LOG] [Fast Refresh] done in 51ms @ http://localhost:3000/_next/static/chunks/node_modules_next_dist_1e8vcs8._.js:776
[ 1047032ms] [LOG] [Fast Refresh] done in 51ms @ http://localhost:3000/_next/static/chunks/node_modules_next_dist_1e8vcs8._.js:776
[ 1047082ms] [LOG] [Fast Refresh] done in 51ms @ http://localhost:3000/_next/static/chunks/node_modules_next_dist_1e8vcs8._.js:776
[ 1047136ms] [LOG] [Fast Refresh] done in 51ms @ http://localhost:3000/_next/static/chunks/node_modules_next_dist_1e8vcs8._.js:776
[ 1047198ms] [LOG] [Fast Refresh] done in 51ms @ http://localhost:3000/_next/static/chunks/node_modules_next_dist_1e8vcs8._.js:776
[ 1047260ms] [LOG] [Fast Refresh] done in 51ms @ http://localhost:3000/_next/static/chunks/node_modules_next_dist_1e8vcs8._.js:776
[ 1047323ms] [LOG] [Fast Refresh] done in 51ms @ http://localhost:3000/_next/static/chunks/node_modules_next_dist_1e8vcs8._.js:776
[ 1047373ms] [LOG] [Fast Refresh] done in 51ms @ http://localhost:3000/_next/static/chunks/node_modules_next_dist_1e8vcs8._.js:776
[ 1047430ms] [LOG] [Fast Refresh] done in 51ms @ http://localhost:3000/_next/static/chunks/node_modules_next_dist_1e8vcs8._.js:776
[ 1047488ms] [LOG] [Fast Refresh] done in 51ms @ http://localhost:3000/_next/static/chunks/node_modules_next_dist_1e8vcs8._.js:776
[ 1047550ms] [LOG] [Fast Refresh] done in 51ms @ http://localhost:3000/_next/static/chunks/node_modules_next_dist_1e8vcs8._.js:776
[ 1047605ms] [LOG] [Fast Refresh] done in 51ms @ http://localhost:3000/_next/static/chunks/node_modules_next_dist_1e8vcs8._.js:776
[ 1047660ms] [LOG] [Fast Refresh] done in 51ms @ http://localhost:3000/_next/static/chunks/node_modules_next_dist_1e8vcs8._.js:776
[ 1047709ms] [LOG] [Fast Refresh] done in 51ms @ http://localhost:3000/_next/static/chunks/node_modules_next_dist_1e8vcs8._.js:776
[ 1047766ms] [LOG] [Fast Refresh] done in 51ms @ http://localhost:3000/_next/static/chunks/node_modules_next_dist_1e8vcs8._.js:776
[ 1047819ms] [LOG] [Fast Refresh] done in 51ms @ http://localhost:3000/_next/static/chunks/node_modules_next_dist_1e8vcs8._.js:776
[ 1047869ms] [LOG] [Fast Refresh] done in 51ms @ http://localhost:3000/_next/static/chunks/node_modules_next_dist_1e8vcs8._.js:776
[ 1047927ms] [LOG] [Fast Refresh] done in 51ms @ http://localhost:3000/_next/static/chunks/node_modules_next_dist_1e8vcs8._.js:776
[ 1047981ms] [LOG] [Fast Refresh] done in 51ms @ http://localhost:3000/_next/static/chunks/node_modules_next_dist_1e8vcs8._.js:776
[ 1048033ms] [LOG] [Fast Refresh] done in 51ms @ http://localhost:3000/_next/static/chunks/node_modules_next_dist_1e8vcs8._.js:776
[ 1048098ms] [LOG] [Fast Refresh] done in 51ms @ http://localhost:3000/_next/static/chunks/node_modules_next_dist_1e8vcs8._.js:776
[ 1048156ms] [LOG] [Fast Refresh] done in 51ms @ http://localhost:3000/_next/static/chunks/node_modules_next_dist_1e8vcs8._.js:776
[ 1048219ms] [LOG] [Fast Refresh] done in 51ms @ http://localhost:3000/_next/static/chunks/node_modules_next_dist_1e8vcs8._.js:776
[ 1048272ms] [LOG] [Fast Refresh] done in 51ms @ http://localhost:3000/_next/static/chunks/node_modules_next_dist_1e8vcs8._.js:776
[ 1048329ms] [LOG] [Fast Refresh] done in 51ms @ http://localhost:3000/_next/static/chunks/node_modules_next_dist_1e8vcs8._.js:776
[ 1048379ms] [LOG] [Fast Refresh] done in 51ms @ http://localhost:3000/_next/static/chunks/node_modules_next_dist_1e8vcs8._.js:776
[ 1048434ms] [LOG] [Fast Refresh] done in 51ms @ http://localhost:3000/_next/static/chunks/node_modules_next_dist_1e8vcs8._.js:776
[ 1048489ms] [LOG] [Fast Refresh] done in 51ms @ http://localhost:3000/_next/static/chunks/node_modules_next_dist_1e8vcs8._.js:776
[ 1048550ms] [LOG] [Fast Refresh] done in 51ms @ http://localhost:3000/_next/static/chunks/node_modules_next_dist_1e8vcs8._.js:776
[ 1048609ms] [LOG] [Fast Refresh] done in 51ms @ http://localhost:3000/_next/static/chunks/node_modules_next_dist_1e8vcs8._.js:776
[ 1048662ms] [LOG] [Fast Refresh] done in 51ms @ http://localhost:3000/_next/static/chunks/node_modules_next_dist_1e8vcs8._.js:776
[ 1048716ms] [LOG] [Fast Refresh] done in 51ms @ http://localhost:3000/_next/static/chunks/node_modules_next_dist_1e8vcs8._.js:776
[ 1048769ms] [LOG] [Fast Refresh] done in 51ms @ http://localhost:3000/_next/static/chunks/node_modules_next_dist_1e8vcs8._.js:776
[ 1048822ms] [LOG] [Fast Refresh] done in 51ms @ http://localhost:3000/_next/static/chunks/node_modules_next_dist_1e8vcs8._.js:776
[ 1048877ms] [LOG] [Fast Refresh] done in 51ms @ http://localhost:3000/_next/static/chunks/node_modules_next_dist_1e8vcs8._.js:776
[ 1048932ms] [LOG] [Fast Refresh] done in 51ms @ http://localhost:3000/_next/static/chunks/node_modules_next_dist_1e8vcs8._.js:776
[ 1048982ms] [LOG] [Fast Refresh] done in 51ms @ http://localhost:3000/_next/static/chunks/node_modules_next_dist_1e8vcs8._.js:776
[ 1049040ms] [LOG] [Fast Refresh] done in 51ms @ http://localhost:3000/_next/static/chunks/node_modules_next_dist_1e8vcs8._.js:776
[ 1049099ms] [LOG] [Fast Refresh] done in 51ms @ http://localhost:3000/_next/static/chunks/node_modules_next_dist_1e8vcs8._.js:776
[ 1049149ms] [LOG] [Fast Refresh] done in 51ms @ http://localhost:3000/_next/static/chunks/node_modules_next_dist_1e8vcs8._.js:776
[ 1049199ms] [LOG] [Fast Refresh] done in 51ms @ http://localhost:3000/_next/static/chunks/node_modules_next_dist_1e8vcs8._.js:776
[ 1049249ms] [LOG] [Fast Refresh] done in 51ms @ http://localhost:3000/_next/static/chunks/node_modules_next_dist_1e8vcs8._.js:776
[ 1049301ms] [LOG] [Fast Refresh] done in 51ms @ http://localhost:3000/_next/static/chunks/node_modules_next_dist_1e8vcs8._.js:776
[ 1049360ms] [LOG] [Fast Refresh] done in 51ms @ http://localhost:3000/_next/static/chunks/node_modules_next_dist_1e8vcs8._.js:776
[ 1049418ms] [LOG] [Fast Refresh] done in 51ms @ http://localhost:3000/_next/static/chunks/node_modules_next_dist_1e8vcs8._.js:776
[ 1049476ms] [LOG] [Fast Refresh] done in 51ms @ http://localhost:3000/_next/static/chunks/node_modules_next_dist_1e8vcs8._.js:776
[ 1049532ms] [LOG] [Fast Refresh] done in 51ms @ http://localhost:3000/_next/static/chunks/node_modules_next_dist_1e8vcs8._.js:776
[ 1049587ms] [LOG] [Fast Refresh] done in 51ms @ http://localhost:3000/_next/static/chunks/node_modules_next_dist_1e8vcs8._.js:776
[ 1049637ms] [LOG] [Fast Refresh] done in 51ms @ http://localhost:3000/_next/static/chunks/node_modules_next_dist_1e8vcs8._.js:776
[ 1049690ms] [LOG] [Fast Refresh] done in 51ms @ http://localhost:3000/_next/static/chunks/node_modules_next_dist_1e8vcs8._.js:776
[ 1049747ms] [LOG] [Fast Refresh] done in 51ms @ http://localhost:3000/_next/static/chunks/node_modules_next_dist_1e8vcs8._.js:776
[ 1049804ms] [LOG] [Fast Refresh] done in 51ms @ http://localhost:3000/_next/static/chunks/node_modules_next_dist_1e8vcs8._.js:776
[ 1049856ms] [LOG] [Fast Refresh] done in 51ms @ http://localhost:3000/_next/static/chunks/node_modules_next_dist_1e8vcs8._.js:776
[ 1049915ms] [LOG] [Fast Refresh] done in 51ms @ http://localhost:3000/_next/static/chunks/node_modules_next_dist_1e8vcs8._.js:776
[ 1049973ms] [LOG] [Fast Refresh] done in 51ms @ http://localhost:3000/_next/static/chunks/node_modules_next_dist_1e8vcs8._.js:776
[ 1050035ms] [LOG] [Fast Refresh] done in 51ms @ http://localhost:3000/_next/static/chunks/node_modules_next_dist_1e8vcs8._.js:776
[ 1050096ms] [LOG] [Fast Refresh] done in 51ms @ http://localhost:3000/_next/static/chunks/node_modules_next_dist_1e8vcs8._.js:776
[ 1050149ms] [LOG] [Fast Refresh] done in 51ms @ http://localhost:3000/_next/static/chunks/node_modules_next_dist_1e8vcs8._.js:776
[ 1050206ms] [LOG] [Fast Refresh] done in 51ms @ http://localhost:3000/_next/static/chunks/node_modules_next_dist_1e8vcs8._.js:776
[ 1050261ms] [LOG] [Fast Refresh] done in 51ms @ http://localhost:3000/_next/static/chunks/node_modules_next_dist_1e8vcs8._.js:776
[ 1050311ms] [LOG] [Fast Refresh] done in 51ms @ http://localhost:3000/_next/static/chunks/node_modules_next_dist_1e8vcs8._.js:776
[ 1050370ms] [LOG] [Fast Refresh] done in 51ms @ http://localhost:3000/_next/static/chunks/node_modules_next_dist_1e8vcs8._.js:776
[ 1050424ms] [LOG] [Fast Refresh] done in 51ms @ http://localhost:3000/_next/static/chunks/node_modules_next_dist_1e8vcs8._.js:776
[ 1050481ms] [LOG] [Fast Refresh] done in 51ms @ http://localhost:3000/_next/static/chunks/node_modules_next_dist_1e8vcs8._.js:776
[ 1050540ms] [LOG] [Fast Refresh] done in 51ms @ http://localhost:3000/_next/static/chunks/node_modules_next_dist_1e8vcs8._.js:776
[ 1050589ms] [LOG] [Fast Refresh] done in 51ms @ http://localhost:3000/_next/static/chunks/node_modules_next_dist_1e8vcs8._.js:776
[ 1050644ms] [LOG] [Fast Refresh] done in 51ms @ http://localhost:3000/_next/static/chunks/node_modules_next_dist_1e8vcs8._.js:776
[ 1050702ms] [LOG] [Fast Refresh] done in 51ms @ http://localhost:3000/_next/static/chunks/node_modules_next_dist_1e8vcs8._.js:776
[ 1050757ms] [LOG] [Fast Refresh] done in 51ms @ http://localhost:3000/_next/static/chunks/node_modules_next_dist_1e8vcs8._.js:776
[ 1050816ms] [LOG] [Fast Refresh] done in 51ms @ http://localhost:3000/_next/static/chunks/node_modules_next_dist_1e8vcs8._.js:776
[ 1050862ms] [LOG] [Fast Refresh] done in 51ms @ http://localhost:3000/_next/static/chunks/node_modules_next_dist_1e8vcs8._.js:776
[ 1050923ms] [LOG] [Fast Refresh] done in 51ms @ http://localhost:3000/_next/static/chunks/node_modules_next_dist_1e8vcs8._.js:776
[ 1050975ms] [LOG] [Fast Refresh] done in 51ms @ http://localhost:3000/_next/static/chunks/node_modules_next_dist_1e8vcs8._.js:776
[ 1051028ms] [LOG] [Fast Refresh] done in 51ms @ http://localhost:3000/_next/static/chunks/node_modules_next_dist_1e8vcs8._.js:776
[ 1051086ms] [LOG] [Fast Refresh] done in 51ms @ http://localhost:3000/_next/static/chunks/node_modules_next_dist_1e8vcs8._.js:776
[ 1051141ms] [LOG] [Fast Refresh] done in 51ms @ http://localhost:3000/_next/static/chunks/node_modules_next_dist_1e8vcs8._.js:776
[ 1051199ms] [LOG] [Fast Refresh] done in 51ms @ http://localhost:3000/_next/static/chunks/node_modules_next_dist_1e8vcs8._.js:776
[ 1051257ms] [LOG] [Fast Refresh] done in 51ms @ http://localhost:3000/_next/static/chunks/node_modules_next_dist_1e8vcs8._.js:776
[ 1051311ms] [LOG] [Fast Refresh] done in 51ms @ http://localhost:3000/_next/static/chunks/node_modules_next_dist_1e8vcs8._.js:776
[ 1051366ms] [LOG] [Fast Refresh] done in 51ms @ http://localhost:3000/_next/static/chunks/node_modules_next_dist_1e8vcs8._.js:776
[ 1051421ms] [LOG] [Fast Refresh] done in 51ms @ http://localhost:3000/_next/static/chunks/node_modules_next_dist_1e8vcs8._.js:776
[ 1051479ms] [LOG] [Fast Refresh] done in 51ms @ http://localhost:3000/_next/static/chunks/node_modules_next_dist_1e8vcs8._.js:776
[ 1051537ms] [LOG] [Fast Refresh] done in 51ms @ http://localhost:3000/_next/static/chunks/node_modules_next_dist_1e8vcs8._.js:776
[ 1051592ms] [LOG] [Fast Refresh] done in 51ms @ http://localhost:3000/_next/static/chunks/node_modules_next_dist_1e8vcs8._.js:776
[ 1051646ms] [LOG] [Fast Refresh] done in 51ms @ http://localhost:3000/_next/static/chunks/node_modules_next_dist_1e8vcs8._.js:776
[ 1051692ms] [LOG] [Fast Refresh] done in 51ms @ http://localhost:3000/_next/static/chunks/node_modules_next_dist_1e8vcs8._.js:776
[ 1051744ms] [LOG] [Fast Refresh] done in 51ms @ http://localhost:3000/_next/static/chunks/node_modules_next_dist_1e8vcs8._.js:776
[ 1051802ms] [LOG] [Fast Refresh] done in 51ms @ http://localhost:3000/_next/static/chunks/node_modules_next_dist_1e8vcs8._.js:776
[ 1051856ms] [LOG] [Fast Refresh] done in 51ms @ http://localhost:3000/_next/static/chunks/node_modules_next_dist_1e8vcs8._.js:776
[ 1051907ms] [LOG] [Fast Refresh] done in 51ms @ http://localhost:3000/_next/static/chunks/node_modules_next_dist_1e8vcs8._.js:776
[ 1051963ms] [LOG] [Fast Refresh] done in 51ms @ http://localhost:3000/_next/static/chunks/node_modules_next_dist_1e8vcs8._.js:776
[ 1052019ms] [LOG] [Fast Refresh] done in 51ms @ http://localhost:3000/_next/static/chunks/node_modules_next_dist_1e8vcs8._.js:776
[ 1052074ms] [LOG] [Fast Refresh] done in 51ms @ http://localhost:3000/_next/static/chunks/node_modules_next_dist_1e8vcs8._.js:776
[ 1052133ms] [LOG] [Fast Refresh] done in 51ms @ http://localhost:3000/_next/static/chunks/node_modules_next_dist_1e8vcs8._.js:776
[ 1052185ms] [LOG] [Fast Refresh] done in 51ms @ http://localhost:3000/_next/static/chunks/node_modules_next_dist_1e8vcs8._.js:776
[ 1052235ms] [LOG] [Fast Refresh] done in 51ms @ http://localhost:3000/_next/static/chunks/node_modules_next_dist_1e8vcs8._.js:776
[ 1052289ms] [LOG] [Fast Refresh] done in 51ms @ http://localhost:3000/_next/static/chunks/node_modules_next_dist_1e8vcs8._.js:776
[ 1052347ms] [LOG] [Fast Refresh] done in 51ms @ http://localhost:3000/_next/static/chunks/node_modules_next_dist_1e8vcs8._.js:776
[ 1052403ms] [LOG] [Fast Refresh] done in 51ms @ http://localhost:3000/_next/static/chunks/node_modules_next_dist_1e8vcs8._.js:776
[ 1052455ms] [LOG] [Fast Refresh] done in 51ms @ http://localhost:3000/_next/static/chunks/node_modules_next_dist_1e8vcs8._.js:776
[ 1052514ms] [LOG] [Fast Refresh] done in 51ms @ http://localhost:3000/_next/static/chunks/node_modules_next_dist_1e8vcs8._.js:776
[ 1052569ms] [LOG] [Fast Refresh] done in 51ms @ http://localhost:3000/_next/static/chunks/node_modules_next_dist_1e8vcs8._.js:776
[ 1052628ms] [LOG] [Fast Refresh] done in 51ms @ http://localhost:3000/_next/static/chunks/node_modules_next_dist_1e8vcs8._.js:776
[ 1052683ms] [LOG] [Fast Refresh] done in 51ms @ http://localhost:3000/_next/static/chunks/node_modules_next_dist_1e8vcs8._.js:776
[ 1052736ms] [LOG] [Fast Refresh] done in 51ms @ http://localhost:3000/_next/static/chunks/node_modules_next_dist_1e8vcs8._.js:776
[ 1052792ms] [LOG] [Fast Refresh] done in 51ms @ http://localhost:3000/_next/static/chunks/node_modules_next_dist_1e8vcs8._.js:776
[ 1052841ms] [LOG] [Fast Refresh] done in 51ms @ http://localhost:3000/_next/static/chunks/node_modules_next_dist_1e8vcs8._.js:776
[ 1052887ms] [LOG] [Fast Refresh] done in 51ms @ http://localhost:3000/_next/static/chunks/node_modules_next_dist_1e8vcs8._.js:776
[ 1052942ms] [LOG] [Fast Refresh] done in 51ms @ http://localhost:3000/_next/static/chunks/node_modules_next_dist_1e8vcs8._.js:776
[ 1052992ms] [LOG] [Fast Refresh] done in 51ms @ http://localhost:3000/_next/static/chunks/node_modules_next_dist_1e8vcs8._.js:776
[ 1053051ms] [LOG] [Fast Refresh] done in 51ms @ http://localhost:3000/_next/static/chunks/node_modules_next_dist_1e8vcs8._.js:776
[ 1053106ms] [LOG] [Fast Refresh] done in 51ms @ http://localhost:3000/_next/static/chunks/node_modules_next_dist_1e8vcs8._.js:776
[ 1053161ms] [LOG] [Fast Refresh] done in 51ms @ http://localhost:3000/_next/static/chunks/node_modules_next_dist_1e8vcs8._.js:776
[ 1053215ms] [LOG] [Fast Refresh] done in 51ms @ http://localhost:3000/_next/static/chunks/node_modules_next_dist_1e8vcs8._.js:776
[ 1053270ms] [LOG] [Fast Refresh] done in 51ms @ http://localhost:3000/_next/static/chunks/node_modules_next_dist_1e8vcs8._.js:776
[ 1053325ms] [LOG] [Fast Refresh] done in 51ms @ http://localhost:3000/_next/static/chunks/node_modules_next_dist_1e8vcs8._.js:776
[ 1053384ms] [LOG] [Fast Refresh] done in 51ms @ http://localhost:3000/_next/static/chunks/node_modules_next_dist_1e8vcs8._.js:776
[ 1053441ms] [LOG] [Fast Refresh] done in 51ms @ http://localhost:3000/_next/static/chunks/node_modules_next_dist_1e8vcs8._.js:776
[ 1053497ms] [LOG] [Fast Refresh] done in 51ms @ http://localhost:3000/_next/static/chunks/node_modules_next_dist_1e8vcs8._.js:776
[ 1053552ms] [LOG] [Fast Refresh] done in 51ms @ http://localhost:3000/_next/static/chunks/node_modules_next_dist_1e8vcs8._.js:776
[ 1053606ms] [LOG] [Fast Refresh] done in 51ms @ http://localhost:3000/_next/static/chunks/node_modules_next_dist_1e8vcs8._.js:776
[ 1053662ms] [LOG] [Fast Refresh] done in 51ms @ http://localhost:3000/_next/static/chunks/node_modules_next_dist_1e8vcs8._.js:776
[ 1053706ms] [LOG] [Fast Refresh] done in 51ms @ http://localhost:3000/_next/static/chunks/node_modules_next_dist_1e8vcs8._.js:776
[ 1053762ms] [LOG] [Fast Refresh] done in 51ms @ http://localhost:3000/_next/static/chunks/node_modules_next_dist_1e8vcs8._.js:776
[ 1053810ms] [LOG] [Fast Refresh] done in 51ms @ http://localhost:3000/_next/static/chunks/node_modules_next_dist_1e8vcs8._.js:776
[ 1053866ms] [LOG] [Fast Refresh] done in 51ms @ http://localhost:3000/_next/static/chunks/node_modules_next_dist_1e8vcs8._.js:776
[ 1053919ms] [LOG] [Fast Refresh] done in 51ms @ http://localhost:3000/_next/static/chunks/node_modules_next_dist_1e8vcs8._.js:776
[ 1053979ms] [LOG] [Fast Refresh] done in 51ms @ http://localhost:3000/_next/static/chunks/node_modules_next_dist_1e8vcs8._.js:776
[ 1054031ms] [LOG] [Fast Refresh] done in 51ms @ http://localhost:3000/_next/static/chunks/node_modules_next_dist_1e8vcs8._.js:776
[ 1054088ms] [LOG] [Fast Refresh] done in 51ms @ http://localhost:3000/_next/static/chunks/node_modules_next_dist_1e8vcs8._.js:776
[ 1054145ms] [LOG] [Fast Refresh] done in 51ms @ http://localhost:3000/_next/static/chunks/node_modules_next_dist_1e8vcs8._.js:776
[ 1054195ms] [LOG] [Fast Refresh] done in 51ms @ http://localhost:3000/_next/static/chunks/node_modules_next_dist_1e8vcs8._.js:776
[ 1054241ms] [LOG] [Fast Refresh] done in 51ms @ http://localhost:3000/_next/static/chunks/node_modules_next_dist_1e8vcs8._.js:776
[ 1054299ms] [LOG] [Fast Refresh] done in 51ms @ http://localhost:3000/_next/static/chunks/node_modules_next_dist_1e8vcs8._.js:776
[ 1054353ms] [LOG] [Fast Refresh] done in 51ms @ http://localhost:3000/_next/static/chunks/node_modules_next_dist_1e8vcs8._.js:776
[ 1054407ms] [LOG] [Fast Refresh] done in 51ms @ http://localhost:3000/_next/static/chunks/node_modules_next_dist_1e8vcs8._.js:776
[ 1054453ms] [LOG] [Fast Refresh] done in 51ms @ http://localhost:3000/_next/static/chunks/node_modules_next_dist_1e8vcs8._.js:776
[ 1054507ms] [LOG] [Fast Refresh] done in 51ms @ http://localhost:3000/_next/static/chunks/node_modules_next_dist_1e8vcs8._.js:776
[ 1054565ms] [LOG] [Fast Refresh] done in 51ms @ http://localhost:3000/_next/static/chunks/node_modules_next_dist_1e8vcs8._.js:776
[ 1054623ms] [LOG] [Fast Refresh] done in 51ms @ http://localhost:3000/_next/static/chunks/node_modules_next_dist_1e8vcs8._.js:776
[ 1054675ms] [LOG] [Fast Refresh] done in 51ms @ http://localhost:3000/_next/static/chunks/node_modules_next_dist_1e8vcs8._.js:776
[ 1054729ms] [LOG] [Fast Refresh] done in 51ms @ http://localhost:3000/_next/static/chunks/node_modules_next_dist_1e8vcs8._.js:776
[ 1054784ms] [LOG] [Fast Refresh] done in 51ms @ http://localhost:3000/_next/static/chunks/node_modules_next_dist_1e8vcs8._.js:776
[ 1054845ms] [LOG] [Fast Refresh] done in 51ms @ http://localhost:3000/_next/static/chunks/node_modules_next_dist_1e8vcs8._.js:776
[ 1054902ms] [LOG] [Fast Refresh] done in 51ms @ http://localhost:3000/_next/static/chunks/node_modules_next_dist_1e8vcs8._.js:776
[ 1054958ms] [LOG] [Fast Refresh] done in 51ms @ http://localhost:3000/_next/static/chunks/node_modules_next_dist_1e8vcs8._.js:776
[ 1055004ms] [LOG] [Fast Refresh] done in 51ms @ http://localhost:3000/_next/static/chunks/node_modules_next_dist_1e8vcs8._.js:776
[ 1055058ms] [LOG] [Fast Refresh] done in 51ms @ http://localhost:3000/_next/static/chunks/node_modules_next_dist_1e8vcs8._.js:776
[ 1055114ms] [LOG] [Fast Refresh] done in 51ms @ http://localhost:3000/_next/static/chunks/node_modules_next_dist_1e8vcs8._.js:776
[ 1055166ms] [LOG] [Fast Refresh] done in 51ms @ http://localhost:3000/_next/static/chunks/node_modules_next_dist_1e8vcs8._.js:776
[ 1055218ms] [LOG] [Fast Refresh] done in 51ms @ http://localhost:3000/_next/static/chunks/node_modules_next_dist_1e8vcs8._.js:776
[ 1055276ms] [LOG] [Fast Refresh] done in 51ms @ http://localhost:3000/_next/static/chunks/node_modules_next_dist_1e8vcs8._.js:776
[ 1055322ms] [LOG] [Fast Refresh] done in 51ms @ http://localhost:3000/_next/static/chunks/node_modules_next_dist_1e8vcs8._.js:776
[ 1055374ms] [LOG] [Fast Refresh] done in 51ms @ http://localhost:3000/_next/static/chunks/node_modules_next_dist_1e8vcs8._.js:776
[ 1055428ms] [LOG] [Fast Refresh] done in 51ms @ http://localhost:3000/_next/static/chunks/node_modules_next_dist_1e8vcs8._.js:776
[ 1055484ms] [LOG] [Fast Refresh] done in 51ms @ http://localhost:3000/_next/static/chunks/node_modules_next_dist_1e8vcs8._.js:776
[ 1055543ms] [LOG] [Fast Refresh] done in 51ms @ http://localhost:3000/_next/static/chunks/node_modules_next_dist_1e8vcs8._.js:776
[ 1055588ms] [LOG] [Fast Refresh] done in 51ms @ http://localhost:3000/_next/static/chunks/node_modules_next_dist_1e8vcs8._.js:776
[ 1055642ms] [LOG] [Fast Refresh] done in 51ms @ http://localhost:3000/_next/static/chunks/node_modules_next_dist_1e8vcs8._.js:776
[ 1055699ms] [LOG] [Fast Refresh] done in 51ms @ http://localhost:3000/_next/static/chunks/node_modules_next_dist_1e8vcs8._.js:776
[ 1055753ms] [LOG] [Fast Refresh] done in 51ms @ http://localhost:3000/_next/static/chunks/node_modules_next_dist_1e8vcs8._.js:776
[ 1055808ms] [LOG] [Fast Refresh] done in 51ms @ http://localhost:3000/_next/static/chunks/node_modules_next_dist_1e8vcs8._.js:776
[ 1055870ms] [LOG] [Fast Refresh] done in 51ms @ http://localhost:3000/_next/static/chunks/node_modules_next_dist_1e8vcs8._.js:776
[ 1055916ms] [LOG] [Fast Refresh] done in 51ms @ http://localhost:3000/_next/static/chunks/node_modules_next_dist_1e8vcs8._.js:776
[ 1055977ms] [LOG] [Fast Refresh] done in 51ms @ http://localhost:3000/_next/static/chunks/node_modules_next_dist_1e8vcs8._.js:776
[ 1056032ms] [LOG] [Fast Refresh] done in 51ms @ http://localhost:3000/_next/static/chunks/node_modules_next_dist_1e8vcs8._.js:776
[ 1056086ms] [LOG] [Fast Refresh] done in 51ms @ http://localhost:3000/_next/static/chunks/node_modules_next_dist_1e8vcs8._.js:776
[ 1056136ms] [LOG] [Fast Refresh] done in 51ms @ http://localhost:3000/_next/static/chunks/node_modules_next_dist_1e8vcs8._.js:776
[ 1056194ms] [LOG] [Fast Refresh] done in 51ms @ http://localhost:3000/_next/static/chunks/node_modules_next_dist_1e8vcs8._.js:776
[ 1056249ms] [LOG] [Fast Refresh] done in 51ms @ http://localhost:3000/_next/static/chunks/node_modules_next_dist_1e8vcs8._.js:776
[ 1056306ms] [LOG] [Fast Refresh] done in 51ms @ http://localhost:3000/_next/static/chunks/node_modules_next_dist_1e8vcs8._.js:776
[ 1056361ms] [LOG] [Fast Refresh] done in 51ms @ http://localhost:3000/_next/static/chunks/node_modules_next_dist_1e8vcs8._.js:776
[ 1056419ms] [LOG] [Fast Refresh] done in 51ms @ http://localhost:3000/_next/static/chunks/node_modules_next_dist_1e8vcs8._.js:776
[ 1056485ms] [LOG] [Fast Refresh] done in 51ms @ http://localhost:3000/_next/static/chunks/node_modules_next_dist_1e8vcs8._.js:776
[ 1056537ms] [LOG] [Fast Refresh] done in 51ms @ http://localhost:3000/_next/static/chunks/node_modules_next_dist_1e8vcs8._.js:776
[ 1056589ms] [LOG] [Fast Refresh] done in 51ms @ http://localhost:3000/_next/static/chunks/node_modules_next_dist_1e8vcs8._.js:776
[ 1056640ms] [LOG] [Fast Refresh] done in 51ms @ http://localhost:3000/_next/static/chunks/node_modules_next_dist_1e8vcs8._.js:776
[ 1056694ms] [LOG] [Fast Refresh] done in 51ms @ http://localhost:3000/_next/static/chunks/node_modules_next_dist_1e8vcs8._.js:776
[ 1056754ms] [LOG] [Fast Refresh] done in 51ms @ http://localhost:3000/_next/static/chunks/node_modules_next_dist_1e8vcs8._.js:776
[ 1056807ms] [LOG] [Fast Refresh] done in 51ms @ http://localhost:3000/_next/static/chunks/node_modules_next_dist_1e8vcs8._.js:776
[ 1056862ms] [LOG] [Fast Refresh] done in 51ms @ http://localhost:3000/_next/static/chunks/node_modules_next_dist_1e8vcs8._.js:776
[ 1056919ms] [LOG] [Fast Refresh] done in 51ms @ http://localhost:3000/_next/static/chunks/node_modules_next_dist_1e8vcs8._.js:776
[ 1056969ms] [LOG] [Fast Refresh] done in 51ms @ http://localhost:3000/_next/static/chunks/node_modules_next_dist_1e8vcs8._.js:776
[ 1057021ms] [LOG] [Fast Refresh] done in 51ms @ http://localhost:3000/_next/static/chunks/node_modules_next_dist_1e8vcs8._.js:776
[ 1057083ms] [LOG] [Fast Refresh] done in 51ms @ http://localhost:3000/_next/static/chunks/node_modules_next_dist_1e8vcs8._.js:776
[ 1057134ms] [LOG] [Fast Refresh] done in 51ms @ http://localhost:3000/_next/static/chunks/node_modules_next_dist_1e8vcs8._.js:776
[ 1057192ms] [LOG] [Fast Refresh] done in 51ms @ http://localhost:3000/_next/static/chunks/node_modules_next_dist_1e8vcs8._.js:776
[ 1057248ms] [LOG] [Fast Refresh] done in 51ms @ http://localhost:3000/_next/static/chunks/node_modules_next_dist_1e8vcs8._.js:776
[ 1057308ms] [LOG] [Fast Refresh] done in 51ms @ http://localhost:3000/_next/static/chunks/node_modules_next_dist_1e8vcs8._.js:776
[ 1057367ms] [LOG] [Fast Refresh] done in 51ms @ http://localhost:3000/_next/static/chunks/node_modules_next_dist_1e8vcs8._.js:776
[ 1057411ms] [LOG] [Fast Refresh] done in 51ms @ http://localhost:3000/_next/static/chunks/node_modules_next_dist_1e8vcs8._.js:776
[ 1057467ms] [LOG] [Fast Refresh] done in 51ms @ http://localhost:3000/_next/static/chunks/node_modules_next_dist_1e8vcs8._.js:776
[ 1057525ms] [LOG] [Fast Refresh] done in 51ms @ http://localhost:3000/_next/static/chunks/node_modules_next_dist_1e8vcs8._.js:776
[ 1057583ms] [LOG] [Fast Refresh] done in 51ms @ http://localhost:3000/_next/static/chunks/node_modules_next_dist_1e8vcs8._.js:776
[ 1057637ms] [LOG] [Fast Refresh] done in 51ms @ http://localhost:3000/_next/static/chunks/node_modules_next_dist_1e8vcs8._.js:776
[ 1057691ms] [LOG] [Fast Refresh] done in 51ms @ http://localhost:3000/_next/static/chunks/node_modules_next_dist_1e8vcs8._.js:776
[ 1057742ms] [LOG] [Fast Refresh] done in 51ms @ http://localhost:3000/_next/static/chunks/node_modules_next_dist_1e8vcs8._.js:776
[ 1057793ms] [LOG] [Fast Refresh] done in 51ms @ http://localhost:3000/_next/static/chunks/node_modules_next_dist_1e8vcs8._.js:776
[ 1057851ms] [LOG] [Fast Refresh] done in 51ms @ http://localhost:3000/_next/static/chunks/node_modules_next_dist_1e8vcs8._.js:776
[ 1057913ms] [LOG] [Fast Refresh] done in 51ms @ http://localhost:3000/_next/static/chunks/node_modules_next_dist_1e8vcs8._.js:776
[ 1057963ms] [LOG] [Fast Refresh] done in 51ms @ http://localhost:3000/_next/static/chunks/node_modules_next_dist_1e8vcs8._.js:776
[ 1058018ms] [LOG] [Fast Refresh] done in 51ms @ http://localhost:3000/_next/static/chunks/node_modules_next_dist_1e8vcs8._.js:776
[ 1058072ms] [LOG] [Fast Refresh] done in 51ms @ http://localhost:3000/_next/static/chunks/node_modules_next_dist_1e8vcs8._.js:776
[ 1058128ms] [LOG] [Fast Refresh] done in 51ms @ http://localhost:3000/_next/static/chunks/node_modules_next_dist_1e8vcs8._.js:776
[ 1058186ms] [LOG] [Fast Refresh] done in 51ms @ http://localhost:3000/_next/static/chunks/node_modules_next_dist_1e8vcs8._.js:776
[ 1058240ms] [LOG] [Fast Refresh] done in 51ms @ http://localhost:3000/_next/static/chunks/node_modules_next_dist_1e8vcs8._.js:776
[ 1058295ms] [LOG] [Fast Refresh] done in 51ms @ http://localhost:3000/_next/static/chunks/node_modules_next_dist_1e8vcs8._.js:776
[ 1058348ms] [LOG] [Fast Refresh] done in 51ms @ http://localhost:3000/_next/static/chunks/node_modules_next_dist_1e8vcs8._.js:776
[ 1058403ms] [LOG] [Fast Refresh] done in 51ms @ http://localhost:3000/_next/static/chunks/node_modules_next_dist_1e8vcs8._.js:776
[ 1058458ms] [LOG] [Fast Refresh] done in 51ms @ http://localhost:3000/_next/static/chunks/node_modules_next_dist_1e8vcs8._.js:776
[ 1058511ms] [LOG] [Fast Refresh] done in 51ms @ http://localhost:3000/_next/static/chunks/node_modules_next_dist_1e8vcs8._.js:776
[ 1058562ms] [LOG] [Fast Refresh] done in 51ms @ http://localhost:3000/_next/static/chunks/node_modules_next_dist_1e8vcs8._.js:776
[ 1058608ms] [LOG] [Fast Refresh] done in 51ms @ http://localhost:3000/_next/static/chunks/node_modules_next_dist_1e8vcs8._.js:776
[ 1058661ms] [LOG] [Fast Refresh] done in 51ms @ http://localhost:3000/_next/static/chunks/node_modules_next_dist_1e8vcs8._.js:776
[ 1058721ms] [LOG] [Fast Refresh] done in 51ms @ http://localhost:3000/_next/static/chunks/node_modules_next_dist_1e8vcs8._.js:776
[ 1058777ms] [LOG] [Fast Refresh] done in 51ms @ http://localhost:3000/_next/static/chunks/node_modules_next_dist_1e8vcs8._.js:776
[ 1058834ms] [LOG] [Fast Refresh] done in 51ms @ http://localhost:3000/_next/static/chunks/node_modules_next_dist_1e8vcs8._.js:776
[ 1058888ms] [LOG] [Fast Refresh] done in 51ms @ http://localhost:3000/_next/static/chunks/node_modules_next_dist_1e8vcs8._.js:776
[ 1058947ms] [LOG] [Fast Refresh] done in 51ms @ http://localhost:3000/_next/static/chunks/node_modules_next_dist_1e8vcs8._.js:776
[ 1059003ms] [LOG] [Fast Refresh] done in 51ms @ http://localhost:3000/_next/static/chunks/node_modules_next_dist_1e8vcs8._.js:776
[ 1059056ms] [LOG] [Fast Refresh] done in 51ms @ http://localhost:3000/_next/static/chunks/node_modules_next_dist_1e8vcs8._.js:776
[ 1059112ms] [LOG] [Fast Refresh] done in 51ms @ http://localhost:3000/_next/static/chunks/node_modules_next_dist_1e8vcs8._.js:776
[ 1059162ms] [LOG] [Fast Refresh] done in 51ms @ http://localhost:3000/_next/static/chunks/node_modules_next_dist_1e8vcs8._.js:776
[ 1059212ms] [LOG] [Fast Refresh] done in 51ms @ http://localhost:3000/_next/static/chunks/node_modules_next_dist_1e8vcs8._.js:776
[ 1059268ms] [LOG] [Fast Refresh] done in 51ms @ http://localhost:3000/_next/static/chunks/node_modules_next_dist_1e8vcs8._.js:776
[ 1059323ms] [LOG] [Fast Refresh] done in 51ms @ http://localhost:3000/_next/static/chunks/node_modules_next_dist_1e8vcs8._.js:776
[ 1059386ms] [LOG] [Fast Refresh] done in 51ms @ http://localhost:3000/_next/static/chunks/node_modules_next_dist_1e8vcs8._.js:776
[ 1059436ms] [LOG] [Fast Refresh] done in 51ms @ http://localhost:3000/_next/static/chunks/node_modules_next_dist_1e8vcs8._.js:776
[ 1059489ms] [LOG] [Fast Refresh] done in 51ms @ http://localhost:3000/_next/static/chunks/node_modules_next_dist_1e8vcs8._.js:776
[ 1059547ms] [LOG] [Fast Refresh] done in 51ms @ http://localhost:3000/_next/static/chunks/node_modules_next_dist_1e8vcs8._.js:776
[ 1059606ms] [LOG] [Fast Refresh] done in 51ms @ http://localhost:3000/_next/static/chunks/node_modules_next_dist_1e8vcs8._.js:776
[ 1059662ms] [LOG] [Fast Refresh] done in 51ms @ http://localhost:3000/_next/static/chunks/node_modules_next_dist_1e8vcs8._.js:776
[ 1059717ms] [LOG] [Fast Refresh] done in 51ms @ http://localhost:3000/_next/static/chunks/node_modules_next_dist_1e8vcs8._.js:776
[ 1059776ms] [LOG] [Fast Refresh] done in 51ms @ http://localhost:3000/_next/static/chunks/node_modules_next_dist_1e8vcs8._.js:776
[ 1059830ms] [LOG] [Fast Refresh] done in 51ms @ http://localhost:3000/_next/static/chunks/node_modules_next_dist_1e8vcs8._.js:776
[ 1059884ms] [LOG] [Fast Refresh] done in 51ms @ http://localhost:3000/_next/static/chunks/node_modules_next_dist_1e8vcs8._.js:776
[ 1059947ms] [LOG] [Fast Refresh] done in 51ms @ http://localhost:3000/_next/static/chunks/node_modules_next_dist_1e8vcs8._.js:776
[ 1060004ms] [LOG] [Fast Refresh] done in 51ms @ http://localhost:3000/_next/static/chunks/node_modules_next_dist_1e8vcs8._.js:776
[ 1060055ms] [LOG] [Fast Refresh] done in 51ms @ http://localhost:3000/_next/static/chunks/node_modules_next_dist_1e8vcs8._.js:776
[ 1060106ms] [LOG] [Fast Refresh] done in 51ms @ http://localhost:3000/_next/static/chunks/node_modules_next_dist_1e8vcs8._.js:776
[ 1060166ms] [LOG] [Fast Refresh] done in 51ms @ http://localhost:3000/_next/static/chunks/node_modules_next_dist_1e8vcs8._.js:776
[ 1060222ms] [LOG] [Fast Refresh] done in 51ms @ http://localhost:3000/_next/static/chunks/node_modules_next_dist_1e8vcs8._.js:776
[ 1060281ms] [LOG] [Fast Refresh] done in 51ms @ http://localhost:3000/_next/static/chunks/node_modules_next_dist_1e8vcs8._.js:776
[ 1060336ms] [LOG] [Fast Refresh] done in 51ms @ http://localhost:3000/_next/static/chunks/node_modules_next_dist_1e8vcs8._.js:776
[ 1060390ms] [LOG] [Fast Refresh] done in 51ms @ http://localhost:3000/_next/static/chunks/node_modules_next_dist_1e8vcs8._.js:776
[ 1060443ms] [LOG] [Fast Refresh] done in 51ms @ http://localhost:3000/_next/static/chunks/node_modules_next_dist_1e8vcs8._.js:776
[ 1060494ms] [LOG] [Fast Refresh] done in 51ms @ http://localhost:3000/_next/static/chunks/node_modules_next_dist_1e8vcs8._.js:776
[ 1060544ms] [LOG] [Fast Refresh] done in 51ms @ http://localhost:3000/_next/static/chunks/node_modules_next_dist_1e8vcs8._.js:776
[ 1060597ms] [LOG] [Fast Refresh] done in 51ms @ http://localhost:3000/_next/static/chunks/node_modules_next_dist_1e8vcs8._.js:776
[ 1060654ms] [LOG] [Fast Refresh] done in 51ms @ http://localhost:3000/_next/static/chunks/node_modules_next_dist_1e8vcs8._.js:776
[ 1060711ms] [LOG] [Fast Refresh] done in 51ms @ http://localhost:3000/_next/static/chunks/node_modules_next_dist_1e8vcs8._.js:776
[ 1060770ms] [LOG] [Fast Refresh] done in 51ms @ http://localhost:3000/_next/static/chunks/node_modules_next_dist_1e8vcs8._.js:776
[ 1060833ms] [LOG] [Fast Refresh] done in 51ms @ http://localhost:3000/_next/static/chunks/node_modules_next_dist_1e8vcs8._.js:776
[ 1060884ms] [LOG] [Fast Refresh] done in 51ms @ http://localhost:3000/_next/static/chunks/node_modules_next_dist_1e8vcs8._.js:776
[ 1060936ms] [LOG] [Fast Refresh] done in 51ms @ http://localhost:3000/_next/static/chunks/node_modules_next_dist_1e8vcs8._.js:776
[ 1060985ms] [LOG] [Fast Refresh] done in 51ms @ http://localhost:3000/_next/static/chunks/node_modules_next_dist_1e8vcs8._.js:776
[ 1061037ms] [LOG] [Fast Refresh] done in 51ms @ http://localhost:3000/_next/static/chunks/node_modules_next_dist_1e8vcs8._.js:776
[ 1061087ms] [LOG] [Fast Refresh] done in 51ms @ http://localhost:3000/_next/static/chunks/node_modules_next_dist_1e8vcs8._.js:776
[ 1061137ms] [LOG] [Fast Refresh] done in 51ms @ http://localhost:3000/_next/static/chunks/node_modules_next_dist_1e8vcs8._.js:776
[ 1061201ms] [LOG] [Fast Refresh] done in 51ms @ http://localhost:3000/_next/static/chunks/node_modules_next_dist_1e8vcs8._.js:776
[ 1061260ms] [LOG] [Fast Refresh] done in 51ms @ http://localhost:3000/_next/static/chunks/node_modules_next_dist_1e8vcs8._.js:776
[ 1061309ms] [LOG] [Fast Refresh] done in 51ms @ http://localhost:3000/_next/static/chunks/node_modules_next_dist_1e8vcs8._.js:776
[ 1061371ms] [LOG] [Fast Refresh] done in 51ms @ http://localhost:3000/_next/static/chunks/node_modules_next_dist_1e8vcs8._.js:776
[ 1061422ms] [LOG] [Fast Refresh] done in 51ms @ http://localhost:3000/_next/static/chunks/node_modules_next_dist_1e8vcs8._.js:776
[ 1061472ms] [LOG] [Fast Refresh] done in 51ms @ http://localhost:3000/_next/static/chunks/node_modules_next_dist_1e8vcs8._.js:776
[ 1061530ms] [LOG] [Fast Refresh] done in 51ms @ http://localhost:3000/_next/static/chunks/node_modules_next_dist_1e8vcs8._.js:776
[ 1061586ms] [LOG] [Fast Refresh] done in 51ms @ http://localhost:3000/_next/static/chunks/node_modules_next_dist_1e8vcs8._.js:776
[ 1061633ms] [LOG] [Fast Refresh] done in 51ms @ http://localhost:3000/_next/static/chunks/node_modules_next_dist_1e8vcs8._.js:776
[ 1061690ms] [LOG] [Fast Refresh] done in 51ms @ http://localhost:3000/_next/static/chunks/node_modules_next_dist_1e8vcs8._.js:776
[ 1061746ms] [LOG] [Fast Refresh] done in 51ms @ http://localhost:3000/_next/static/chunks/node_modules_next_dist_1e8vcs8._.js:776
[ 1061805ms] [LOG] [Fast Refresh] done in 51ms @ http://localhost:3000/_next/static/chunks/node_modules_next_dist_1e8vcs8._.js:776
[ 1061862ms] [LOG] [Fast Refresh] done in 51ms @ http://localhost:3000/_next/static/chunks/node_modules_next_dist_1e8vcs8._.js:776
[ 1061912ms] [LOG] [Fast Refresh] done in 51ms @ http://localhost:3000/_next/static/chunks/node_modules_next_dist_1e8vcs8._.js:776
[ 1061966ms] [LOG] [Fast Refresh] done in 51ms @ http://localhost:3000/_next/static/chunks/node_modules_next_dist_1e8vcs8._.js:776
[ 1062018ms] [LOG] [Fast Refresh] done in 51ms @ http://localhost:3000/_next/static/chunks/node_modules_next_dist_1e8vcs8._.js:776
[ 1062075ms] [LOG] [Fast Refresh] done in 51ms @ http://localhost:3000/_next/static/chunks/node_modules_next_dist_1e8vcs8._.js:776
[ 1062133ms] [LOG] [Fast Refresh] done in 51ms @ http://localhost:3000/_next/static/chunks/node_modules_next_dist_1e8vcs8._.js:776
[ 1062187ms] [LOG] [Fast Refresh] done in 51ms @ http://localhost:3000/_next/static/chunks/node_modules_next_dist_1e8vcs8._.js:776
[ 1062245ms] [LOG] [Fast Refresh] done in 51ms @ http://localhost:3000/_next/static/chunks/node_modules_next_dist_1e8vcs8._.js:776
[ 1062302ms] [LOG] [Fast Refresh] done in 51ms @ http://localhost:3000/_next/static/chunks/node_modules_next_dist_1e8vcs8._.js:776
[ 1062354ms] [LOG] [Fast Refresh] done in 51ms @ http://localhost:3000/_next/static/chunks/node_modules_next_dist_1e8vcs8._.js:776
[ 1062407ms] [LOG] [Fast Refresh] done in 51ms @ http://localhost:3000/_next/static/chunks/node_modules_next_dist_1e8vcs8._.js:776
[ 1062457ms] [LOG] [Fast Refresh] done in 51ms @ http://localhost:3000/_next/static/chunks/node_modules_next_dist_1e8vcs8._.js:776
[ 1062513ms] [LOG] [Fast Refresh] done in 51ms @ http://localhost:3000/_next/static/chunks/node_modules_next_dist_1e8vcs8._.js:776
[ 1062569ms] [LOG] [Fast Refresh] done in 51ms @ http://localhost:3000/_next/static/chunks/node_modules_next_dist_1e8vcs8._.js:776
[ 1062626ms] [LOG] [Fast Refresh] done in 51ms @ http://localhost:3000/_next/static/chunks/node_modules_next_dist_1e8vcs8._.js:776
[ 1062675ms] [LOG] [Fast Refresh] done in 51ms @ http://localhost:3000/_next/static/chunks/node_modules_next_dist_1e8vcs8._.js:776
[ 1062725ms] [LOG] [Fast Refresh] done in 51ms @ http://localhost:3000/_next/static/chunks/node_modules_next_dist_1e8vcs8._.js:776
[ 1062783ms] [LOG] [Fast Refresh] done in 51ms @ http://localhost:3000/_next/static/chunks/node_modules_next_dist_1e8vcs8._.js:776
[ 1062842ms] [LOG] [Fast Refresh] done in 51ms @ http://localhost:3000/_next/static/chunks/node_modules_next_dist_1e8vcs8._.js:776
[ 1062904ms] [LOG] [Fast Refresh] done in 51ms @ http://localhost:3000/_next/static/chunks/node_modules_next_dist_1e8vcs8._.js:776
[ 1062960ms] [LOG] [Fast Refresh] done in 51ms @ http://localhost:3000/_next/static/chunks/node_modules_next_dist_1e8vcs8._.js:776
[ 1063016ms] [LOG] [Fast Refresh] done in 51ms @ http://localhost:3000/_next/static/chunks/node_modules_next_dist_1e8vcs8._.js:776
[ 1063070ms] [LOG] [Fast Refresh] done in 51ms @ http://localhost:3000/_next/static/chunks/node_modules_next_dist_1e8vcs8._.js:776
[ 1063121ms] [LOG] [Fast Refresh] done in 51ms @ http://localhost:3000/_next/static/chunks/node_modules_next_dist_1e8vcs8._.js:776
[ 1063179ms] [LOG] [Fast Refresh] done in 51ms @ http://localhost:3000/_next/static/chunks/node_modules_next_dist_1e8vcs8._.js:776
[ 1063230ms] [LOG] [Fast Refresh] done in 51ms @ http://localhost:3000/_next/static/chunks/node_modules_next_dist_1e8vcs8._.js:776
[ 1063281ms] [LOG] [Fast Refresh] done in 51ms @ http://localhost:3000/_next/static/chunks/node_modules_next_dist_1e8vcs8._.js:776
[ 1063338ms] [LOG] [Fast Refresh] done in 51ms @ http://localhost:3000/_next/static/chunks/node_modules_next_dist_1e8vcs8._.js:776
[ 1063395ms] [LOG] [Fast Refresh] done in 51ms @ http://localhost:3000/_next/static/chunks/node_modules_next_dist_1e8vcs8._.js:776
[ 1063449ms] [LOG] [Fast Refresh] done in 51ms @ http://localhost:3000/_next/static/chunks/node_modules_next_dist_1e8vcs8._.js:776
[ 1063503ms] [LOG] [Fast Refresh] done in 51ms @ http://localhost:3000/_next/static/chunks/node_modules_next_dist_1e8vcs8._.js:776
[ 1063561ms] [LOG] [Fast Refresh] done in 51ms @ http://localhost:3000/_next/static/chunks/node_modules_next_dist_1e8vcs8._.js:776
[ 1063619ms] [LOG] [Fast Refresh] done in 51ms @ http://localhost:3000/_next/static/chunks/node_modules_next_dist_1e8vcs8._.js:776
[ 1063676ms] [LOG] [Fast Refresh] done in 51ms @ http://localhost:3000/_next/static/chunks/node_modules_next_dist_1e8vcs8._.js:776
[ 1063735ms] [LOG] [Fast Refresh] done in 51ms @ http://localhost:3000/_next/static/chunks/node_modules_next_dist_1e8vcs8._.js:776
[ 1063785ms] [LOG] [Fast Refresh] done in 51ms @ http://localhost:3000/_next/static/chunks/node_modules_next_dist_1e8vcs8._.js:776
[ 1063841ms] [LOG] [Fast Refresh] done in 51ms @ http://localhost:3000/_next/static/chunks/node_modules_next_dist_1e8vcs8._.js:776
[ 1063891ms] [LOG] [Fast Refresh] done in 51ms @ http://localhost:3000/_next/static/chunks/node_modules_next_dist_1e8vcs8._.js:776
[ 1063944ms] [LOG] [Fast Refresh] done in 51ms @ http://localhost:3000/_next/static/chunks/node_modules_next_dist_1e8vcs8._.js:776
[ 1064061ms] [LOG] [Fast Refresh] done in 51ms @ http://localhost:3000/_next/static/chunks/node_modules_next_dist_1e8vcs8._.js:776
[ 1064125ms] [LOG] [Fast Refresh] done in 51ms @ http://localhost:3000/_next/static/chunks/node_modules_next_dist_1e8vcs8._.js:776
[ 1064182ms] [LOG] [Fast Refresh] done in 51ms @ http://localhost:3000/_next/static/chunks/node_modules_next_dist_1e8vcs8._.js:776
[ 1064245ms] [LOG] [Fast Refresh] done in 51ms @ http://localhost:3000/_next/static/chunks/node_modules_next_dist_1e8vcs8._.js:776
[ 1064303ms] [LOG] [Fast Refresh] done in 51ms @ http://localhost:3000/_next/static/chunks/node_modules_next_dist_1e8vcs8._.js:776
[ 1064358ms] [LOG] [Fast Refresh] done in 51ms @ http://localhost:3000/_next/static/chunks/node_modules_next_dist_1e8vcs8._.js:776
[ 1064408ms] [LOG] [Fast Refresh] done in 51ms @ http://localhost:3000/_next/static/chunks/node_modules_next_dist_1e8vcs8._.js:776
[ 1064457ms] [LOG] [Fast Refresh] done in 51ms @ http://localhost:3000/_next/static/chunks/node_modules_next_dist_1e8vcs8._.js:776
[ 1064511ms] [LOG] [Fast Refresh] done in 51ms @ http://localhost:3000/_next/static/chunks/node_modules_next_dist_1e8vcs8._.js:776
[ 1064565ms] [LOG] [Fast Refresh] done in 51ms @ http://localhost:3000/_next/static/chunks/node_modules_next_dist_1e8vcs8._.js:776
[ 1064611ms] [LOG] [Fast Refresh] done in 51ms @ http://localhost:3000/_next/static/chunks/node_modules_next_dist_1e8vcs8._.js:776
[ 1064670ms] [LOG] [Fast Refresh] done in 51ms @ http://localhost:3000/_next/static/chunks/node_modules_next_dist_1e8vcs8._.js:776
[ 1064727ms] [LOG] [Fast Refresh] done in 51ms @ http://localhost:3000/_next/static/chunks/node_modules_next_dist_1e8vcs8._.js:776
[ 1064778ms] [LOG] [Fast Refresh] done in 51ms @ http://localhost:3000/_next/static/chunks/node_modules_next_dist_1e8vcs8._.js:776
[ 1064832ms] [LOG] [Fast Refresh] done in 51ms @ http://localhost:3000/_next/static/chunks/node_modules_next_dist_1e8vcs8._.js:776
[ 1064888ms] [LOG] [Fast Refresh] done in 51ms @ http://localhost:3000/_next/static/chunks/node_modules_next_dist_1e8vcs8._.js:776
[ 1064942ms] [LOG] [Fast Refresh] done in 51ms @ http://localhost:3000/_next/static/chunks/node_modules_next_dist_1e8vcs8._.js:776
[ 1064993ms] [LOG] [Fast Refresh] done in 51ms @ http://localhost:3000/_next/static/chunks/node_modules_next_dist_1e8vcs8._.js:776
[ 1065051ms] [LOG] [Fast Refresh] done in 51ms @ http://localhost:3000/_next/static/chunks/node_modules_next_dist_1e8vcs8._.js:776
[ 1065111ms] [LOG] [Fast Refresh] done in 51ms @ http://localhost:3000/_next/static/chunks/node_modules_next_dist_1e8vcs8._.js:776
[ 1065171ms] [LOG] [Fast Refresh] done in 51ms @ http://localhost:3000/_next/static/chunks/node_modules_next_dist_1e8vcs8._.js:776
[ 1065223ms] [LOG] [Fast Refresh] done in 51ms @ http://localhost:3000/_next/static/chunks/node_modules_next_dist_1e8vcs8._.js:776
[ 1065278ms] [LOG] [Fast Refresh] done in 51ms @ http://localhost:3000/_next/static/chunks/node_modules_next_dist_1e8vcs8._.js:776
[ 1065333ms] [LOG] [Fast Refresh] done in 51ms @ http://localhost:3000/_next/static/chunks/node_modules_next_dist_1e8vcs8._.js:776
[ 1065392ms] [LOG] [Fast Refresh] done in 51ms @ http://localhost:3000/_next/static/chunks/node_modules_next_dist_1e8vcs8._.js:776
[ 1065450ms] [LOG] [Fast Refresh] done in 51ms @ http://localhost:3000/_next/static/chunks/node_modules_next_dist_1e8vcs8._.js:776
[ 1065504ms] [LOG] [Fast Refresh] done in 51ms @ http://localhost:3000/_next/static/chunks/node_modules_next_dist_1e8vcs8._.js:776
[ 1065565ms] [LOG] [Fast Refresh] done in 51ms @ http://localhost:3000/_next/static/chunks/node_modules_next_dist_1e8vcs8._.js:776
[ 1065611ms] [LOG] [Fast Refresh] done in 51ms @ http://localhost:3000/_next/static/chunks/node_modules_next_dist_1e8vcs8._.js:776
[ 1065660ms] [LOG] [Fast Refresh] done in 51ms @ http://localhost:3000/_next/static/chunks/node_modules_next_dist_1e8vcs8._.js:776
[ 1065716ms] [LOG] [Fast Refresh] done in 51ms @ http://localhost:3000/_next/static/chunks/node_modules_next_dist_1e8vcs8._.js:776
[ 1065766ms] [LOG] [Fast Refresh] done in 51ms @ http://localhost:3000/_next/static/chunks/node_modules_next_dist_1e8vcs8._.js:776
[ 1065821ms] [LOG] [Fast Refresh] done in 51ms @ http://localhost:3000/_next/static/chunks/node_modules_next_dist_1e8vcs8._.js:776
[ 1065874ms] [LOG] [Fast Refresh] done in 51ms @ http://localhost:3000/_next/static/chunks/node_modules_next_dist_1e8vcs8._.js:776
[ 1065932ms] [LOG] [Fast Refresh] done in 51ms @ http://localhost:3000/_next/static/chunks/node_modules_next_dist_1e8vcs8._.js:776
[ 1065994ms] [LOG] [Fast Refresh] done in 51ms @ http://localhost:3000/_next/static/chunks/node_modules_next_dist_1e8vcs8._.js:776
[ 1066045ms] [LOG] [Fast Refresh] done in 51ms @ http://localhost:3000/_next/static/chunks/node_modules_next_dist_1e8vcs8._.js:776
[ 1066103ms] [LOG] [Fast Refresh] done in 51ms @ http://localhost:3000/_next/static/chunks/node_modules_next_dist_1e8vcs8._.js:776
[ 1066157ms] [LOG] [Fast Refresh] done in 51ms @ http://localhost:3000/_next/static/chunks/node_modules_next_dist_1e8vcs8._.js:776
[ 1066212ms] [LOG] [Fast Refresh] done in 51ms @ http://localhost:3000/_next/static/chunks/node_modules_next_dist_1e8vcs8._.js:776
[ 1066267ms] [LOG] [Fast Refresh] done in 51ms @ http://localhost:3000/_next/static/chunks/node_modules_next_dist_1e8vcs8._.js:776
[ 1066321ms] [LOG] [Fast Refresh] done in 51ms @ http://localhost:3000/_next/static/chunks/node_modules_next_dist_1e8vcs8._.js:776
[ 1066378ms] [LOG] [Fast Refresh] done in 51ms @ http://localhost:3000/_next/static/chunks/node_modules_next_dist_1e8vcs8._.js:776
[ 1066433ms] [LOG] [Fast Refresh] done in 51ms @ http://localhost:3000/_next/static/chunks/node_modules_next_dist_1e8vcs8._.js:776
[ 1066486ms] [LOG] [Fast Refresh] done in 51ms @ http://localhost:3000/_next/static/chunks/node_modules_next_dist_1e8vcs8._.js:776
[ 1066544ms] [LOG] [Fast Refresh] done in 51ms @ http://localhost:3000/_next/static/chunks/node_modules_next_dist_1e8vcs8._.js:776
[ 1066603ms] [LOG] [Fast Refresh] done in 51ms @ http://localhost:3000/_next/static/chunks/node_modules_next_dist_1e8vcs8._.js:776
[ 1066658ms] [LOG] [Fast Refresh] done in 51ms @ http://localhost:3000/_next/static/chunks/node_modules_next_dist_1e8vcs8._.js:776
[ 1066715ms] [LOG] [Fast Refresh] done in 51ms @ http://localhost:3000/_next/static/chunks/node_modules_next_dist_1e8vcs8._.js:776
[ 1066770ms] [LOG] [Fast Refresh] done in 51ms @ http://localhost:3000/_next/static/chunks/node_modules_next_dist_1e8vcs8._.js:776
[ 1066822ms] [LOG] [Fast Refresh] done in 51ms @ http://localhost:3000/_next/static/chunks/node_modules_next_dist_1e8vcs8._.js:776
[ 1066867ms] [LOG] [Fast Refresh] done in 51ms @ http://localhost:3000/_next/static/chunks/node_modules_next_dist_1e8vcs8._.js:776
[ 1066926ms] [LOG] [Fast Refresh] done in 51ms @ http://localhost:3000/_next/static/chunks/node_modules_next_dist_1e8vcs8._.js:776
[ 1066980ms] [LOG] [Fast Refresh] done in 51ms @ http://localhost:3000/_next/static/chunks/node_modules_next_dist_1e8vcs8._.js:776
[ 1067038ms] [LOG] [Fast Refresh] done in 51ms @ http://localhost:3000/_next/static/chunks/node_modules_next_dist_1e8vcs8._.js:776
[ 1067090ms] [LOG] [Fast Refresh] done in 51ms @ http://localhost:3000/_next/static/chunks/node_modules_next_dist_1e8vcs8._.js:776
[ 1067145ms] [LOG] [Fast Refresh] done in 51ms @ http://localhost:3000/_next/static/chunks/node_modules_next_dist_1e8vcs8._.js:776
[ 1067203ms] [LOG] [Fast Refresh] done in 51ms @ http://localhost:3000/_next/static/chunks/node_modules_next_dist_1e8vcs8._.js:776
[ 1067262ms] [LOG] [Fast Refresh] done in 51ms @ http://localhost:3000/_next/static/chunks/node_modules_next_dist_1e8vcs8._.js:776
[ 1067316ms] [LOG] [Fast Refresh] done in 51ms @ http://localhost:3000/_next/static/chunks/node_modules_next_dist_1e8vcs8._.js:776
[ 1067370ms] [LOG] [Fast Refresh] done in 51ms @ http://localhost:3000/_next/static/chunks/node_modules_next_dist_1e8vcs8._.js:776
[ 1067428ms] [LOG] [Fast Refresh] done in 51ms @ http://localhost:3000/_next/static/chunks/node_modules_next_dist_1e8vcs8._.js:776
[ 1067483ms] [LOG] [Fast Refresh] done in 51ms @ http://localhost:3000/_next/static/chunks/node_modules_next_dist_1e8vcs8._.js:776
[ 1067541ms] [LOG] [Fast Refresh] done in 51ms @ http://localhost:3000/_next/static/chunks/node_modules_next_dist_1e8vcs8._.js:776
[ 1067596ms] [LOG] [Fast Refresh] done in 51ms @ http://localhost:3000/_next/static/chunks/node_modules_next_dist_1e8vcs8._.js:776
[ 1067649ms] [LOG] [Fast Refresh] done in 51ms @ http://localhost:3000/_next/static/chunks/node_modules_next_dist_1e8vcs8._.js:776
[ 1067703ms] [LOG] [Fast Refresh] done in 51ms @ http://localhost:3000/_next/static/chunks/node_modules_next_dist_1e8vcs8._.js:776
[ 1067758ms] [LOG] [Fast Refresh] done in 51ms @ http://localhost:3000/_next/static/chunks/node_modules_next_dist_1e8vcs8._.js:776
[ 1067813ms] [LOG] [Fast Refresh] done in 51ms @ http://localhost:3000/_next/static/chunks/node_modules_next_dist_1e8vcs8._.js:776
[ 1067868ms] [LOG] [Fast Refresh] done in 51ms @ http://localhost:3000/_next/static/chunks/node_modules_next_dist_1e8vcs8._.js:776
[ 1067922ms] [LOG] [Fast Refresh] done in 51ms @ http://localhost:3000/_next/static/chunks/node_modules_next_dist_1e8vcs8._.js:776
[ 1067973ms] [LOG] [Fast Refresh] done in 51ms @ http://localhost:3000/_next/static/chunks/node_modules_next_dist_1e8vcs8._.js:776
[ 1068023ms] [LOG] [Fast Refresh] done in 51ms @ http://localhost:3000/_next/static/chunks/node_modules_next_dist_1e8vcs8._.js:776
[ 1068075ms] [LOG] [Fast Refresh] done in 51ms @ http://localhost:3000/_next/static/chunks/node_modules_next_dist_1e8vcs8._.js:776
[ 1068130ms] [LOG] [Fast Refresh] done in 51ms @ http://localhost:3000/_next/static/chunks/node_modules_next_dist_1e8vcs8._.js:776
[ 1068184ms] [LOG] [Fast Refresh] done in 51ms @ http://localhost:3000/_next/static/chunks/node_modules_next_dist_1e8vcs8._.js:776
[ 1068244ms] [LOG] [Fast Refresh] done in 51ms @ http://localhost:3000/_next/static/chunks/node_modules_next_dist_1e8vcs8._.js:776
[ 1068301ms] [LOG] [Fast Refresh] done in 51ms @ http://localhost:3000/_next/static/chunks/node_modules_next_dist_1e8vcs8._.js:776
[ 1068350ms] [LOG] [Fast Refresh] done in 51ms @ http://localhost:3000/_next/static/chunks/node_modules_next_dist_1e8vcs8._.js:776
[ 1068396ms] [LOG] [Fast Refresh] done in 51ms @ http://localhost:3000/_next/static/chunks/node_modules_next_dist_1e8vcs8._.js:776
[ 1068459ms] [LOG] [Fast Refresh] done in 51ms @ http://localhost:3000/_next/static/chunks/node_modules_next_dist_1e8vcs8._.js:776
[ 1068515ms] [LOG] [Fast Refresh] done in 51ms @ http://localhost:3000/_next/static/chunks/node_modules_next_dist_1e8vcs8._.js:776
[ 1068576ms] [LOG] [Fast Refresh] done in 51ms @ http://localhost:3000/_next/static/chunks/node_modules_next_dist_1e8vcs8._.js:776
[ 1068634ms] [LOG] [Fast Refresh] done in 51ms @ http://localhost:3000/_next/static/chunks/node_modules_next_dist_1e8vcs8._.js:776
[ 1068697ms] [LOG] [Fast Refresh] done in 51ms @ http://localhost:3000/_next/static/chunks/node_modules_next_dist_1e8vcs8._.js:776
[ 1068752ms] [LOG] [Fast Refresh] done in 51ms @ http://localhost:3000/_next/static/chunks/node_modules_next_dist_1e8vcs8._.js:776
[ 1068809ms] [LOG] [Fast Refresh] done in 51ms @ http://localhost:3000/_next/static/chunks/node_modules_next_dist_1e8vcs8._.js:776
[ 1068859ms] [LOG] [Fast Refresh] done in 51ms @ http://localhost:3000/_next/static/chunks/node_modules_next_dist_1e8vcs8._.js:776
[ 1068917ms] [LOG] [Fast Refresh] done in 51ms @ http://localhost:3000/_next/static/chunks/node_modules_next_dist_1e8vcs8._.js:776
[ 1068971ms] [LOG] [Fast Refresh] done in 51ms @ http://localhost:3000/_next/static/chunks/node_modules_next_dist_1e8vcs8._.js:776
[ 1069031ms] [LOG] [Fast Refresh] done in 51ms @ http://localhost:3000/_next/static/chunks/node_modules_next_dist_1e8vcs8._.js:776
[ 1069090ms] [LOG] [Fast Refresh] done in 51ms @ http://localhost:3000/_next/static/chunks/node_modules_next_dist_1e8vcs8._.js:776
[ 1069146ms] [LOG] [Fast Refresh] done in 51ms @ http://localhost:3000/_next/static/chunks/node_modules_next_dist_1e8vcs8._.js:776
[ 1069204ms] [LOG] [Fast Refresh] done in 51ms @ http://localhost:3000/_next/static/chunks/node_modules_next_dist_1e8vcs8._.js:776
[ 1069263ms] [LOG] [Fast Refresh] done in 51ms @ http://localhost:3000/_next/static/chunks/node_modules_next_dist_1e8vcs8._.js:776
[ 1069317ms] [LOG] [Fast Refresh] done in 51ms @ http://localhost:3000/_next/static/chunks/node_modules_next_dist_1e8vcs8._.js:776
[ 1069378ms] [LOG] [Fast Refresh] done in 51ms @ http://localhost:3000/_next/static/chunks/node_modules_next_dist_1e8vcs8._.js:776
[ 1069425ms] [LOG] [Fast Refresh] done in 51ms @ http://localhost:3000/_next/static/chunks/node_modules_next_dist_1e8vcs8._.js:776
[ 1069485ms] [LOG] [Fast Refresh] done in 51ms @ http://localhost:3000/_next/static/chunks/node_modules_next_dist_1e8vcs8._.js:776
[ 1069539ms] [LOG] [Fast Refresh] done in 51ms @ http://localhost:3000/_next/static/chunks/node_modules_next_dist_1e8vcs8._.js:776
[ 1069594ms] [LOG] [Fast Refresh] done in 51ms @ http://localhost:3000/_next/static/chunks/node_modules_next_dist_1e8vcs8._.js:776
[ 1069652ms] [LOG] [Fast Refresh] done in 51ms @ http://localhost:3000/_next/static/chunks/node_modules_next_dist_1e8vcs8._.js:776
[ 1069703ms] [LOG] [Fast Refresh] done in 51ms @ http://localhost:3000/_next/static/chunks/node_modules_next_dist_1e8vcs8._.js:776
[ 1069761ms] [LOG] [Fast Refresh] done in 51ms @ http://localhost:3000/_next/static/chunks/node_modules_next_dist_1e8vcs8._.js:776
[ 1069822ms] [LOG] [Fast Refresh] done in 51ms @ http://localhost:3000/_next/static/chunks/node_modules_next_dist_1e8vcs8._.js:776
[ 1069875ms] [LOG] [Fast Refresh] done in 51ms @ http://localhost:3000/_next/static/chunks/node_modules_next_dist_1e8vcs8._.js:776
[ 1069929ms] [LOG] [Fast Refresh] done in 51ms @ http://localhost:3000/_next/static/chunks/node_modules_next_dist_1e8vcs8._.js:776
[ 1069980ms] [LOG] [Fast Refresh] done in 51ms @ http://localhost:3000/_next/static/chunks/node_modules_next_dist_1e8vcs8._.js:776
[ 1070030ms] [LOG] [Fast Refresh] done in 51ms @ http://localhost:3000/_next/static/chunks/node_modules_next_dist_1e8vcs8._.js:776
[ 1070084ms] [LOG] [Fast Refresh] done in 51ms @ http://localhost:3000/_next/static/chunks/node_modules_next_dist_1e8vcs8._.js:776
[ 1070142ms] [LOG] [Fast Refresh] done in 51ms @ http://localhost:3000/_next/static/chunks/node_modules_next_dist_1e8vcs8._.js:776
[ 1070193ms] [LOG] [Fast Refresh] done in 51ms @ http://localhost:3000/_next/static/chunks/node_modules_next_dist_1e8vcs8._.js:776
[ 1070250ms] [LOG] [Fast Refresh] done in 51ms @ http://localhost:3000/_next/static/chunks/node_modules_next_dist_1e8vcs8._.js:776
[ 1070304ms] [LOG] [Fast Refresh] done in 51ms @ http://localhost:3000/_next/static/chunks/node_modules_next_dist_1e8vcs8._.js:776
[ 1070358ms] [LOG] [Fast Refresh] done in 51ms @ http://localhost:3000/_next/static/chunks/node_modules_next_dist_1e8vcs8._.js:776
[ 1070419ms] [LOG] [Fast Refresh] done in 51ms @ http://localhost:3000/_next/static/chunks/node_modules_next_dist_1e8vcs8._.js:776
[ 1070471ms] [LOG] [Fast Refresh] done in 51ms @ http://localhost:3000/_next/static/chunks/node_modules_next_dist_1e8vcs8._.js:776
[ 1070528ms] [LOG] [Fast Refresh] done in 51ms @ http://localhost:3000/_next/static/chunks/node_modules_next_dist_1e8vcs8._.js:776
[ 1070584ms] [LOG] [Fast Refresh] done in 51ms @ http://localhost:3000/_next/static/chunks/node_modules_next_dist_1e8vcs8._.js:776
[ 1070639ms] [LOG] [Fast Refresh] done in 51ms @ http://localhost:3000/_next/static/chunks/node_modules_next_dist_1e8vcs8._.js:776
[ 1070690ms] [LOG] [Fast Refresh] done in 51ms @ http://localhost:3000/_next/static/chunks/node_modules_next_dist_1e8vcs8._.js:776
[ 1070741ms] [LOG] [Fast Refresh] done in 51ms @ http://localhost:3000/_next/static/chunks/node_modules_next_dist_1e8vcs8._.js:776
[ 1070804ms] [LOG] [Fast Refresh] done in 51ms @ http://localhost:3000/_next/static/chunks/node_modules_next_dist_1e8vcs8._.js:776
[ 1070866ms] [LOG] [Fast Refresh] done in 51ms @ http://localhost:3000/_next/static/chunks/node_modules_next_dist_1e8vcs8._.js:776
[ 1070922ms] [LOG] [Fast Refresh] done in 51ms @ http://localhost:3000/_next/static/chunks/node_modules_next_dist_1e8vcs8._.js:776
[ 1070980ms] [LOG] [Fast Refresh] done in 51ms @ http://localhost:3000/_next/static/chunks/node_modules_next_dist_1e8vcs8._.js:776
[ 1071034ms] [LOG] [Fast Refresh] done in 51ms @ http://localhost:3000/_next/static/chunks/node_modules_next_dist_1e8vcs8._.js:776
[ 1071092ms] [LOG] [Fast Refresh] done in 51ms @ http://localhost:3000/_next/static/chunks/node_modules_next_dist_1e8vcs8._.js:776
[ 1071143ms] [LOG] [Fast Refresh] done in 51ms @ http://localhost:3000/_next/static/chunks/node_modules_next_dist_1e8vcs8._.js:776
[ 1071199ms] [LOG] [Fast Refresh] done in 51ms @ http://localhost:3000/_next/static/chunks/node_modules_next_dist_1e8vcs8._.js:776
[ 1071258ms] [LOG] [Fast Refresh] done in 51ms @ http://localhost:3000/_next/static/chunks/node_modules_next_dist_1e8vcs8._.js:776
[ 1071312ms] [LOG] [Fast Refresh] done in 51ms @ http://localhost:3000/_next/static/chunks/node_modules_next_dist_1e8vcs8._.js:776
[ 1071367ms] [LOG] [Fast Refresh] done in 51ms @ http://localhost:3000/_next/static/chunks/node_modules_next_dist_1e8vcs8._.js:776
[ 1071417ms] [LOG] [Fast Refresh] done in 51ms @ http://localhost:3000/_next/static/chunks/node_modules_next_dist_1e8vcs8._.js:776
[ 1071477ms] [LOG] [Fast Refresh] done in 51ms @ http://localhost:3000/_next/static/chunks/node_modules_next_dist_1e8vcs8._.js:776
[ 1071532ms] [LOG] [Fast Refresh] done in 51ms @ http://localhost:3000/_next/static/chunks/node_modules_next_dist_1e8vcs8._.js:776
[ 1071581ms] [LOG] [Fast Refresh] done in 51ms @ http://localhost:3000/_next/static/chunks/node_modules_next_dist_1e8vcs8._.js:776
[ 1071627ms] [LOG] [Fast Refresh] done in 51ms @ http://localhost:3000/_next/static/chunks/node_modules_next_dist_1e8vcs8._.js:776
[ 1071684ms] [LOG] [Fast Refresh] done in 51ms @ http://localhost:3000/_next/static/chunks/node_modules_next_dist_1e8vcs8._.js:776
[ 1071742ms] [LOG] [Fast Refresh] done in 51ms @ http://localhost:3000/_next/static/chunks/node_modules_next_dist_1e8vcs8._.js:776
[ 1071793ms] [LOG] [Fast Refresh] done in 51ms @ http://localhost:3000/_next/static/chunks/node_modules_next_dist_1e8vcs8._.js:776
[ 1071850ms] [LOG] [Fast Refresh] done in 51ms @ http://localhost:3000/_next/static/chunks/node_modules_next_dist_1e8vcs8._.js:776
[ 1071906ms] [LOG] [Fast Refresh] done in 51ms @ http://localhost:3000/_next/static/chunks/node_modules_next_dist_1e8vcs8._.js:776
[ 1071961ms] [LOG] [Fast Refresh] done in 51ms @ http://localhost:3000/_next/static/chunks/node_modules_next_dist_1e8vcs8._.js:776
[ 1072020ms] [LOG] [Fast Refresh] done in 51ms @ http://localhost:3000/_next/static/chunks/node_modules_next_dist_1e8vcs8._.js:776
[ 1072073ms] [LOG] [Fast Refresh] done in 51ms @ http://localhost:3000/_next/static/chunks/node_modules_next_dist_1e8vcs8._.js:776
[ 1072128ms] [LOG] [Fast Refresh] done in 51ms @ http://localhost:3000/_next/static/chunks/node_modules_next_dist_1e8vcs8._.js:776
[ 1072183ms] [LOG] [Fast Refresh] done in 51ms @ http://localhost:3000/_next/static/chunks/node_modules_next_dist_1e8vcs8._.js:776
[ 1072238ms] [LOG] [Fast Refresh] done in 51ms @ http://localhost:3000/_next/static/chunks/node_modules_next_dist_1e8vcs8._.js:776
[ 1072296ms] [LOG] [Fast Refresh] done in 51ms @ http://localhost:3000/_next/static/chunks/node_modules_next_dist_1e8vcs8._.js:776
[ 1072347ms] [LOG] [Fast Refresh] done in 51ms @ http://localhost:3000/_next/static/chunks/node_modules_next_dist_1e8vcs8._.js:776
[ 1072407ms] [LOG] [Fast Refresh] done in 51ms @ http://localhost:3000/_next/static/chunks/node_modules_next_dist_1e8vcs8._.js:776
[ 1072462ms] [LOG] [Fast Refresh] done in 51ms @ http://localhost:3000/_next/static/chunks/node_modules_next_dist_1e8vcs8._.js:776
[ 1072515ms] [LOG] [Fast Refresh] done in 51ms @ http://localhost:3000/_next/static/chunks/node_modules_next_dist_1e8vcs8._.js:776
[ 1072574ms] [LOG] [Fast Refresh] done in 51ms @ http://localhost:3000/_next/static/chunks/node_modules_next_dist_1e8vcs8._.js:776
[ 1072623ms] [LOG] [Fast Refresh] done in 51ms @ http://localhost:3000/_next/static/chunks/node_modules_next_dist_1e8vcs8._.js:776
[ 1072682ms] [LOG] [Fast Refresh] done in 51ms @ http://localhost:3000/_next/static/chunks/node_modules_next_dist_1e8vcs8._.js:776
[ 1072744ms] [LOG] [Fast Refresh] done in 51ms @ http://localhost:3000/_next/static/chunks/node_modules_next_dist_1e8vcs8._.js:776
[ 1072801ms] [LOG] [Fast Refresh] done in 51ms @ http://localhost:3000/_next/static/chunks/node_modules_next_dist_1e8vcs8._.js:776
[ 1072849ms] [LOG] [Fast Refresh] done in 51ms @ http://localhost:3000/_next/static/chunks/node_modules_next_dist_1e8vcs8._.js:776
[ 1072899ms] [LOG] [Fast Refresh] done in 51ms @ http://localhost:3000/_next/static/chunks/node_modules_next_dist_1e8vcs8._.js:776
[ 1072957ms] [LOG] [Fast Refresh] done in 51ms @ http://localhost:3000/_next/static/chunks/node_modules_next_dist_1e8vcs8._.js:776
[ 1073013ms] [LOG] [Fast Refresh] done in 51ms @ http://localhost:3000/_next/static/chunks/node_modules_next_dist_1e8vcs8._.js:776
[ 1073070ms] [LOG] [Fast Refresh] done in 51ms @ http://localhost:3000/_next/static/chunks/node_modules_next_dist_1e8vcs8._.js:776
[ 1073125ms] [LOG] [Fast Refresh] done in 51ms @ http://localhost:3000/_next/static/chunks/node_modules_next_dist_1e8vcs8._.js:776
[ 1073182ms] [LOG] [Fast Refresh] done in 51ms @ http://localhost:3000/_next/static/chunks/node_modules_next_dist_1e8vcs8._.js:776
[ 1073227ms] [LOG] [Fast Refresh] done in 51ms @ http://localhost:3000/_next/static/chunks/node_modules_next_dist_1e8vcs8._.js:776
[ 1073282ms] [LOG] [Fast Refresh] done in 51ms @ http://localhost:3000/_next/static/chunks/node_modules_next_dist_1e8vcs8._.js:776
[ 1073336ms] [LOG] [Fast Refresh] done in 51ms @ http://localhost:3000/_next/static/chunks/node_modules_next_dist_1e8vcs8._.js:776
[ 1073383ms] [LOG] [Fast Refresh] done in 51ms @ http://localhost:3000/_next/static/chunks/node_modules_next_dist_1e8vcs8._.js:776
[ 1073440ms] [LOG] [Fast Refresh] done in 51ms @ http://localhost:3000/_next/static/chunks/node_modules_next_dist_1e8vcs8._.js:776
[ 1073495ms] [LOG] [Fast Refresh] done in 51ms @ http://localhost:3000/_next/static/chunks/node_modules_next_dist_1e8vcs8._.js:776
[ 1073542ms] [LOG] [Fast Refresh] done in 51ms @ http://localhost:3000/_next/static/chunks/node_modules_next_dist_1e8vcs8._.js:776
[ 1073596ms] [LOG] [Fast Refresh] done in 51ms @ http://localhost:3000/_next/static/chunks/node_modules_next_dist_1e8vcs8._.js:776
[ 1073647ms] [LOG] [Fast Refresh] done in 51ms @ http://localhost:3000/_next/static/chunks/node_modules_next_dist_1e8vcs8._.js:776
[ 1073700ms] [LOG] [Fast Refresh] done in 51ms @ http://localhost:3000/_next/static/chunks/node_modules_next_dist_1e8vcs8._.js:776
[ 1073758ms] [LOG] [Fast Refresh] done in 51ms @ http://localhost:3000/_next/static/chunks/node_modules_next_dist_1e8vcs8._.js:776
[ 1073817ms] [LOG] [Fast Refresh] done in 51ms @ http://localhost:3000/_next/static/chunks/node_modules_next_dist_1e8vcs8._.js:776
[ 1073879ms] [LOG] [Fast Refresh] done in 51ms @ http://localhost:3000/_next/static/chunks/node_modules_next_dist_1e8vcs8._.js:776
[ 1073938ms] [LOG] [Fast Refresh] done in 51ms @ http://localhost:3000/_next/static/chunks/node_modules_next_dist_1e8vcs8._.js:776
[ 1074003ms] [LOG] [Fast Refresh] done in 51ms @ http://localhost:3000/_next/static/chunks/node_modules_next_dist_1e8vcs8._.js:776
[ 1074055ms] [LOG] [Fast Refresh] done in 51ms @ http://localhost:3000/_next/static/chunks/node_modules_next_dist_1e8vcs8._.js:776
[ 1074107ms] [LOG] [Fast Refresh] done in 51ms @ http://localhost:3000/_next/static/chunks/node_modules_next_dist_1e8vcs8._.js:776
[ 1074162ms] [LOG] [Fast Refresh] done in 51ms @ http://localhost:3000/_next/static/chunks/node_modules_next_dist_1e8vcs8._.js:776
[ 1074221ms] [LOG] [Fast Refresh] done in 51ms @ http://localhost:3000/_next/static/chunks/node_modules_next_dist_1e8vcs8._.js:776
[ 1074272ms] [LOG] [Fast Refresh] done in 51ms @ http://localhost:3000/_next/static/chunks/node_modules_next_dist_1e8vcs8._.js:776
[ 1074326ms] [LOG] [Fast Refresh] done in 51ms @ http://localhost:3000/_next/static/chunks/node_modules_next_dist_1e8vcs8._.js:776
[ 1074385ms] [LOG] [Fast Refresh] done in 51ms @ http://localhost:3000/_next/static/chunks/node_modules_next_dist_1e8vcs8._.js:776
[ 1074434ms] [LOG] [Fast Refresh] done in 51ms @ http://localhost:3000/_next/static/chunks/node_modules_next_dist_1e8vcs8._.js:776
[ 1074493ms] [LOG] [Fast Refresh] done in 51ms @ http://localhost:3000/_next/static/chunks/node_modules_next_dist_1e8vcs8._.js:776
[ 1074551ms] [LOG] [Fast Refresh] done in 51ms @ http://localhost:3000/_next/static/chunks/node_modules_next_dist_1e8vcs8._.js:776
[ 1074611ms] [LOG] [Fast Refresh] done in 51ms @ http://localhost:3000/_next/static/chunks/node_modules_next_dist_1e8vcs8._.js:776
[ 1074665ms] [LOG] [Fast Refresh] done in 51ms @ http://localhost:3000/_next/static/chunks/node_modules_next_dist_1e8vcs8._.js:776
[ 1074715ms] [LOG] [Fast Refresh] done in 51ms @ http://localhost:3000/_next/static/chunks/node_modules_next_dist_1e8vcs8._.js:776
[ 1074768ms] [LOG] [Fast Refresh] done in 51ms @ http://localhost:3000/_next/static/chunks/node_modules_next_dist_1e8vcs8._.js:776
[ 1074811ms] [LOG] [Fast Refresh] done in 51ms @ http://localhost:3000/_next/static/chunks/node_modules_next_dist_1e8vcs8._.js:776
[ 1074861ms] [LOG] [Fast Refresh] done in 51ms @ http://localhost:3000/_next/static/chunks/node_modules_next_dist_1e8vcs8._.js:776
[ 1074912ms] [LOG] [Fast Refresh] done in 51ms @ http://localhost:3000/_next/static/chunks/node_modules_next_dist_1e8vcs8._.js:776
[ 1074967ms] [LOG] [Fast Refresh] done in 51ms @ http://localhost:3000/_next/static/chunks/node_modules_next_dist_1e8vcs8._.js:776
[ 1075029ms] [LOG] [Fast Refresh] done in 51ms @ http://localhost:3000/_next/static/chunks/node_modules_next_dist_1e8vcs8._.js:776
[ 1075086ms] [LOG] [Fast Refresh] done in 51ms @ http://localhost:3000/_next/static/chunks/node_modules_next_dist_1e8vcs8._.js:776
[ 1075136ms] [LOG] [Fast Refresh] done in 51ms @ http://localhost:3000/_next/static/chunks/node_modules_next_dist_1e8vcs8._.js:776
[ 1075195ms] [LOG] [Fast Refresh] done in 51ms @ http://localhost:3000/_next/static/chunks/node_modules_next_dist_1e8vcs8._.js:776
[ 1075249ms] [LOG] [Fast Refresh] done in 51ms @ http://localhost:3000/_next/static/chunks/node_modules_next_dist_1e8vcs8._.js:776
[ 1075306ms] [LOG] [Fast Refresh] done in 51ms @ http://localhost:3000/_next/static/chunks/node_modules_next_dist_1e8vcs8._.js:776
[ 1075364ms] [LOG] [Fast Refresh] done in 51ms @ http://localhost:3000/_next/static/chunks/node_modules_next_dist_1e8vcs8._.js:776
[ 1075415ms] [LOG] [Fast Refresh] done in 51ms @ http://localhost:3000/_next/static/chunks/node_modules_next_dist_1e8vcs8._.js:776
[ 1075478ms] [LOG] [Fast Refresh] done in 51ms @ http://localhost:3000/_next/static/chunks/node_modules_next_dist_1e8vcs8._.js:776
[ 1075533ms] [LOG] [Fast Refresh] done in 51ms @ http://localhost:3000/_next/static/chunks/node_modules_next_dist_1e8vcs8._.js:776
[ 1075595ms] [LOG] [Fast Refresh] done in 51ms @ http://localhost:3000/_next/static/chunks/node_modules_next_dist_1e8vcs8._.js:776
[ 1075649ms] [LOG] [Fast Refresh] done in 51ms @ http://localhost:3000/_next/static/chunks/node_modules_next_dist_1e8vcs8._.js:776
[ 1075712ms] [LOG] [Fast Refresh] done in 51ms @ http://localhost:3000/_next/static/chunks/node_modules_next_dist_1e8vcs8._.js:776
[ 1075769ms] [LOG] [Fast Refresh] done in 51ms @ http://localhost:3000/_next/static/chunks/node_modules_next_dist_1e8vcs8._.js:776
[ 1075815ms] [LOG] [Fast Refresh] done in 51ms @ http://localhost:3000/_next/static/chunks/node_modules_next_dist_1e8vcs8._.js:776
[ 1075870ms] [LOG] [Fast Refresh] done in 51ms @ http://localhost:3000/_next/static/chunks/node_modules_next_dist_1e8vcs8._.js:776
[ 1075928ms] [LOG] [Fast Refresh] done in 51ms @ http://localhost:3000/_next/static/chunks/node_modules_next_dist_1e8vcs8._.js:776
[ 1075987ms] [LOG] [Fast Refresh] done in 51ms @ http://localhost:3000/_next/static/chunks/node_modules_next_dist_1e8vcs8._.js:776
[ 1076032ms] [LOG] [Fast Refresh] done in 51ms @ http://localhost:3000/_next/static/chunks/node_modules_next_dist_1e8vcs8._.js:776
[ 1076085ms] [LOG] [Fast Refresh] done in 51ms @ http://localhost:3000/_next/static/chunks/node_modules_next_dist_1e8vcs8._.js:776
[ 1076135ms] [LOG] [Fast Refresh] done in 51ms @ http://localhost:3000/_next/static/chunks/node_modules_next_dist_1e8vcs8._.js:776
[ 1076191ms] [LOG] [Fast Refresh] done in 51ms @ http://localhost:3000/_next/static/chunks/node_modules_next_dist_1e8vcs8._.js:776
[ 1076245ms] [LOG] [Fast Refresh] done in 51ms @ http://localhost:3000/_next/static/chunks/node_modules_next_dist_1e8vcs8._.js:776
[ 1076301ms] [LOG] [Fast Refresh] done in 51ms @ http://localhost:3000/_next/static/chunks/node_modules_next_dist_1e8vcs8._.js:776
[ 1076357ms] [LOG] [Fast Refresh] done in 51ms @ http://localhost:3000/_next/static/chunks/node_modules_next_dist_1e8vcs8._.js:776
[ 1076418ms] [LOG] [Fast Refresh] done in 51ms @ http://localhost:3000/_next/static/chunks/node_modules_next_dist_1e8vcs8._.js:776
[ 1076477ms] [LOG] [Fast Refresh] done in 51ms @ http://localhost:3000/_next/static/chunks/node_modules_next_dist_1e8vcs8._.js:776
[ 1076523ms] [LOG] [Fast Refresh] done in 51ms @ http://localhost:3000/_next/static/chunks/node_modules_next_dist_1e8vcs8._.js:776
[ 1076579ms] [LOG] [Fast Refresh] done in 51ms @ http://localhost:3000/_next/static/chunks/node_modules_next_dist_1e8vcs8._.js:776
[ 1076631ms] [LOG] [Fast Refresh] done in 51ms @ http://localhost:3000/_next/static/chunks/node_modules_next_dist_1e8vcs8._.js:776
[ 1076686ms] [LOG] [Fast Refresh] done in 51ms @ http://localhost:3000/_next/static/chunks/node_modules_next_dist_1e8vcs8._.js:776
[ 1076743ms] [LOG] [Fast Refresh] done in 51ms @ http://localhost:3000/_next/static/chunks/node_modules_next_dist_1e8vcs8._.js:776
[ 1076800ms] [LOG] [Fast Refresh] done in 51ms @ http://localhost:3000/_next/static/chunks/node_modules_next_dist_1e8vcs8._.js:776
[ 1076859ms] [LOG] [Fast Refresh] done in 51ms @ http://localhost:3000/_next/static/chunks/node_modules_next_dist_1e8vcs8._.js:776
[ 1076904ms] [LOG] [Fast Refresh] done in 51ms @ http://localhost:3000/_next/static/chunks/node_modules_next_dist_1e8vcs8._.js:776
[ 1076963ms] [LOG] [Fast Refresh] done in 51ms @ http://localhost:3000/_next/static/chunks/node_modules_next_dist_1e8vcs8._.js:776
[ 1077018ms] [LOG] [Fast Refresh] done in 51ms @ http://localhost:3000/_next/static/chunks/node_modules_next_dist_1e8vcs8._.js:776
[ 1077081ms] [LOG] [Fast Refresh] done in 51ms @ http://localhost:3000/_next/static/chunks/node_modules_next_dist_1e8vcs8._.js:776
[ 1077139ms] [LOG] [Fast Refresh] done in 51ms @ http://localhost:3000/_next/static/chunks/node_modules_next_dist_1e8vcs8._.js:776
[ 1077191ms] [LOG] [Fast Refresh] done in 51ms @ http://localhost:3000/_next/static/chunks/node_modules_next_dist_1e8vcs8._.js:776
[ 1077240ms] [LOG] [Fast Refresh] done in 51ms @ http://localhost:3000/_next/static/chunks/node_modules_next_dist_1e8vcs8._.js:776
[ 1077294ms] [LOG] [Fast Refresh] done in 51ms @ http://localhost:3000/_next/static/chunks/node_modules_next_dist_1e8vcs8._.js:776
[ 1077346ms] [LOG] [Fast Refresh] done in 51ms @ http://localhost:3000/_next/static/chunks/node_modules_next_dist_1e8vcs8._.js:776
[ 1077401ms] [LOG] [Fast Refresh] done in 51ms @ http://localhost:3000/_next/static/chunks/node_modules_next_dist_1e8vcs8._.js:776
[ 1077464ms] [LOG] [Fast Refresh] done in 51ms @ http://localhost:3000/_next/static/chunks/node_modules_next_dist_1e8vcs8._.js:776
[ 1077521ms] [LOG] [Fast Refresh] done in 51ms @ http://localhost:3000/_next/static/chunks/node_modules_next_dist_1e8vcs8._.js:776
[ 1077575ms] [LOG] [Fast Refresh] done in 51ms @ http://localhost:3000/_next/static/chunks/node_modules_next_dist_1e8vcs8._.js:776
[ 1077633ms] [LOG] [Fast Refresh] done in 51ms @ http://localhost:3000/_next/static/chunks/node_modules_next_dist_1e8vcs8._.js:776
[ 1077691ms] [LOG] [Fast Refresh] done in 51ms @ http://localhost:3000/_next/static/chunks/node_modules_next_dist_1e8vcs8._.js:776
[ 1077745ms] [LOG] [Fast Refresh] done in 51ms @ http://localhost:3000/_next/static/chunks/node_modules_next_dist_1e8vcs8._.js:776
[ 1077805ms] [LOG] [Fast Refresh] done in 51ms @ http://localhost:3000/_next/static/chunks/node_modules_next_dist_1e8vcs8._.js:776
[ 1077868ms] [LOG] [Fast Refresh] done in 51ms @ http://localhost:3000/_next/static/chunks/node_modules_next_dist_1e8vcs8._.js:776
[ 1077923ms] [LOG] [Fast Refresh] done in 51ms @ http://localhost:3000/_next/static/chunks/node_modules_next_dist_1e8vcs8._.js:776
[ 1077977ms] [LOG] [Fast Refresh] done in 51ms @ http://localhost:3000/_next/static/chunks/node_modules_next_dist_1e8vcs8._.js:776
[ 1078030ms] [LOG] [Fast Refresh] done in 51ms @ http://localhost:3000/_next/static/chunks/node_modules_next_dist_1e8vcs8._.js:776
[ 1078086ms] [LOG] [Fast Refresh] done in 51ms @ http://localhost:3000/_next/static/chunks/node_modules_next_dist_1e8vcs8._.js:776
[ 1078141ms] [LOG] [Fast Refresh] done in 51ms @ http://localhost:3000/_next/static/chunks/node_modules_next_dist_1e8vcs8._.js:776
[ 1078198ms] [LOG] [Fast Refresh] done in 51ms @ http://localhost:3000/_next/static/chunks/node_modules_next_dist_1e8vcs8._.js:776
[ 1078251ms] [LOG] [Fast Refresh] done in 51ms @ http://localhost:3000/_next/static/chunks/node_modules_next_dist_1e8vcs8._.js:776
[ 1078310ms] [LOG] [Fast Refresh] done in 51ms @ http://localhost:3000/_next/static/chunks/node_modules_next_dist_1e8vcs8._.js:776
[ 1078365ms] [LOG] [Fast Refresh] done in 51ms @ http://localhost:3000/_next/static/chunks/node_modules_next_dist_1e8vcs8._.js:776
[ 1078419ms] [LOG] [Fast Refresh] done in 51ms @ http://localhost:3000/_next/static/chunks/node_modules_next_dist_1e8vcs8._.js:776
[ 1078475ms] [LOG] [Fast Refresh] done in 51ms @ http://localhost:3000/_next/static/chunks/node_modules_next_dist_1e8vcs8._.js:776
[ 1078522ms] [LOG] [Fast Refresh] done in 51ms @ http://localhost:3000/_next/static/chunks/node_modules_next_dist_1e8vcs8._.js:776
[ 1078580ms] [LOG] [Fast Refresh] done in 51ms @ http://localhost:3000/_next/static/chunks/node_modules_next_dist_1e8vcs8._.js:776
[ 1078637ms] [LOG] [Fast Refresh] done in 51ms @ http://localhost:3000/_next/static/chunks/node_modules_next_dist_1e8vcs8._.js:776
[ 1078687ms] [LOG] [Fast Refresh] done in 51ms @ http://localhost:3000/_next/static/chunks/node_modules_next_dist_1e8vcs8._.js:776
[ 1078738ms] [LOG] [Fast Refresh] done in 51ms @ http://localhost:3000/_next/static/chunks/node_modules_next_dist_1e8vcs8._.js:776
[ 1078797ms] [LOG] [Fast Refresh] done in 51ms @ http://localhost:3000/_next/static/chunks/node_modules_next_dist_1e8vcs8._.js:776
[ 1078843ms] [LOG] [Fast Refresh] done in 51ms @ http://localhost:3000/_next/static/chunks/node_modules_next_dist_1e8vcs8._.js:776
[ 1078898ms] [LOG] [Fast Refresh] done in 51ms @ http://localhost:3000/_next/static/chunks/node_modules_next_dist_1e8vcs8._.js:776
[ 1078952ms] [LOG] [Fast Refresh] done in 51ms @ http://localhost:3000/_next/static/chunks/node_modules_next_dist_1e8vcs8._.js:776
[ 1079001ms] [LOG] [Fast Refresh] done in 51ms @ http://localhost:3000/_next/static/chunks/node_modules_next_dist_1e8vcs8._.js:776
[ 1079053ms] [LOG] [Fast Refresh] done in 51ms @ http://localhost:3000/_next/static/chunks/node_modules_next_dist_1e8vcs8._.js:776
[ 1079107ms] [LOG] [Fast Refresh] done in 51ms @ http://localhost:3000/_next/static/chunks/node_modules_next_dist_1e8vcs8._.js:776
[ 1079156ms] [LOG] [Fast Refresh] done in 51ms @ http://localhost:3000/_next/static/chunks/node_modules_next_dist_1e8vcs8._.js:776
[ 1079211ms] [LOG] [Fast Refresh] done in 51ms @ http://localhost:3000/_next/static/chunks/node_modules_next_dist_1e8vcs8._.js:776
[ 1079261ms] [LOG] [Fast Refresh] done in 51ms @ http://localhost:3000/_next/static/chunks/node_modules_next_dist_1e8vcs8._.js:776
[ 1079317ms] [LOG] [Fast Refresh] done in 51ms @ http://localhost:3000/_next/static/chunks/node_modules_next_dist_1e8vcs8._.js:776
[ 1079367ms] [LOG] [Fast Refresh] done in 51ms @ http://localhost:3000/_next/static/chunks/node_modules_next_dist_1e8vcs8._.js:776
[ 1079430ms] [LOG] [Fast Refresh] done in 51ms @ http://localhost:3000/_next/static/chunks/node_modules_next_dist_1e8vcs8._.js:776
[ 1079484ms] [LOG] [Fast Refresh] done in 51ms @ http://localhost:3000/_next/static/chunks/node_modules_next_dist_1e8vcs8._.js:776
[ 1079539ms] [LOG] [Fast Refresh] done in 51ms @ http://localhost:3000/_next/static/chunks/node_modules_next_dist_1e8vcs8._.js:776
[ 1079599ms] [LOG] [Fast Refresh] done in 51ms @ http://localhost:3000/_next/static/chunks/node_modules_next_dist_1e8vcs8._.js:776
[ 1079657ms] [LOG] [Fast Refresh] done in 51ms @ http://localhost:3000/_next/static/chunks/node_modules_next_dist_1e8vcs8._.js:776
[ 1079711ms] [LOG] [Fast Refresh] done in 51ms @ http://localhost:3000/_next/static/chunks/node_modules_next_dist_1e8vcs8._.js:776
[ 1079762ms] [LOG] [Fast Refresh] done in 51ms @ http://localhost:3000/_next/static/chunks/node_modules_next_dist_1e8vcs8._.js:776
[ 1079813ms] [LOG] [Fast Refresh] done in 51ms @ http://localhost:3000/_next/static/chunks/node_modules_next_dist_1e8vcs8._.js:776
[ 1079872ms] [LOG] [Fast Refresh] done in 51ms @ http://localhost:3000/_next/static/chunks/node_modules_next_dist_1e8vcs8._.js:776
[ 1079921ms] [LOG] [Fast Refresh] done in 51ms @ http://localhost:3000/_next/static/chunks/node_modules_next_dist_1e8vcs8._.js:776
[ 1079976ms] [LOG] [Fast Refresh] done in 51ms @ http://localhost:3000/_next/static/chunks/node_modules_next_dist_1e8vcs8._.js:776
[ 1080030ms] [LOG] [Fast Refresh] done in 51ms @ http://localhost:3000/_next/static/chunks/node_modules_next_dist_1e8vcs8._.js:776
[ 1080080ms] [LOG] [Fast Refresh] done in 51ms @ http://localhost:3000/_next/static/chunks/node_modules_next_dist_1e8vcs8._.js:776
[ 1080126ms] [LOG] [Fast Refresh] done in 51ms @ http://localhost:3000/_next/static/chunks/node_modules_next_dist_1e8vcs8._.js:776
[ 1080185ms] [LOG] [Fast Refresh] done in 51ms @ http://localhost:3000/_next/static/chunks/node_modules_next_dist_1e8vcs8._.js:776
[ 1080241ms] [LOG] [Fast Refresh] done in 51ms @ http://localhost:3000/_next/static/chunks/node_modules_next_dist_1e8vcs8._.js:776
[ 1080300ms] [LOG] [Fast Refresh] done in 51ms @ http://localhost:3000/_next/static/chunks/node_modules_next_dist_1e8vcs8._.js:776
[ 1080349ms] [LOG] [Fast Refresh] done in 51ms @ http://localhost:3000/_next/static/chunks/node_modules_next_dist_1e8vcs8._.js:776
[ 1080411ms] [LOG] [Fast Refresh] done in 51ms @ http://localhost:3000/_next/static/chunks/node_modules_next_dist_1e8vcs8._.js:776
[ 1080466ms] [LOG] [Fast Refresh] done in 51ms @ http://localhost:3000/_next/static/chunks/node_modules_next_dist_1e8vcs8._.js:776
[ 1080518ms] [LOG] [Fast Refresh] done in 51ms @ http://localhost:3000/_next/static/chunks/node_modules_next_dist_1e8vcs8._.js:776
[ 1080565ms] [LOG] [Fast Refresh] done in 51ms @ http://localhost:3000/_next/static/chunks/node_modules_next_dist_1e8vcs8._.js:776
[ 1080623ms] [LOG] [Fast Refresh] done in 51ms @ http://localhost:3000/_next/static/chunks/node_modules_next_dist_1e8vcs8._.js:776
[ 1080677ms] [LOG] [Fast Refresh] done in 51ms @ http://localhost:3000/_next/static/chunks/node_modules_next_dist_1e8vcs8._.js:776
[ 1080730ms] [LOG] [Fast Refresh] done in 51ms @ http://localhost:3000/_next/static/chunks/node_modules_next_dist_1e8vcs8._.js:776
[ 1080789ms] [LOG] [Fast Refresh] done in 51ms @ http://localhost:3000/_next/static/chunks/node_modules_next_dist_1e8vcs8._.js:776
[ 1080842ms] [LOG] [Fast Refresh] done in 51ms @ http://localhost:3000/_next/static/chunks/node_modules_next_dist_1e8vcs8._.js:776
[ 1080887ms] [LOG] [Fast Refresh] done in 51ms @ http://localhost:3000/_next/static/chunks/node_modules_next_dist_1e8vcs8._.js:776
[ 1080938ms] [LOG] [Fast Refresh] done in 51ms @ http://localhost:3000/_next/static/chunks/node_modules_next_dist_1e8vcs8._.js:776
[ 1080991ms] [LOG] [Fast Refresh] done in 51ms @ http://localhost:3000/_next/static/chunks/node_modules_next_dist_1e8vcs8._.js:776
[ 1081037ms] [LOG] [Fast Refresh] done in 51ms @ http://localhost:3000/_next/static/chunks/node_modules_next_dist_1e8vcs8._.js:776
[ 1081095ms] [LOG] [Fast Refresh] done in 51ms @ http://localhost:3000/_next/static/chunks/node_modules_next_dist_1e8vcs8._.js:776
[ 1081149ms] [LOG] [Fast Refresh] done in 51ms @ http://localhost:3000/_next/static/chunks/node_modules_next_dist_1e8vcs8._.js:776
[ 1081207ms] [LOG] [Fast Refresh] done in 51ms @ http://localhost:3000/_next/static/chunks/node_modules_next_dist_1e8vcs8._.js:776
[ 1081260ms] [LOG] [Fast Refresh] done in 51ms @ http://localhost:3000/_next/static/chunks/node_modules_next_dist_1e8vcs8._.js:776
[ 1081319ms] [LOG] [Fast Refresh] done in 51ms @ http://localhost:3000/_next/static/chunks/node_modules_next_dist_1e8vcs8._.js:776
[ 1081381ms] [LOG] [Fast Refresh] done in 51ms @ http://localhost:3000/_next/static/chunks/node_modules_next_dist_1e8vcs8._.js:776
[ 1081437ms] [LOG] [Fast Refresh] done in 51ms @ http://localhost:3000/_next/static/chunks/node_modules_next_dist_1e8vcs8._.js:776
[ 1081493ms] [LOG] [Fast Refresh] done in 51ms @ http://localhost:3000/_next/static/chunks/node_modules_next_dist_1e8vcs8._.js:776
[ 1081548ms] [LOG] [Fast Refresh] done in 51ms @ http://localhost:3000/_next/static/chunks/node_modules_next_dist_1e8vcs8._.js:776
[ 1081608ms] [LOG] [Fast Refresh] done in 51ms @ http://localhost:3000/_next/static/chunks/node_modules_next_dist_1e8vcs8._.js:776
[ 1081662ms] [LOG] [Fast Refresh] done in 51ms @ http://localhost:3000/_next/static/chunks/node_modules_next_dist_1e8vcs8._.js:776
[ 1081711ms] [LOG] [Fast Refresh] done in 51ms @ http://localhost:3000/_next/static/chunks/node_modules_next_dist_1e8vcs8._.js:776
[ 1081757ms] [LOG] [Fast Refresh] done in 51ms @ http://localhost:3000/_next/static/chunks/node_modules_next_dist_1e8vcs8._.js:776
[ 1081816ms] [LOG] [Fast Refresh] done in 51ms @ http://localhost:3000/_next/static/chunks/node_modules_next_dist_1e8vcs8._.js:776
[ 1081876ms] [LOG] [Fast Refresh] done in 51ms @ http://localhost:3000/_next/static/chunks/node_modules_next_dist_1e8vcs8._.js:776
[ 1081933ms] [LOG] [Fast Refresh] done in 51ms @ http://localhost:3000/_next/static/chunks/node_modules_next_dist_1e8vcs8._.js:776
[ 1081983ms] [LOG] [Fast Refresh] done in 51ms @ http://localhost:3000/_next/static/chunks/node_modules_next_dist_1e8vcs8._.js:776
[ 1082043ms] [LOG] [Fast Refresh] done in 51ms @ http://localhost:3000/_next/static/chunks/node_modules_next_dist_1e8vcs8._.js:776
[ 1082098ms] [LOG] [Fast Refresh] done in 51ms @ http://localhost:3000/_next/static/chunks/node_modules_next_dist_1e8vcs8._.js:776
[ 1082157ms] [LOG] [Fast Refresh] done in 51ms @ http://localhost:3000/_next/static/chunks/node_modules_next_dist_1e8vcs8._.js:776
[ 1082206ms] [LOG] [Fast Refresh] done in 51ms @ http://localhost:3000/_next/static/chunks/node_modules_next_dist_1e8vcs8._.js:776
[ 1082264ms] [LOG] [Fast Refresh] done in 51ms @ http://localhost:3000/_next/static/chunks/node_modules_next_dist_1e8vcs8._.js:776
[ 1082309ms] [LOG] [Fast Refresh] done in 51ms @ http://localhost:3000/_next/static/chunks/node_modules_next_dist_1e8vcs8._.js:776
[ 1082365ms] [LOG] [Fast Refresh] done in 51ms @ http://localhost:3000/_next/static/chunks/node_modules_next_dist_1e8vcs8._.js:776
[ 1082415ms] [LOG] [Fast Refresh] done in 51ms @ http://localhost:3000/_next/static/chunks/node_modules_next_dist_1e8vcs8._.js:776
[ 1082470ms] [LOG] [Fast Refresh] done in 51ms @ http://localhost:3000/_next/static/chunks/node_modules_next_dist_1e8vcs8._.js:776
[ 1082519ms] [LOG] [Fast Refresh] done in 51ms @ http://localhost:3000/_next/static/chunks/node_modules_next_dist_1e8vcs8._.js:776
[ 1082574ms] [LOG] [Fast Refresh] done in 51ms @ http://localhost:3000/_next/static/chunks/node_modules_next_dist_1e8vcs8._.js:776
[ 1082627ms] [LOG] [Fast Refresh] done in 51ms @ http://localhost:3000/_next/static/chunks/node_modules_next_dist_1e8vcs8._.js:776
[ 1082682ms] [LOG] [Fast Refresh] done in 51ms @ http://localhost:3000/_next/static/chunks/node_modules_next_dist_1e8vcs8._.js:776
[ 1082731ms] [LOG] [Fast Refresh] done in 51ms @ http://localhost:3000/_next/static/chunks/node_modules_next_dist_1e8vcs8._.js:776
[ 1082793ms] [LOG] [Fast Refresh] done in 51ms @ http://localhost:3000/_next/static/chunks/node_modules_next_dist_1e8vcs8._.js:776
[ 1082844ms] [LOG] [Fast Refresh] done in 51ms @ http://localhost:3000/_next/static/chunks/node_modules_next_dist_1e8vcs8._.js:776
[ 1082897ms] [LOG] [Fast Refresh] done in 51ms @ http://localhost:3000/_next/static/chunks/node_modules_next_dist_1e8vcs8._.js:776
[ 1082951ms] [LOG] [Fast Refresh] done in 51ms @ http://localhost:3000/_next/static/chunks/node_modules_next_dist_1e8vcs8._.js:776
[ 1083007ms] [LOG] [Fast Refresh] done in 51ms @ http://localhost:3000/_next/static/chunks/node_modules_next_dist_1e8vcs8._.js:776
[ 1083062ms] [LOG] [Fast Refresh] done in 51ms @ http://localhost:3000/_next/static/chunks/node_modules_next_dist_1e8vcs8._.js:776
[ 1083117ms] [LOG] [Fast Refresh] done in 51ms @ http://localhost:3000/_next/static/chunks/node_modules_next_dist_1e8vcs8._.js:776
[ 1083176ms] [LOG] [Fast Refresh] done in 51ms @ http://localhost:3000/_next/static/chunks/node_modules_next_dist_1e8vcs8._.js:776
[ 1083235ms] [LOG] [Fast Refresh] done in 51ms @ http://localhost:3000/_next/static/chunks/node_modules_next_dist_1e8vcs8._.js:776
[ 1083288ms] [LOG] [Fast Refresh] done in 51ms @ http://localhost:3000/_next/static/chunks/node_modules_next_dist_1e8vcs8._.js:776
[ 1083348ms] [LOG] [Fast Refresh] done in 51ms @ http://localhost:3000/_next/static/chunks/node_modules_next_dist_1e8vcs8._.js:776
[ 1083395ms] [LOG] [Fast Refresh] done in 51ms @ http://localhost:3000/_next/static/chunks/node_modules_next_dist_1e8vcs8._.js:776
[ 1083456ms] [LOG] [Fast Refresh] done in 51ms @ http://localhost:3000/_next/static/chunks/node_modules_next_dist_1e8vcs8._.js:776
[ 1083512ms] [LOG] [Fast Refresh] done in 51ms @ http://localhost:3000/_next/static/chunks/node_modules_next_dist_1e8vcs8._.js:776
[ 1083559ms] [LOG] [Fast Refresh] done in 51ms @ http://localhost:3000/_next/static/chunks/node_modules_next_dist_1e8vcs8._.js:776
[ 1083617ms] [LOG] [Fast Refresh] done in 51ms @ http://localhost:3000/_next/static/chunks/node_modules_next_dist_1e8vcs8._.js:776
[ 1083676ms] [LOG] [Fast Refresh] done in 51ms @ http://localhost:3000/_next/static/chunks/node_modules_next_dist_1e8vcs8._.js:776
[ 1083721ms] [LOG] [Fast Refresh] done in 51ms @ http://localhost:3000/_next/static/chunks/node_modules_next_dist_1e8vcs8._.js:776
[ 1083774ms] [LOG] [Fast Refresh] done in 51ms @ http://localhost:3000/_next/static/chunks/node_modules_next_dist_1e8vcs8._.js:776
[ 1083834ms] [LOG] [Fast Refresh] done in 51ms @ http://localhost:3000/_next/static/chunks/node_modules_next_dist_1e8vcs8._.js:776
[ 1083890ms] [LOG] [Fast Refresh] done in 51ms @ http://localhost:3000/_next/static/chunks/node_modules_next_dist_1e8vcs8._.js:776
[ 1083953ms] [LOG] [Fast Refresh] done in 51ms @ http://localhost:3000/_next/static/chunks/node_modules_next_dist_1e8vcs8._.js:776
[ 1084010ms] [LOG] [Fast Refresh] done in 51ms @ http://localhost:3000/_next/static/chunks/node_modules_next_dist_1e8vcs8._.js:776
[ 1084055ms] [LOG] [Fast Refresh] done in 51ms @ http://localhost:3000/_next/static/chunks/node_modules_next_dist_1e8vcs8._.js:776
[ 1084118ms] [LOG] [Fast Refresh] done in 51ms @ http://localhost:3000/_next/static/chunks/node_modules_next_dist_1e8vcs8._.js:776
[ 1084171ms] [LOG] [Fast Refresh] done in 51ms @ http://localhost:3000/_next/static/chunks/node_modules_next_dist_1e8vcs8._.js:776
[ 1084227ms] [LOG] [Fast Refresh] done in 51ms @ http://localhost:3000/_next/static/chunks/node_modules_next_dist_1e8vcs8._.js:776
[ 1084279ms] [LOG] [Fast Refresh] done in 51ms @ http://localhost:3000/_next/static/chunks/node_modules_next_dist_1e8vcs8._.js:776
[ 1084335ms] [LOG] [Fast Refresh] done in 51ms @ http://localhost:3000/_next/static/chunks/node_modules_next_dist_1e8vcs8._.js:776
[ 1084393ms] [LOG] [Fast Refresh] done in 51ms @ http://localhost:3000/_next/static/chunks/node_modules_next_dist_1e8vcs8._.js:776
[ 1084447ms] [LOG] [Fast Refresh] done in 51ms @ http://localhost:3000/_next/static/chunks/node_modules_next_dist_1e8vcs8._.js:776
[ 1084505ms] [LOG] [Fast Refresh] done in 51ms @ http://localhost:3000/_next/static/chunks/node_modules_next_dist_1e8vcs8._.js:776
[ 1084552ms] [LOG] [Fast Refresh] done in 51ms @ http://localhost:3000/_next/static/chunks/node_modules_next_dist_1e8vcs8._.js:776
[ 1084609ms] [LOG] [Fast Refresh] done in 51ms @ http://localhost:3000/_next/static/chunks/node_modules_next_dist_1e8vcs8._.js:776
[ 1084660ms] [LOG] [Fast Refresh] done in 51ms @ http://localhost:3000/_next/static/chunks/node_modules_next_dist_1e8vcs8._.js:776
[ 1084715ms] [LOG] [Fast Refresh] done in 51ms @ http://localhost:3000/_next/static/chunks/node_modules_next_dist_1e8vcs8._.js:776
[ 1084767ms] [LOG] [Fast Refresh] done in 51ms @ http://localhost:3000/_next/static/chunks/node_modules_next_dist_1e8vcs8._.js:776
[ 1084821ms] [LOG] [Fast Refresh] done in 51ms @ http://localhost:3000/_next/static/chunks/node_modules_next_dist_1e8vcs8._.js:776
[ 1084914ms] [LOG] [Fast Refresh] done in 51ms @ http://localhost:3000/_next/static/chunks/node_modules_next_dist_1e8vcs8._.js:776
[ 1084969ms] [LOG] [Fast Refresh] done in 51ms @ http://localhost:3000/_next/static/chunks/node_modules_next_dist_1e8vcs8._.js:776
[ 1085029ms] [LOG] [Fast Refresh] done in 51ms @ http://localhost:3000/_next/static/chunks/node_modules_next_dist_1e8vcs8._.js:776
[ 1085082ms] [LOG] [Fast Refresh] done in 51ms @ http://localhost:3000/_next/static/chunks/node_modules_next_dist_1e8vcs8._.js:776
[ 1085141ms] [LOG] [Fast Refresh] done in 51ms @ http://localhost:3000/_next/static/chunks/node_modules_next_dist_1e8vcs8._.js:776
[ 1085191ms] [LOG] [Fast Refresh] done in 51ms @ http://localhost:3000/_next/static/chunks/node_modules_next_dist_1e8vcs8._.js:776
[ 1085241ms] [LOG] [Fast Refresh] done in 51ms @ http://localhost:3000/_next/static/chunks/node_modules_next_dist_1e8vcs8._.js:776
[ 1085291ms] [LOG] [Fast Refresh] done in 51ms @ http://localhost:3000/_next/static/chunks/node_modules_next_dist_1e8vcs8._.js:776
[ 1085347ms] [LOG] [Fast Refresh] done in 51ms @ http://localhost:3000/_next/static/chunks/node_modules_next_dist_1e8vcs8._.js:776
[ 1085408ms] [LOG] [Fast Refresh] done in 51ms @ http://localhost:3000/_next/static/chunks/node_modules_next_dist_1e8vcs8._.js:776
[ 1085456ms] [LOG] [Fast Refresh] done in 51ms @ http://localhost:3000/_next/static/chunks/node_modules_next_dist_1e8vcs8._.js:776
[ 1085514ms] [LOG] [Fast Refresh] done in 51ms @ http://localhost:3000/_next/static/chunks/node_modules_next_dist_1e8vcs8._.js:776
[ 1085572ms] [LOG] [Fast Refresh] done in 51ms @ http://localhost:3000/_next/static/chunks/node_modules_next_dist_1e8vcs8._.js:776
[ 1085628ms] [LOG] [Fast Refresh] done in 51ms @ http://localhost:3000/_next/static/chunks/node_modules_next_dist_1e8vcs8._.js:776
[ 1085681ms] [LOG] [Fast Refresh] done in 51ms @ http://localhost:3000/_next/static/chunks/node_modules_next_dist_1e8vcs8._.js:776
[ 1085739ms] [LOG] [Fast Refresh] done in 51ms @ http://localhost:3000/_next/static/chunks/node_modules_next_dist_1e8vcs8._.js:776
[ 1085798ms] [LOG] [Fast Refresh] done in 51ms @ http://localhost:3000/_next/static/chunks/node_modules_next_dist_1e8vcs8._.js:776
[ 1085848ms] [LOG] [Fast Refresh] done in 51ms @ http://localhost:3000/_next/static/chunks/node_modules_next_dist_1e8vcs8._.js:776
[ 1085905ms] [LOG] [Fast Refresh] done in 51ms @ http://localhost:3000/_next/static/chunks/node_modules_next_dist_1e8vcs8._.js:776
[ 1085955ms] [LOG] [Fast Refresh] done in 51ms @ http://localhost:3000/_next/static/chunks/node_modules_next_dist_1e8vcs8._.js:776
[ 1086005ms] [LOG] [Fast Refresh] done in 51ms @ http://localhost:3000/_next/static/chunks/node_modules_next_dist_1e8vcs8._.js:776
[ 1086058ms] [LOG] [Fast Refresh] done in 51ms @ http://localhost:3000/_next/static/chunks/node_modules_next_dist_1e8vcs8._.js:776
[ 1086113ms] [LOG] [Fast Refresh] done in 51ms @ http://localhost:3000/_next/static/chunks/node_modules_next_dist_1e8vcs8._.js:776
[ 1086163ms] [LOG] [Fast Refresh] done in 51ms @ http://localhost:3000/_next/static/chunks/node_modules_next_dist_1e8vcs8._.js:776
[ 1086218ms] [LOG] [Fast Refresh] done in 51ms @ http://localhost:3000/_next/static/chunks/node_modules_next_dist_1e8vcs8._.js:776
[ 1086272ms] [LOG] [Fast Refresh] done in 51ms @ http://localhost:3000/_next/static/chunks/node_modules_next_dist_1e8vcs8._.js:776
[ 1086322ms] [LOG] [Fast Refresh] done in 51ms @ http://localhost:3000/_next/static/chunks/node_modules_next_dist_1e8vcs8._.js:776
[ 1086377ms] [LOG] [Fast Refresh] done in 51ms @ http://localhost:3000/_next/static/chunks/node_modules_next_dist_1e8vcs8._.js:776
[ 1086424ms] [LOG] [Fast Refresh] done in 51ms @ http://localhost:3000/_next/static/chunks/node_modules_next_dist_1e8vcs8._.js:776
[ 1086482ms] [LOG] [Fast Refresh] done in 51ms @ http://localhost:3000/_next/static/chunks/node_modules_next_dist_1e8vcs8._.js:776
[ 1086543ms] [LOG] [Fast Refresh] done in 51ms @ http://localhost:3000/_next/static/chunks/node_modules_next_dist_1e8vcs8._.js:776
[ 1086598ms] [LOG] [Fast Refresh] done in 51ms @ http://localhost:3000/_next/static/chunks/node_modules_next_dist_1e8vcs8._.js:776
[ 1086657ms] [LOG] [Fast Refresh] done in 51ms @ http://localhost:3000/_next/static/chunks/node_modules_next_dist_1e8vcs8._.js:776
[ 1086713ms] [LOG] [Fast Refresh] done in 51ms @ http://localhost:3000/_next/static/chunks/node_modules_next_dist_1e8vcs8._.js:776
[ 1086775ms] [LOG] [Fast Refresh] done in 51ms @ http://localhost:3000/_next/static/chunks/node_modules_next_dist_1e8vcs8._.js:776
[ 1086833ms] [LOG] [Fast Refresh] done in 51ms @ http://localhost:3000/_next/static/chunks/node_modules_next_dist_1e8vcs8._.js:776
[ 1086887ms] [LOG] [Fast Refresh] done in 51ms @ http://localhost:3000/_next/static/chunks/node_modules_next_dist_1e8vcs8._.js:776
[ 1086949ms] [LOG] [Fast Refresh] done in 51ms @ http://localhost:3000/_next/static/chunks/node_modules_next_dist_1e8vcs8._.js:776
[ 1087006ms] [LOG] [Fast Refresh] done in 51ms @ http://localhost:3000/_next/static/chunks/node_modules_next_dist_1e8vcs8._.js:776
[ 1087061ms] [LOG] [Fast Refresh] done in 51ms @ http://localhost:3000/_next/static/chunks/node_modules_next_dist_1e8vcs8._.js:776
[ 1087114ms] [LOG] [Fast Refresh] done in 51ms @ http://localhost:3000/_next/static/chunks/node_modules_next_dist_1e8vcs8._.js:776
[ 1087160ms] [LOG] [Fast Refresh] done in 51ms @ http://localhost:3000/_next/static/chunks/node_modules_next_dist_1e8vcs8._.js:776
[ 1087215ms] [LOG] [Fast Refresh] done in 51ms @ http://localhost:3000/_next/static/chunks/node_modules_next_dist_1e8vcs8._.js:776
[ 1087271ms] [LOG] [Fast Refresh] done in 51ms @ http://localhost:3000/_next/static/chunks/node_modules_next_dist_1e8vcs8._.js:776
[ 1087328ms] [LOG] [Fast Refresh] done in 51ms @ http://localhost:3000/_next/static/chunks/node_modules_next_dist_1e8vcs8._.js:776
[ 1087386ms] [LOG] [Fast Refresh] done in 51ms @ http://localhost:3000/_next/static/chunks/node_modules_next_dist_1e8vcs8._.js:776
[ 1087439ms] [LOG] [Fast Refresh] done in 51ms @ http://localhost:3000/_next/static/chunks/node_modules_next_dist_1e8vcs8._.js:776
[ 1087491ms] [LOG] [Fast Refresh] done in 51ms @ http://localhost:3000/_next/static/chunks/node_modules_next_dist_1e8vcs8._.js:776
[ 1087550ms] [LOG] [Fast Refresh] done in 51ms @ http://localhost:3000/_next/static/chunks/node_modules_next_dist_1e8vcs8._.js:776
[ 1087604ms] [LOG] [Fast Refresh] done in 51ms @ http://localhost:3000/_next/static/chunks/node_modules_next_dist_1e8vcs8._.js:776
[ 1087658ms] [LOG] [Fast Refresh] done in 51ms @ http://localhost:3000/_next/static/chunks/node_modules_next_dist_1e8vcs8._.js:776
[ 1087716ms] [LOG] [Fast Refresh] done in 51ms @ http://localhost:3000/_next/static/chunks/node_modules_next_dist_1e8vcs8._.js:776
[ 1087770ms] [LOG] [Fast Refresh] done in 51ms @ http://localhost:3000/_next/static/chunks/node_modules_next_dist_1e8vcs8._.js:776
[ 1087827ms] [LOG] [Fast Refresh] done in 51ms @ http://localhost:3000/_next/static/chunks/node_modules_next_dist_1e8vcs8._.js:776
[ 1087882ms] [LOG] [Fast Refresh] done in 51ms @ http://localhost:3000/_next/static/chunks/node_modules_next_dist_1e8vcs8._.js:776
[ 1087926ms] [LOG] [Fast Refresh] done in 51ms @ http://localhost:3000/_next/static/chunks/node_modules_next_dist_1e8vcs8._.js:776
[ 1087977ms] [LOG] [Fast Refresh] done in 51ms @ http://localhost:3000/_next/static/chunks/node_modules_next_dist_1e8vcs8._.js:776
[ 1088036ms] [LOG] [Fast Refresh] done in 51ms @ http://localhost:3000/_next/static/chunks/node_modules_next_dist_1e8vcs8._.js:776
[ 1088088ms] [LOG] [Fast Refresh] done in 51ms @ http://localhost:3000/_next/static/chunks/node_modules_next_dist_1e8vcs8._.js:776
[ 1088133ms] [LOG] [Fast Refresh] done in 51ms @ http://localhost:3000/_next/static/chunks/node_modules_next_dist_1e8vcs8._.js:776
[ 1088195ms] [LOG] [Fast Refresh] done in 51ms @ http://localhost:3000/_next/static/chunks/node_modules_next_dist_1e8vcs8._.js:776
[ 1088245ms] [LOG] [Fast Refresh] done in 51ms @ http://localhost:3000/_next/static/chunks/node_modules_next_dist_1e8vcs8._.js:776
[ 1088299ms] [LOG] [Fast Refresh] done in 51ms @ http://localhost:3000/_next/static/chunks/node_modules_next_dist_1e8vcs8._.js:776
[ 1088353ms] [LOG] [Fast Refresh] done in 51ms @ http://localhost:3000/_next/static/chunks/node_modules_next_dist_1e8vcs8._.js:776
[ 1088411ms] [LOG] [Fast Refresh] done in 51ms @ http://localhost:3000/_next/static/chunks/node_modules_next_dist_1e8vcs8._.js:776
[ 1088474ms] [LOG] [Fast Refresh] done in 51ms @ http://localhost:3000/_next/static/chunks/node_modules_next_dist_1e8vcs8._.js:776
[ 1088525ms] [LOG] [Fast Refresh] done in 51ms @ http://localhost:3000/_next/static/chunks/node_modules_next_dist_1e8vcs8._.js:776
[ 1088574ms] [LOG] [Fast Refresh] done in 51ms @ http://localhost:3000/_next/static/chunks/node_modules_next_dist_1e8vcs8._.js:776
[ 1088623ms] [LOG] [Fast Refresh] done in 51ms @ http://localhost:3000/_next/static/chunks/node_modules_next_dist_1e8vcs8._.js:776
[ 1088677ms] [LOG] [Fast Refresh] done in 51ms @ http://localhost:3000/_next/static/chunks/node_modules_next_dist_1e8vcs8._.js:776
[ 1088734ms] [LOG] [Fast Refresh] done in 51ms @ http://localhost:3000/_next/static/chunks/node_modules_next_dist_1e8vcs8._.js:776
[ 1088785ms] [LOG] [Fast Refresh] done in 51ms @ http://localhost:3000/_next/static/chunks/node_modules_next_dist_1e8vcs8._.js:776
[ 1088835ms] [LOG] [Fast Refresh] done in 51ms @ http://localhost:3000/_next/static/chunks/node_modules_next_dist_1e8vcs8._.js:776
[ 1088889ms] [LOG] [Fast Refresh] done in 51ms @ http://localhost:3000/_next/static/chunks/node_modules_next_dist_1e8vcs8._.js:776
[ 1088944ms] [LOG] [Fast Refresh] done in 51ms @ http://localhost:3000/_next/static/chunks/node_modules_next_dist_1e8vcs8._.js:776
[ 1089002ms] [LOG] [Fast Refresh] done in 51ms @ http://localhost:3000/_next/static/chunks/node_modules_next_dist_1e8vcs8._.js:776
[ 1089056ms] [LOG] [Fast Refresh] done in 51ms @ http://localhost:3000/_next/static/chunks/node_modules_next_dist_1e8vcs8._.js:776
[ 1089111ms] [LOG] [Fast Refresh] done in 51ms @ http://localhost:3000/_next/static/chunks/node_modules_next_dist_1e8vcs8._.js:776
[ 1089158ms] [LOG] [Fast Refresh] done in 51ms @ http://localhost:3000/_next/static/chunks/node_modules_next_dist_1e8vcs8._.js:776
[ 1089216ms] [LOG] [Fast Refresh] done in 51ms @ http://localhost:3000/_next/static/chunks/node_modules_next_dist_1e8vcs8._.js:776
[ 1089278ms] [LOG] [Fast Refresh] done in 51ms @ http://localhost:3000/_next/static/chunks/node_modules_next_dist_1e8vcs8._.js:776
[ 1089329ms] [LOG] [Fast Refresh] done in 51ms @ http://localhost:3000/_next/static/chunks/node_modules_next_dist_1e8vcs8._.js:776
[ 1089383ms] [LOG] [Fast Refresh] done in 51ms @ http://localhost:3000/_next/static/chunks/node_modules_next_dist_1e8vcs8._.js:776
[ 1089438ms] [LOG] [Fast Refresh] done in 51ms @ http://localhost:3000/_next/static/chunks/node_modules_next_dist_1e8vcs8._.js:776
[ 1089495ms] [LOG] [Fast Refresh] done in 51ms @ http://localhost:3000/_next/static/chunks/node_modules_next_dist_1e8vcs8._.js:776
[ 1089545ms] [LOG] [Fast Refresh] done in 51ms @ http://localhost:3000/_next/static/chunks/node_modules_next_dist_1e8vcs8._.js:776
[ 1089601ms] [LOG] [Fast Refresh] done in 51ms @ http://localhost:3000/_next/static/chunks/node_modules_next_dist_1e8vcs8._.js:776
[ 1089651ms] [LOG] [Fast Refresh] done in 51ms @ http://localhost:3000/_next/static/chunks/node_modules_next_dist_1e8vcs8._.js:776
[ 1089704ms] [LOG] [Fast Refresh] done in 51ms @ http://localhost:3000/_next/static/chunks/node_modules_next_dist_1e8vcs8._.js:776
[ 1089759ms] [LOG] [Fast Refresh] done in 51ms @ http://localhost:3000/_next/static/chunks/node_modules_next_dist_1e8vcs8._.js:776
[ 1089811ms] [LOG] [Fast Refresh] done in 51ms @ http://localhost:3000/_next/static/chunks/node_modules_next_dist_1e8vcs8._.js:776
[ 1089862ms] [LOG] [Fast Refresh] done in 51ms @ http://localhost:3000/_next/static/chunks/node_modules_next_dist_1e8vcs8._.js:776
[ 1089918ms] [LOG] [Fast Refresh] done in 51ms @ http://localhost:3000/_next/static/chunks/node_modules_next_dist_1e8vcs8._.js:776
[ 1089980ms] [LOG] [Fast Refresh] done in 51ms @ http://localhost:3000/_next/static/chunks/node_modules_next_dist_1e8vcs8._.js:776
[ 1090036ms] [LOG] [Fast Refresh] done in 51ms @ http://localhost:3000/_next/static/chunks/node_modules_next_dist_1e8vcs8._.js:776
[ 1090096ms] [LOG] [Fast Refresh] done in 51ms @ http://localhost:3000/_next/static/chunks/node_modules_next_dist_1e8vcs8._.js:776
[ 1090155ms] [LOG] [Fast Refresh] done in 51ms @ http://localhost:3000/_next/static/chunks/node_modules_next_dist_1e8vcs8._.js:776
[ 1090209ms] [LOG] [Fast Refresh] done in 51ms @ http://localhost:3000/_next/static/chunks/node_modules_next_dist_1e8vcs8._.js:776
[ 1090267ms] [LOG] [Fast Refresh] done in 51ms @ http://localhost:3000/_next/static/chunks/node_modules_next_dist_1e8vcs8._.js:776
[ 1090323ms] [LOG] [Fast Refresh] done in 51ms @ http://localhost:3000/_next/static/chunks/node_modules_next_dist_1e8vcs8._.js:776
[ 1090378ms] [LOG] [Fast Refresh] done in 51ms @ http://localhost:3000/_next/static/chunks/node_modules_next_dist_1e8vcs8._.js:776
[ 1090435ms] [LOG] [Fast Refresh] done in 51ms @ http://localhost:3000/_next/static/chunks/node_modules_next_dist_1e8vcs8._.js:776
[ 1090487ms] [LOG] [Fast Refresh] done in 51ms @ http://localhost:3000/_next/static/chunks/node_modules_next_dist_1e8vcs8._.js:776
[ 1090537ms] [LOG] [Fast Refresh] done in 51ms @ http://localhost:3000/_next/static/chunks/node_modules_next_dist_1e8vcs8._.js:776
[ 1090593ms] [LOG] [Fast Refresh] done in 51ms @ http://localhost:3000/_next/static/chunks/node_modules_next_dist_1e8vcs8._.js:776
[ 1090644ms] [LOG] [Fast Refresh] done in 51ms @ http://localhost:3000/_next/static/chunks/node_modules_next_dist_1e8vcs8._.js:776
[ 1090702ms] [LOG] [Fast Refresh] done in 51ms @ http://localhost:3000/_next/static/chunks/node_modules_next_dist_1e8vcs8._.js:776
[ 1090756ms] [LOG] [Fast Refresh] done in 51ms @ http://localhost:3000/_next/static/chunks/node_modules_next_dist_1e8vcs8._.js:776
[ 1090810ms] [LOG] [Fast Refresh] done in 51ms @ http://localhost:3000/_next/static/chunks/node_modules_next_dist_1e8vcs8._.js:776
[ 1090864ms] [LOG] [Fast Refresh] done in 51ms @ http://localhost:3000/_next/static/chunks/node_modules_next_dist_1e8vcs8._.js:776
[ 1090914ms] [LOG] [Fast Refresh] done in 51ms @ http://localhost:3000/_next/static/chunks/node_modules_next_dist_1e8vcs8._.js:776
[ 1090968ms] [LOG] [Fast Refresh] done in 51ms @ http://localhost:3000/_next/static/chunks/node_modules_next_dist_1e8vcs8._.js:776
[ 1091027ms] [LOG] [Fast Refresh] done in 51ms @ http://localhost:3000/_next/static/chunks/node_modules_next_dist_1e8vcs8._.js:776
[ 1091081ms] [LOG] [Fast Refresh] done in 51ms @ http://localhost:3000/_next/static/chunks/node_modules_next_dist_1e8vcs8._.js:776
[ 1091131ms] [LOG] [Fast Refresh] done in 51ms @ http://localhost:3000/_next/static/chunks/node_modules_next_dist_1e8vcs8._.js:776
[ 1091186ms] [LOG] [Fast Refresh] done in 51ms @ http://localhost:3000/_next/static/chunks/node_modules_next_dist_1e8vcs8._.js:776
[ 1091232ms] [LOG] [Fast Refresh] done in 51ms @ http://localhost:3000/_next/static/chunks/node_modules_next_dist_1e8vcs8._.js:776
[ 1091287ms] [LOG] [Fast Refresh] done in 51ms @ http://localhost:3000/_next/static/chunks/node_modules_next_dist_1e8vcs8._.js:776
[ 1091346ms] [LOG] [Fast Refresh] done in 51ms @ http://localhost:3000/_next/static/chunks/node_modules_next_dist_1e8vcs8._.js:776
[ 1091402ms] [LOG] [Fast Refresh] done in 51ms @ http://localhost:3000/_next/static/chunks/node_modules_next_dist_1e8vcs8._.js:776
[ 1091461ms] [LOG] [Fast Refresh] done in 51ms @ http://localhost:3000/_next/static/chunks/node_modules_next_dist_1e8vcs8._.js:776
[ 1091511ms] [LOG] [Fast Refresh] done in 51ms @ http://localhost:3000/_next/static/chunks/node_modules_next_dist_1e8vcs8._.js:776
[ 1091566ms] [LOG] [Fast Refresh] done in 51ms @ http://localhost:3000/_next/static/chunks/node_modules_next_dist_1e8vcs8._.js:776
[ 1091611ms] [LOG] [Fast Refresh] done in 51ms @ http://localhost:3000/_next/static/chunks/node_modules_next_dist_1e8vcs8._.js:776
[ 1091662ms] [LOG] [Fast Refresh] done in 51ms @ http://localhost:3000/_next/static/chunks/node_modules_next_dist_1e8vcs8._.js:776
[ 1091720ms] [LOG] [Fast Refresh] done in 51ms @ http://localhost:3000/_next/static/chunks/node_modules_next_dist_1e8vcs8._.js:776
[ 1091784ms] [LOG] [Fast Refresh] done in 51ms @ http://localhost:3000/_next/static/chunks/node_modules_next_dist_1e8vcs8._.js:776
[ 1091839ms] [LOG] [Fast Refresh] done in 51ms @ http://localhost:3000/_next/static/chunks/node_modules_next_dist_1e8vcs8._.js:776
[ 1091899ms] [LOG] [Fast Refresh] done in 51ms @ http://localhost:3000/_next/static/chunks/node_modules_next_dist_1e8vcs8._.js:776
[ 1091956ms] [LOG] [Fast Refresh] done in 51ms @ http://localhost:3000/_next/static/chunks/node_modules_next_dist_1e8vcs8._.js:776
[ 1092011ms] [LOG] [Fast Refresh] done in 51ms @ http://localhost:3000/_next/static/chunks/node_modules_next_dist_1e8vcs8._.js:776
[ 1092070ms] [LOG] [Fast Refresh] done in 51ms @ http://localhost:3000/_next/static/chunks/node_modules_next_dist_1e8vcs8._.js:776
[ 1092124ms] [LOG] [Fast Refresh] done in 51ms @ http://localhost:3000/_next/static/chunks/node_modules_next_dist_1e8vcs8._.js:776
[ 1092184ms] [LOG] [Fast Refresh] done in 51ms @ http://localhost:3000/_next/static/chunks/node_modules_next_dist_1e8vcs8._.js:776
[ 1092238ms] [LOG] [Fast Refresh] done in 51ms @ http://localhost:3000/_next/static/chunks/node_modules_next_dist_1e8vcs8._.js:776
[ 1092295ms] [LOG] [Fast Refresh] done in 51ms @ http://localhost:3000/_next/static/chunks/node_modules_next_dist_1e8vcs8._.js:776
[ 1092352ms] [LOG] [Fast Refresh] done in 51ms @ http://localhost:3000/_next/static/chunks/node_modules_next_dist_1e8vcs8._.js:776
[ 1092412ms] [LOG] [Fast Refresh] done in 51ms @ http://localhost:3000/_next/static/chunks/node_modules_next_dist_1e8vcs8._.js:776
[ 1092467ms] [LOG] [Fast Refresh] done in 51ms @ http://localhost:3000/_next/static/chunks/node_modules_next_dist_1e8vcs8._.js:776
[ 1092522ms] [LOG] [Fast Refresh] done in 51ms @ http://localhost:3000/_next/static/chunks/node_modules_next_dist_1e8vcs8._.js:776
[ 1092572ms] [LOG] [Fast Refresh] done in 51ms @ http://localhost:3000/_next/static/chunks/node_modules_next_dist_1e8vcs8._.js:776
[ 1092627ms] [LOG] [Fast Refresh] done in 51ms @ http://localhost:3000/_next/static/chunks/node_modules_next_dist_1e8vcs8._.js:776
[ 1092686ms] [LOG] [Fast Refresh] done in 51ms @ http://localhost:3000/_next/static/chunks/node_modules_next_dist_1e8vcs8._.js:776
[ 1092736ms] [LOG] [Fast Refresh] done in 51ms @ http://localhost:3000/_next/static/chunks/node_modules_next_dist_1e8vcs8._.js:776
[ 1092794ms] [LOG] [Fast Refresh] done in 51ms @ http://localhost:3000/_next/static/chunks/node_modules_next_dist_1e8vcs8._.js:776
[ 1092848ms] [LOG] [Fast Refresh] done in 51ms @ http://localhost:3000/_next/static/chunks/node_modules_next_dist_1e8vcs8._.js:776
[ 1092906ms] [LOG] [Fast Refresh] done in 51ms @ http://localhost:3000/_next/static/chunks/node_modules_next_dist_1e8vcs8._.js:776
[ 1092965ms] [LOG] [Fast Refresh] done in 51ms @ http://localhost:3000/_next/static/chunks/node_modules_next_dist_1e8vcs8._.js:776
[ 1093023ms] [LOG] [Fast Refresh] done in 51ms @ http://localhost:3000/_next/static/chunks/node_modules_next_dist_1e8vcs8._.js:776
[ 1093078ms] [LOG] [Fast Refresh] done in 51ms @ http://localhost:3000/_next/static/chunks/node_modules_next_dist_1e8vcs8._.js:776
[ 1093136ms] [LOG] [Fast Refresh] done in 51ms @ http://localhost:3000/_next/static/chunks/node_modules_next_dist_1e8vcs8._.js:776
[ 1093186ms] [LOG] [Fast Refresh] done in 51ms @ http://localhost:3000/_next/static/chunks/node_modules_next_dist_1e8vcs8._.js:776
[ 1093240ms] [LOG] [Fast Refresh] done in 51ms @ http://localhost:3000/_next/static/chunks/node_modules_next_dist_1e8vcs8._.js:776
[ 1093287ms] [LOG] [Fast Refresh] done in 51ms @ http://localhost:3000/_next/static/chunks/node_modules_next_dist_1e8vcs8._.js:776
[ 1093334ms] [LOG] [Fast Refresh] done in 51ms @ http://localhost:3000/_next/static/chunks/node_modules_next_dist_1e8vcs8._.js:776
[ 1093386ms] [LOG] [Fast Refresh] done in 51ms @ http://localhost:3000/_next/static/chunks/node_modules_next_dist_1e8vcs8._.js:776
[ 1093436ms] [LOG] [Fast Refresh] done in 51ms @ http://localhost:3000/_next/static/chunks/node_modules_next_dist_1e8vcs8._.js:776
[ 1093495ms] [LOG] [Fast Refresh] done in 51ms @ http://localhost:3000/_next/static/chunks/node_modules_next_dist_1e8vcs8._.js:776
[ 1093550ms] [LOG] [Fast Refresh] done in 51ms @ http://localhost:3000/_next/static/chunks/node_modules_next_dist_1e8vcs8._.js:776
[ 1093608ms] [LOG] [Fast Refresh] done in 51ms @ http://localhost:3000/_next/static/chunks/node_modules_next_dist_1e8vcs8._.js:776
[ 1093664ms] [LOG] [Fast Refresh] done in 51ms @ http://localhost:3000/_next/static/chunks/node_modules_next_dist_1e8vcs8._.js:776
[ 1093717ms] [LOG] [Fast Refresh] done in 51ms @ http://localhost:3000/_next/static/chunks/node_modules_next_dist_1e8vcs8._.js:776
[ 1093764ms] [LOG] [Fast Refresh] done in 51ms @ http://localhost:3000/_next/static/chunks/node_modules_next_dist_1e8vcs8._.js:776
[ 1093811ms] [LOG] [Fast Refresh] done in 51ms @ http://localhost:3000/_next/static/chunks/node_modules_next_dist_1e8vcs8._.js:776
[ 1093869ms] [LOG] [Fast Refresh] done in 51ms @ http://localhost:3000/_next/static/chunks/node_modules_next_dist_1e8vcs8._.js:776
[ 1093929ms] [LOG] [Fast Refresh] done in 51ms @ http://localhost:3000/_next/static/chunks/node_modules_next_dist_1e8vcs8._.js:776
[ 1093987ms] [LOG] [Fast Refresh] done in 51ms @ http://localhost:3000/_next/static/chunks/node_modules_next_dist_1e8vcs8._.js:776
[ 1094041ms] [LOG] [Fast Refresh] done in 51ms @ http://localhost:3000/_next/static/chunks/node_modules_next_dist_1e8vcs8._.js:776
[ 1094098ms] [LOG] [Fast Refresh] done in 51ms @ http://localhost:3000/_next/static/chunks/node_modules_next_dist_1e8vcs8._.js:776
[ 1094153ms] [LOG] [Fast Refresh] done in 51ms @ http://localhost:3000/_next/static/chunks/node_modules_next_dist_1e8vcs8._.js:776
[ 1094202ms] [LOG] [Fast Refresh] done in 51ms @ http://localhost:3000/_next/static/chunks/node_modules_next_dist_1e8vcs8._.js:776
[ 1094250ms] [LOG] [Fast Refresh] done in 51ms @ http://localhost:3000/_next/static/chunks/node_modules_next_dist_1e8vcs8._.js:776
[ 1094309ms] [LOG] [Fast Refresh] done in 51ms @ http://localhost:3000/_next/static/chunks/node_modules_next_dist_1e8vcs8._.js:776
[ 1094363ms] [LOG] [Fast Refresh] done in 51ms @ http://localhost:3000/_next/static/chunks/node_modules_next_dist_1e8vcs8._.js:776
[ 1094417ms] [LOG] [Fast Refresh] done in 51ms @ http://localhost:3000/_next/static/chunks/node_modules_next_dist_1e8vcs8._.js:776
[ 1094533ms] [LOG] [Fast Refresh] done in 51ms @ http://localhost:3000/_next/static/chunks/node_modules_next_dist_1e8vcs8._.js:776
[ 1094582ms] [LOG] [Fast Refresh] done in 51ms @ http://localhost:3000/_next/static/chunks/node_modules_next_dist_1e8vcs8._.js:776
[ 1094635ms] [LOG] [Fast Refresh] done in 51ms @ http://localhost:3000/_next/static/chunks/node_modules_next_dist_1e8vcs8._.js:776
[ 1094690ms] [LOG] [Fast Refresh] done in 51ms @ http://localhost:3000/_next/static/chunks/node_modules_next_dist_1e8vcs8._.js:776
[ 1094745ms] [LOG] [Fast Refresh] done in 51ms @ http://localhost:3000/_next/static/chunks/node_modules_next_dist_1e8vcs8._.js:776
[ 1094801ms] [LOG] [Fast Refresh] done in 51ms @ http://localhost:3000/_next/static/chunks/node_modules_next_dist_1e8vcs8._.js:776
[ 1094855ms] [LOG] [Fast Refresh] done in 51ms @ http://localhost:3000/_next/static/chunks/node_modules_next_dist_1e8vcs8._.js:776
[ 1094915ms] [LOG] [Fast Refresh] done in 51ms @ http://localhost:3000/_next/static/chunks/node_modules_next_dist_1e8vcs8._.js:776
[ 1094969ms] [LOG] [Fast Refresh] done in 51ms @ http://localhost:3000/_next/static/chunks/node_modules_next_dist_1e8vcs8._.js:776
[ 1095027ms] [LOG] [Fast Refresh] done in 51ms @ http://localhost:3000/_next/static/chunks/node_modules_next_dist_1e8vcs8._.js:776
[ 1095072ms] [LOG] [Fast Refresh] done in 51ms @ http://localhost:3000/_next/static/chunks/node_modules_next_dist_1e8vcs8._.js:776
[ 1095134ms] [LOG] [Fast Refresh] done in 51ms @ http://localhost:3000/_next/static/chunks/node_modules_next_dist_1e8vcs8._.js:776
[ 1095191ms] [LOG] [Fast Refresh] done in 51ms @ http://localhost:3000/_next/static/chunks/node_modules_next_dist_1e8vcs8._.js:776
[ 1095247ms] [LOG] [Fast Refresh] done in 51ms @ http://localhost:3000/_next/static/chunks/node_modules_next_dist_1e8vcs8._.js:776
[ 1095301ms] [LOG] [Fast Refresh] done in 51ms @ http://localhost:3000/_next/static/chunks/node_modules_next_dist_1e8vcs8._.js:776
[ 1095354ms] [LOG] [Fast Refresh] done in 51ms @ http://localhost:3000/_next/static/chunks/node_modules_next_dist_1e8vcs8._.js:776
[ 1095405ms] [LOG] [Fast Refresh] done in 51ms @ http://localhost:3000/_next/static/chunks/node_modules_next_dist_1e8vcs8._.js:776
[ 1095458ms] [LOG] [Fast Refresh] done in 51ms @ http://localhost:3000/_next/static/chunks/node_modules_next_dist_1e8vcs8._.js:776
[ 1095515ms] [LOG] [Fast Refresh] done in 51ms @ http://localhost:3000/_next/static/chunks/node_modules_next_dist_1e8vcs8._.js:776
[ 1095573ms] [LOG] [Fast Refresh] done in 51ms @ http://localhost:3000/_next/static/chunks/node_modules_next_dist_1e8vcs8._.js:776
[ 1095619ms] [LOG] [Fast Refresh] done in 51ms @ http://localhost:3000/_next/static/chunks/node_modules_next_dist_1e8vcs8._.js:776
[ 1095674ms] [LOG] [Fast Refresh] done in 51ms @ http://localhost:3000/_next/static/chunks/node_modules_next_dist_1e8vcs8._.js:776
[ 1095734ms] [LOG] [Fast Refresh] done in 51ms @ http://localhost:3000/_next/static/chunks/node_modules_next_dist_1e8vcs8._.js:776
[ 1095798ms] [LOG] [Fast Refresh] done in 51ms @ http://localhost:3000/_next/static/chunks/node_modules_next_dist_1e8vcs8._.js:776
[ 1095854ms] [LOG] [Fast Refresh] done in 51ms @ http://localhost:3000/_next/static/chunks/node_modules_next_dist_1e8vcs8._.js:776
[ 1095909ms] [LOG] [Fast Refresh] done in 51ms @ http://localhost:3000/_next/static/chunks/node_modules_next_dist_1e8vcs8._.js:776
[ 1095963ms] [LOG] [Fast Refresh] done in 51ms @ http://localhost:3000/_next/static/chunks/node_modules_next_dist_1e8vcs8._.js:776
[ 1096024ms] [LOG] [Fast Refresh] done in 51ms @ http://localhost:3000/_next/static/chunks/node_modules_next_dist_1e8vcs8._.js:776
[ 1096078ms] [LOG] [Fast Refresh] done in 51ms @ http://localhost:3000/_next/static/chunks/node_modules_next_dist_1e8vcs8._.js:776
[ 1096126ms] [LOG] [Fast Refresh] done in 51ms @ http://localhost:3000/_next/static/chunks/node_modules_next_dist_1e8vcs8._.js:776
[ 1096183ms] [LOG] [Fast Refresh] done in 51ms @ http://localhost:3000/_next/static/chunks/node_modules_next_dist_1e8vcs8._.js:776
[ 1096236ms] [LOG] [Fast Refresh] done in 51ms @ http://localhost:3000/_next/static/chunks/node_modules_next_dist_1e8vcs8._.js:776
[ 1096282ms] [LOG] [Fast Refresh] done in 51ms @ http://localhost:3000/_next/static/chunks/node_modules_next_dist_1e8vcs8._.js:776
[ 1096345ms] [LOG] [Fast Refresh] done in 51ms @ http://localhost:3000/_next/static/chunks/node_modules_next_dist_1e8vcs8._.js:776
[ 1096395ms] [LOG] [Fast Refresh] done in 51ms @ http://localhost:3000/_next/static/chunks/node_modules_next_dist_1e8vcs8._.js:776
[ 1096449ms] [LOG] [Fast Refresh] done in 51ms @ http://localhost:3000/_next/static/chunks/node_modules_next_dist_1e8vcs8._.js:776
[ 1096507ms] [LOG] [Fast Refresh] done in 51ms @ http://localhost:3000/_next/static/chunks/node_modules_next_dist_1e8vcs8._.js:776
[ 1096562ms] [LOG] [Fast Refresh] done in 51ms @ http://localhost:3000/_next/static/chunks/node_modules_next_dist_1e8vcs8._.js:776
[ 1096614ms] [LOG] [Fast Refresh] done in 51ms @ http://localhost:3000/_next/static/chunks/node_modules_next_dist_1e8vcs8._.js:776
[ 1096665ms] [LOG] [Fast Refresh] done in 51ms @ http://localhost:3000/_next/static/chunks/node_modules_next_dist_1e8vcs8._.js:776
[ 1096721ms] [LOG] [Fast Refresh] done in 51ms @ http://localhost:3000/_next/static/chunks/node_modules_next_dist_1e8vcs8._.js:776
[ 1096775ms] [LOG] [Fast Refresh] done in 51ms @ http://localhost:3000/_next/static/chunks/node_modules_next_dist_1e8vcs8._.js:776
[ 1096836ms] [LOG] [Fast Refresh] done in 51ms @ http://localhost:3000/_next/static/chunks/node_modules_next_dist_1e8vcs8._.js:776
[ 1096893ms] [LOG] [Fast Refresh] done in 51ms @ http://localhost:3000/_next/static/chunks/node_modules_next_dist_1e8vcs8._.js:776
[ 1096953ms] [LOG] [Fast Refresh] done in 51ms @ http://localhost:3000/_next/static/chunks/node_modules_next_dist_1e8vcs8._.js:776
[ 1097009ms] [LOG] [Fast Refresh] done in 51ms @ http://localhost:3000/_next/static/chunks/node_modules_next_dist_1e8vcs8._.js:776
[ 1097059ms] [LOG] [Fast Refresh] done in 51ms @ http://localhost:3000/_next/static/chunks/node_modules_next_dist_1e8vcs8._.js:776
[ 1097105ms] [LOG] [Fast Refresh] done in 51ms @ http://localhost:3000/_next/static/chunks/node_modules_next_dist_1e8vcs8._.js:776
[ 1097159ms] [LOG] [Fast Refresh] done in 51ms @ http://localhost:3000/_next/static/chunks/node_modules_next_dist_1e8vcs8._.js:776
[ 1097217ms] [LOG] [Fast Refresh] done in 51ms @ http://localhost:3000/_next/static/chunks/node_modules_next_dist_1e8vcs8._.js:776
[ 1097276ms] [LOG] [Fast Refresh] done in 51ms @ http://localhost:3000/_next/static/chunks/node_modules_next_dist_1e8vcs8._.js:776
[ 1097325ms] [LOG] [Fast Refresh] done in 51ms @ http://localhost:3000/_next/static/chunks/node_modules_next_dist_1e8vcs8._.js:776
[ 1097385ms] [LOG] [Fast Refresh] done in 51ms @ http://localhost:3000/_next/static/chunks/node_modules_next_dist_1e8vcs8._.js:776
[ 1097442ms] [LOG] [Fast Refresh] done in 51ms @ http://localhost:3000/_next/static/chunks/node_modules_next_dist_1e8vcs8._.js:776
[ 1097491ms] [LOG] [Fast Refresh] done in 51ms @ http://localhost:3000/_next/static/chunks/node_modules_next_dist_1e8vcs8._.js:776
[ 1097546ms] [LOG] [Fast Refresh] done in 51ms @ http://localhost:3000/_next/static/chunks/node_modules_next_dist_1e8vcs8._.js:776
[ 1097595ms] [LOG] [Fast Refresh] done in 51ms @ http://localhost:3000/_next/static/chunks/node_modules_next_dist_1e8vcs8._.js:776
[ 1097646ms] [LOG] [Fast Refresh] done in 51ms @ http://localhost:3000/_next/static/chunks/node_modules_next_dist_1e8vcs8._.js:776
[ 1097704ms] [LOG] [Fast Refresh] done in 51ms @ http://localhost:3000/_next/static/chunks/node_modules_next_dist_1e8vcs8._.js:776
[ 1097758ms] [LOG] [Fast Refresh] done in 51ms @ http://localhost:3000/_next/static/chunks/node_modules_next_dist_1e8vcs8._.js:776
[ 1097812ms] [LOG] [Fast Refresh] done in 51ms @ http://localhost:3000/_next/static/chunks/node_modules_next_dist_1e8vcs8._.js:776
[ 1097864ms] [LOG] [Fast Refresh] done in 51ms @ http://localhost:3000/_next/static/chunks/node_modules_next_dist_1e8vcs8._.js:776
[ 1097924ms] [LOG] [Fast Refresh] done in 51ms @ http://localhost:3000/_next/static/chunks/node_modules_next_dist_1e8vcs8._.js:776
[ 1097977ms] [LOG] [Fast Refresh] done in 51ms @ http://localhost:3000/_next/static/chunks/node_modules_next_dist_1e8vcs8._.js:776
[ 1098033ms] [LOG] [Fast Refresh] done in 51ms @ http://localhost:3000/_next/static/chunks/node_modules_next_dist_1e8vcs8._.js:776
[ 1098091ms] [LOG] [Fast Refresh] done in 51ms @ http://localhost:3000/_next/static/chunks/node_modules_next_dist_1e8vcs8._.js:776
[ 1098143ms] [LOG] [Fast Refresh] done in 51ms @ http://localhost:3000/_next/static/chunks/node_modules_next_dist_1e8vcs8._.js:776
[ 1098193ms] [LOG] [Fast Refresh] done in 51ms @ http://localhost:3000/_next/static/chunks/node_modules_next_dist_1e8vcs8._.js:776
[ 1098248ms] [LOG] [Fast Refresh] done in 51ms @ http://localhost:3000/_next/static/chunks/node_modules_next_dist_1e8vcs8._.js:776
[ 1098294ms] [LOG] [Fast Refresh] done in 51ms @ http://localhost:3000/_next/static/chunks/node_modules_next_dist_1e8vcs8._.js:776
[ 1098339ms] [LOG] [Fast Refresh] done in 51ms @ http://localhost:3000/_next/static/chunks/node_modules_next_dist_1e8vcs8._.js:776
[ 1098398ms] [LOG] [Fast Refresh] done in 51ms @ http://localhost:3000/_next/static/chunks/node_modules_next_dist_1e8vcs8._.js:776
[ 1098448ms] [LOG] [Fast Refresh] done in 51ms @ http://localhost:3000/_next/static/chunks/node_modules_next_dist_1e8vcs8._.js:776
[ 1098506ms] [LOG] [Fast Refresh] done in 51ms @ http://localhost:3000/_next/static/chunks/node_modules_next_dist_1e8vcs8._.js:776
[ 1098569ms] [LOG] [Fast Refresh] done in 51ms @ http://localhost:3000/_next/static/chunks/node_modules_next_dist_1e8vcs8._.js:776
[ 1098619ms] [LOG] [Fast Refresh] done in 51ms @ http://localhost:3000/_next/static/chunks/node_modules_next_dist_1e8vcs8._.js:776
[ 1098674ms] [LOG] [Fast Refresh] done in 51ms @ http://localhost:3000/_next/static/chunks/node_modules_next_dist_1e8vcs8._.js:776
[ 1098726ms] [LOG] [Fast Refresh] done in 51ms @ http://localhost:3000/_next/static/chunks/node_modules_next_dist_1e8vcs8._.js:776
[ 1098774ms] [LOG] [Fast Refresh] done in 51ms @ http://localhost:3000/_next/static/chunks/node_modules_next_dist_1e8vcs8._.js:776
[ 1098829ms] [LOG] [Fast Refresh] done in 51ms @ http://localhost:3000/_next/static/chunks/node_modules_next_dist_1e8vcs8._.js:776
[ 1098880ms] [LOG] [Fast Refresh] done in 51ms @ http://localhost:3000/_next/static/chunks/node_modules_next_dist_1e8vcs8._.js:776
[ 1098935ms] [LOG] [Fast Refresh] done in 51ms @ http://localhost:3000/_next/static/chunks/node_modules_next_dist_1e8vcs8._.js:776
[ 1098989ms] [LOG] [Fast Refresh] done in 51ms @ http://localhost:3000/_next/static/chunks/node_modules_next_dist_1e8vcs8._.js:776
[ 1099050ms] [LOG] [Fast Refresh] done in 51ms @ http://localhost:3000/_next/static/chunks/node_modules_next_dist_1e8vcs8._.js:776
[ 1099106ms] [LOG] [Fast Refresh] done in 51ms @ http://localhost:3000/_next/static/chunks/node_modules_next_dist_1e8vcs8._.js:776
[ 1099151ms] [LOG] [Fast Refresh] done in 51ms @ http://localhost:3000/_next/static/chunks/node_modules_next_dist_1e8vcs8._.js:776
[ 1099210ms] [LOG] [Fast Refresh] done in 51ms @ http://localhost:3000/_next/static/chunks/node_modules_next_dist_1e8vcs8._.js:776
[ 1099256ms] [LOG] [Fast Refresh] done in 51ms @ http://localhost:3000/_next/static/chunks/node_modules_next_dist_1e8vcs8._.js:776
[ 1099306ms] [LOG] [Fast Refresh] done in 51ms @ http://localhost:3000/_next/static/chunks/node_modules_next_dist_1e8vcs8._.js:776
[ 1099367ms] [LOG] [Fast Refresh] done in 51ms @ http://localhost:3000/_next/static/chunks/node_modules_next_dist_1e8vcs8._.js:776
[ 1099420ms] [LOG] [Fast Refresh] done in 51ms @ http://localhost:3000/_next/static/chunks/node_modules_next_dist_1e8vcs8._.js:776
[ 1099475ms] [LOG] [Fast Refresh] done in 51ms @ http://localhost:3000/_next/static/chunks/node_modules_next_dist_1e8vcs8._.js:776
[ 1099531ms] [LOG] [Fast Refresh] done in 51ms @ http://localhost:3000/_next/static/chunks/node_modules_next_dist_1e8vcs8._.js:776
[ 1099582ms] [LOG] [Fast Refresh] done in 51ms @ http://localhost:3000/_next/static/chunks/node_modules_next_dist_1e8vcs8._.js:776
[ 1099636ms] [LOG] [Fast Refresh] done in 51ms @ http://localhost:3000/_next/static/chunks/node_modules_next_dist_1e8vcs8._.js:776
[ 1099691ms] [LOG] [Fast Refresh] done in 51ms @ http://localhost:3000/_next/static/chunks/node_modules_next_dist_1e8vcs8._.js:776
[ 1099746ms] [LOG] [Fast Refresh] done in 51ms @ http://localhost:3000/_next/static/chunks/node_modules_next_dist_1e8vcs8._.js:776
[ 1099805ms] [LOG] [Fast Refresh] done in 51ms @ http://localhost:3000/_next/static/chunks/node_modules_next_dist_1e8vcs8._.js:776
[ 1099859ms] [LOG] [Fast Refresh] done in 51ms @ http://localhost:3000/_next/static/chunks/node_modules_next_dist_1e8vcs8._.js:776
[ 1099932ms] [LOG] [Fast Refresh] done in 51ms @ http://localhost:3000/_next/static/chunks/node_modules_next_dist_1e8vcs8._.js:776
[ 1099991ms] [LOG] [Fast Refresh] done in 51ms @ http://localhost:3000/_next/static/chunks/node_modules_next_dist_1e8vcs8._.js:776
[ 1100040ms] [LOG] [Fast Refresh] done in 51ms @ http://localhost:3000/_next/static/chunks/node_modules_next_dist_1e8vcs8._.js:776
[ 1100099ms] [LOG] [Fast Refresh] done in 51ms @ http://localhost:3000/_next/static/chunks/node_modules_next_dist_1e8vcs8._.js:776
[ 1100152ms] [LOG] [Fast Refresh] done in 51ms @ http://localhost:3000/_next/static/chunks/node_modules_next_dist_1e8vcs8._.js:776
[ 1100203ms] [LOG] [Fast Refresh] done in 51ms @ http://localhost:3000/_next/static/chunks/node_modules_next_dist_1e8vcs8._.js:776
[ 1100266ms] [LOG] [Fast Refresh] done in 51ms @ http://localhost:3000/_next/static/chunks/node_modules_next_dist_1e8vcs8._.js:776
[ 1100324ms] [LOG] [Fast Refresh] done in 51ms @ http://localhost:3000/_next/static/chunks/node_modules_next_dist_1e8vcs8._.js:776
[ 1100382ms] [LOG] [Fast Refresh] done in 51ms @ http://localhost:3000/_next/static/chunks/node_modules_next_dist_1e8vcs8._.js:776
[ 1100431ms] [LOG] [Fast Refresh] done in 51ms @ http://localhost:3000/_next/static/chunks/node_modules_next_dist_1e8vcs8._.js:776
[ 1100488ms] [LOG] [Fast Refresh] done in 51ms @ http://localhost:3000/_next/static/chunks/node_modules_next_dist_1e8vcs8._.js:776
[ 1100580ms] [LOG] [Fast Refresh] done in 51ms @ http://localhost:3000/_next/static/chunks/node_modules_next_dist_1e8vcs8._.js:776
[ 1100639ms] [LOG] [Fast Refresh] done in 51ms @ http://localhost:3000/_next/static/chunks/node_modules_next_dist_1e8vcs8._.js:776
[ 1100696ms] [LOG] [Fast Refresh] done in 51ms @ http://localhost:3000/_next/static/chunks/node_modules_next_dist_1e8vcs8._.js:776
[ 1100752ms] [LOG] [Fast Refresh] done in 51ms @ http://localhost:3000/_next/static/chunks/node_modules_next_dist_1e8vcs8._.js:776
[ 1100808ms] [LOG] [Fast Refresh] done in 51ms @ http://localhost:3000/_next/static/chunks/node_modules_next_dist_1e8vcs8._.js:776
[ 1100866ms] [LOG] [Fast Refresh] done in 51ms @ http://localhost:3000/_next/static/chunks/node_modules_next_dist_1e8vcs8._.js:776
[ 1100925ms] [LOG] [Fast Refresh] done in 51ms @ http://localhost:3000/_next/static/chunks/node_modules_next_dist_1e8vcs8._.js:776
[ 1100981ms] [LOG] [Fast Refresh] done in 51ms @ http://localhost:3000/_next/static/chunks/node_modules_next_dist_1e8vcs8._.js:776
[ 1101043ms] [LOG] [Fast Refresh] done in 51ms @ http://localhost:3000/_next/static/chunks/node_modules_next_dist_1e8vcs8._.js:776
[ 1101094ms] [LOG] [Fast Refresh] done in 51ms @ http://localhost:3000/_next/static/chunks/node_modules_next_dist_1e8vcs8._.js:776
[ 1101146ms] [LOG] [Fast Refresh] done in 51ms @ http://localhost:3000/_next/static/chunks/node_modules_next_dist_1e8vcs8._.js:776
[ 1101201ms] [LOG] [Fast Refresh] done in 51ms @ http://localhost:3000/_next/static/chunks/node_modules_next_dist_1e8vcs8._.js:776
[ 1101260ms] [LOG] [Fast Refresh] done in 51ms @ http://localhost:3000/_next/static/chunks/node_modules_next_dist_1e8vcs8._.js:776
[ 1101318ms] [LOG] [Fast Refresh] done in 51ms @ http://localhost:3000/_next/static/chunks/node_modules_next_dist_1e8vcs8._.js:776
[ 1101376ms] [LOG] [Fast Refresh] done in 51ms @ http://localhost:3000/_next/static/chunks/node_modules_next_dist_1e8vcs8._.js:776
[ 1101430ms] [LOG] [Fast Refresh] done in 51ms @ http://localhost:3000/_next/static/chunks/node_modules_next_dist_1e8vcs8._.js:776
[ 1101489ms] [LOG] [Fast Refresh] done in 51ms @ http://localhost:3000/_next/static/chunks/node_modules_next_dist_1e8vcs8._.js:776
[ 1101543ms] [LOG] [Fast Refresh] done in 51ms @ http://localhost:3000/_next/static/chunks/node_modules_next_dist_1e8vcs8._.js:776
[ 1101592ms] [LOG] [Fast Refresh] done in 51ms @ http://localhost:3000/_next/static/chunks/node_modules_next_dist_1e8vcs8._.js:776
[ 1101651ms] [LOG] [Fast Refresh] done in 51ms @ http://localhost:3000/_next/static/chunks/node_modules_next_dist_1e8vcs8._.js:776
[ 1101710ms] [LOG] [Fast Refresh] done in 51ms @ http://localhost:3000/_next/static/chunks/node_modules_next_dist_1e8vcs8._.js:776
[ 1101770ms] [LOG] [Fast Refresh] done in 51ms @ http://localhost:3000/_next/static/chunks/node_modules_next_dist_1e8vcs8._.js:776
[ 1101828ms] [LOG] [Fast Refresh] done in 51ms @ http://localhost:3000/_next/static/chunks/node_modules_next_dist_1e8vcs8._.js:776
[ 1101887ms] [LOG] [Fast Refresh] done in 51ms @ http://localhost:3000/_next/static/chunks/node_modules_next_dist_1e8vcs8._.js:776
[ 1101941ms] [LOG] [Fast Refresh] done in 51ms @ http://localhost:3000/_next/static/chunks/node_modules_next_dist_1e8vcs8._.js:776
[ 1101986ms] [LOG] [Fast Refresh] done in 51ms @ http://localhost:3000/_next/static/chunks/node_modules_next_dist_1e8vcs8._.js:776
[ 1102046ms] [LOG] [Fast Refresh] done in 51ms @ http://localhost:3000/_next/static/chunks/node_modules_next_dist_1e8vcs8._.js:776
[ 1102104ms] [LOG] [Fast Refresh] done in 51ms @ http://localhost:3000/_next/static/chunks/node_modules_next_dist_1e8vcs8._.js:776
[ 1102155ms] [LOG] [Fast Refresh] done in 51ms @ http://localhost:3000/_next/static/chunks/node_modules_next_dist_1e8vcs8._.js:776
[ 1102212ms] [LOG] [Fast Refresh] done in 51ms @ http://localhost:3000/_next/static/chunks/node_modules_next_dist_1e8vcs8._.js:776
[ 1102259ms] [LOG] [Fast Refresh] done in 51ms @ http://localhost:3000/_next/static/chunks/node_modules_next_dist_1e8vcs8._.js:776
[ 1102320ms] [LOG] [Fast Refresh] done in 51ms @ http://localhost:3000/_next/static/chunks/node_modules_next_dist_1e8vcs8._.js:776
[ 1102375ms] [LOG] [Fast Refresh] done in 51ms @ http://localhost:3000/_next/static/chunks/node_modules_next_dist_1e8vcs8._.js:776
[ 1102427ms] [LOG] [Fast Refresh] done in 51ms @ http://localhost:3000/_next/static/chunks/node_modules_next_dist_1e8vcs8._.js:776
[ 1102487ms] [LOG] [Fast Refresh] done in 51ms @ http://localhost:3000/_next/static/chunks/node_modules_next_dist_1e8vcs8._.js:776
[ 1102544ms] [LOG] [Fast Refresh] done in 51ms @ http://localhost:3000/_next/static/chunks/node_modules_next_dist_1e8vcs8._.js:776
[ 1102603ms] [LOG] [Fast Refresh] done in 51ms @ http://localhost:3000/_next/static/chunks/node_modules_next_dist_1e8vcs8._.js:776
[ 1102657ms] [LOG] [Fast Refresh] done in 51ms @ http://localhost:3000/_next/static/chunks/node_modules_next_dist_1e8vcs8._.js:776
[ 1102716ms] [LOG] [Fast Refresh] done in 51ms @ http://localhost:3000/_next/static/chunks/node_modules_next_dist_1e8vcs8._.js:776
[ 1102769ms] [LOG] [Fast Refresh] done in 51ms @ http://localhost:3000/_next/static/chunks/node_modules_next_dist_1e8vcs8._.js:776
[ 1102822ms] [LOG] [Fast Refresh] done in 51ms @ http://localhost:3000/_next/static/chunks/node_modules_next_dist_1e8vcs8._.js:776
[ 1102881ms] [LOG] [Fast Refresh] done in 51ms @ http://localhost:3000/_next/static/chunks/node_modules_next_dist_1e8vcs8._.js:776
[ 1102934ms] [LOG] [Fast Refresh] done in 51ms @ http://localhost:3000/_next/static/chunks/node_modules_next_dist_1e8vcs8._.js:776
[ 1102992ms] [LOG] [Fast Refresh] done in 51ms @ http://localhost:3000/_next/static/chunks/node_modules_next_dist_1e8vcs8._.js:776
[ 1103038ms] [LOG] [Fast Refresh] done in 51ms @ http://localhost:3000/_next/static/chunks/node_modules_next_dist_1e8vcs8._.js:776
[ 1103088ms] [LOG] [Fast Refresh] done in 51ms @ http://localhost:3000/_next/static/chunks/node_modules_next_dist_1e8vcs8._.js:776
[ 1103142ms] [LOG] [Fast Refresh] done in 51ms @ http://localhost:3000/_next/static/chunks/node_modules_next_dist_1e8vcs8._.js:776
[ 1103195ms] [LOG] [Fast Refresh] done in 51ms @ http://localhost:3000/_next/static/chunks/node_modules_next_dist_1e8vcs8._.js:776
[ 1103250ms] [LOG] [Fast Refresh] done in 51ms @ http://localhost:3000/_next/static/chunks/node_modules_next_dist_1e8vcs8._.js:776
[ 1103305ms] [LOG] [Fast Refresh] done in 51ms @ http://localhost:3000/_next/static/chunks/node_modules_next_dist_1e8vcs8._.js:776
[ 1103363ms] [LOG] [Fast Refresh] done in 51ms @ http://localhost:3000/_next/static/chunks/node_modules_next_dist_1e8vcs8._.js:776
[ 1103412ms] [LOG] [Fast Refresh] done in 51ms @ http://localhost:3000/_next/static/chunks/node_modules_next_dist_1e8vcs8._.js:776
[ 1103470ms] [LOG] [Fast Refresh] done in 51ms @ http://localhost:3000/_next/static/chunks/node_modules_next_dist_1e8vcs8._.js:776
[ 1103531ms] [LOG] [Fast Refresh] done in 51ms @ http://localhost:3000/_next/static/chunks/node_modules_next_dist_1e8vcs8._.js:776
[ 1103589ms] [LOG] [Fast Refresh] done in 51ms @ http://localhost:3000/_next/static/chunks/node_modules_next_dist_1e8vcs8._.js:776
[ 1103647ms] [LOG] [Fast Refresh] done in 51ms @ http://localhost:3000/_next/static/chunks/node_modules_next_dist_1e8vcs8._.js:776
[ 1103708ms] [LOG] [Fast Refresh] done in 51ms @ http://localhost:3000/_next/static/chunks/node_modules_next_dist_1e8vcs8._.js:776
[ 1103755ms] [LOG] [Fast Refresh] done in 51ms @ http://localhost:3000/_next/static/chunks/node_modules_next_dist_1e8vcs8._.js:776
[ 1103816ms] [LOG] [Fast Refresh] done in 51ms @ http://localhost:3000/_next/static/chunks/node_modules_next_dist_1e8vcs8._.js:776
[ 1103867ms] [LOG] [Fast Refresh] done in 51ms @ http://localhost:3000/_next/static/chunks/node_modules_next_dist_1e8vcs8._.js:776
[ 1103929ms] [LOG] [Fast Refresh] done in 51ms @ http://localhost:3000/_next/static/chunks/node_modules_next_dist_1e8vcs8._.js:776
[ 1103983ms] [LOG] [Fast Refresh] done in 51ms @ http://localhost:3000/_next/static/chunks/node_modules_next_dist_1e8vcs8._.js:776
[ 1104037ms] [LOG] [Fast Refresh] done in 51ms @ http://localhost:3000/_next/static/chunks/node_modules_next_dist_1e8vcs8._.js:776
[ 1104088ms] [LOG] [Fast Refresh] done in 51ms @ http://localhost:3000/_next/static/chunks/node_modules_next_dist_1e8vcs8._.js:776
[ 1104143ms] [LOG] [Fast Refresh] done in 51ms @ http://localhost:3000/_next/static/chunks/node_modules_next_dist_1e8vcs8._.js:776
[ 1104213ms] [LOG] [Fast Refresh] done in 51ms @ http://localhost:3000/_next/static/chunks/node_modules_next_dist_1e8vcs8._.js:776
[ 1104267ms] [LOG] [Fast Refresh] done in 51ms @ http://localhost:3000/_next/static/chunks/node_modules_next_dist_1e8vcs8._.js:776
[ 1104325ms] [LOG] [Fast Refresh] done in 51ms @ http://localhost:3000/_next/static/chunks/node_modules_next_dist_1e8vcs8._.js:776
[ 1104383ms] [LOG] [Fast Refresh] done in 51ms @ http://localhost:3000/_next/static/chunks/node_modules_next_dist_1e8vcs8._.js:776
[ 1104437ms] [LOG] [Fast Refresh] done in 51ms @ http://localhost:3000/_next/static/chunks/node_modules_next_dist_1e8vcs8._.js:776
[ 1104495ms] [LOG] [Fast Refresh] done in 51ms @ http://localhost:3000/_next/static/chunks/node_modules_next_dist_1e8vcs8._.js:776
[ 1104550ms] [LOG] [Fast Refresh] done in 51ms @ http://localhost:3000/_next/static/chunks/node_modules_next_dist_1e8vcs8._.js:776
[ 1104604ms] [LOG] [Fast Refresh] done in 51ms @ http://localhost:3000/_next/static/chunks/node_modules_next_dist_1e8vcs8._.js:776
[ 1104656ms] [LOG] [Fast Refresh] done in 51ms @ http://localhost:3000/_next/static/chunks/node_modules_next_dist_1e8vcs8._.js:776
[ 1104710ms] [LOG] [Fast Refresh] done in 51ms @ http://localhost:3000/_next/static/chunks/node_modules_next_dist_1e8vcs8._.js:776
[ 1104763ms] [LOG] [Fast Refresh] done in 51ms @ http://localhost:3000/_next/static/chunks/node_modules_next_dist_1e8vcs8._.js:776
[ 1104817ms] [LOG] [Fast Refresh] done in 51ms @ http://localhost:3000/_next/static/chunks/node_modules_next_dist_1e8vcs8._.js:776
[ 1104874ms] [LOG] [Fast Refresh] done in 51ms @ http://localhost:3000/_next/static/chunks/node_modules_next_dist_1e8vcs8._.js:776
[ 1104929ms] [LOG] [Fast Refresh] done in 51ms @ http://localhost:3000/_next/static/chunks/node_modules_next_dist_1e8vcs8._.js:776
[ 1104983ms] [LOG] [Fast Refresh] done in 51ms @ http://localhost:3000/_next/static/chunks/node_modules_next_dist_1e8vcs8._.js:776
[ 1105033ms] [LOG] [Fast Refresh] done in 51ms @ http://localhost:3000/_next/static/chunks/node_modules_next_dist_1e8vcs8._.js:776
[ 1105082ms] [LOG] [Fast Refresh] done in 51ms @ http://localhost:3000/_next/static/chunks/node_modules_next_dist_1e8vcs8._.js:776
[ 1105134ms] [LOG] [Fast Refresh] done in 51ms @ http://localhost:3000/_next/static/chunks/node_modules_next_dist_1e8vcs8._.js:776
[ 1105192ms] [LOG] [Fast Refresh] done in 51ms @ http://localhost:3000/_next/static/chunks/node_modules_next_dist_1e8vcs8._.js:776
[ 1105242ms] [LOG] [Fast Refresh] done in 51ms @ http://localhost:3000/_next/static/chunks/node_modules_next_dist_1e8vcs8._.js:776
[ 1105301ms] [LOG] [Fast Refresh] done in 51ms @ http://localhost:3000/_next/static/chunks/node_modules_next_dist_1e8vcs8._.js:776
[ 1105350ms] [LOG] [Fast Refresh] done in 51ms @ http://localhost:3000/_next/static/chunks/node_modules_next_dist_1e8vcs8._.js:776
[ 1105408ms] [LOG] [Fast Refresh] done in 51ms @ http://localhost:3000/_next/static/chunks/node_modules_next_dist_1e8vcs8._.js:776
[ 1105462ms] [LOG] [Fast Refresh] done in 51ms @ http://localhost:3000/_next/static/chunks/node_modules_next_dist_1e8vcs8._.js:776
[ 1105519ms] [LOG] [Fast Refresh] done in 51ms @ http://localhost:3000/_next/static/chunks/node_modules_next_dist_1e8vcs8._.js:776
[ 1105563ms] [LOG] [Fast Refresh] done in 51ms @ http://localhost:3000/_next/static/chunks/node_modules_next_dist_1e8vcs8._.js:776
[ 1105614ms] [LOG] [Fast Refresh] done in 51ms @ http://localhost:3000/_next/static/chunks/node_modules_next_dist_1e8vcs8._.js:776
[ 1105669ms] [LOG] [Fast Refresh] done in 51ms @ http://localhost:3000/_next/static/chunks/node_modules_next_dist_1e8vcs8._.js:776
[ 1105723ms] [LOG] [Fast Refresh] done in 51ms @ http://localhost:3000/_next/static/chunks/node_modules_next_dist_1e8vcs8._.js:776
[ 1105769ms] [LOG] [Fast Refresh] done in 51ms @ http://localhost:3000/_next/static/chunks/node_modules_next_dist_1e8vcs8._.js:776
[ 1105819ms] [LOG] [Fast Refresh] done in 51ms @ http://localhost:3000/_next/static/chunks/node_modules_next_dist_1e8vcs8._.js:776
[ 1105877ms] [LOG] [Fast Refresh] done in 51ms @ http://localhost:3000/_next/static/chunks/node_modules_next_dist_1e8vcs8._.js:776
[ 1105931ms] [LOG] [Fast Refresh] done in 51ms @ http://localhost:3000/_next/static/chunks/node_modules_next_dist_1e8vcs8._.js:776
[ 1105986ms] [LOG] [Fast Refresh] done in 51ms @ http://localhost:3000/_next/static/chunks/node_modules_next_dist_1e8vcs8._.js:776
[ 1106042ms] [LOG] [Fast Refresh] done in 51ms @ http://localhost:3000/_next/static/chunks/node_modules_next_dist_1e8vcs8._.js:776
[ 1106087ms] [LOG] [Fast Refresh] done in 51ms @ http://localhost:3000/_next/static/chunks/node_modules_next_dist_1e8vcs8._.js:776
[ 1106143ms] [LOG] [Fast Refresh] done in 51ms @ http://localhost:3000/_next/static/chunks/node_modules_next_dist_1e8vcs8._.js:776
[ 1106203ms] [LOG] [Fast Refresh] done in 51ms @ http://localhost:3000/_next/static/chunks/node_modules_next_dist_1e8vcs8._.js:776
[ 1106258ms] [LOG] [Fast Refresh] done in 51ms @ http://localhost:3000/_next/static/chunks/node_modules_next_dist_1e8vcs8._.js:776
[ 1106313ms] [LOG] [Fast Refresh] done in 51ms @ http://localhost:3000/_next/static/chunks/node_modules_next_dist_1e8vcs8._.js:776
[ 1106368ms] [LOG] [Fast Refresh] done in 51ms @ http://localhost:3000/_next/static/chunks/node_modules_next_dist_1e8vcs8._.js:776
[ 1106419ms] [LOG] [Fast Refresh] done in 51ms @ http://localhost:3000/_next/static/chunks/node_modules_next_dist_1e8vcs8._.js:776
[ 1106468ms] [LOG] [Fast Refresh] done in 51ms @ http://localhost:3000/_next/static/chunks/node_modules_next_dist_1e8vcs8._.js:776
[ 1106527ms] [LOG] [Fast Refresh] done in 51ms @ http://localhost:3000/_next/static/chunks/node_modules_next_dist_1e8vcs8._.js:776
[ 1106579ms] [LOG] [Fast Refresh] done in 51ms @ http://localhost:3000/_next/static/chunks/node_modules_next_dist_1e8vcs8._.js:776
[ 1106638ms] [LOG] [Fast Refresh] done in 51ms @ http://localhost:3000/_next/static/chunks/node_modules_next_dist_1e8vcs8._.js:776
[ 1106697ms] [LOG] [Fast Refresh] done in 51ms @ http://localhost:3000/_next/static/chunks/node_modules_next_dist_1e8vcs8._.js:776
[ 1106747ms] [LOG] [Fast Refresh] done in 51ms @ http://localhost:3000/_next/static/chunks/node_modules_next_dist_1e8vcs8._.js:776
[ 1106810ms] [LOG] [Fast Refresh] done in 51ms @ http://localhost:3000/_next/static/chunks/node_modules_next_dist_1e8vcs8._.js:776
[ 1106869ms] [LOG] [Fast Refresh] done in 51ms @ http://localhost:3000/_next/static/chunks/node_modules_next_dist_1e8vcs8._.js:776
[ 1106927ms] [LOG] [Fast Refresh] done in 51ms @ http://localhost:3000/_next/static/chunks/node_modules_next_dist_1e8vcs8._.js:776
[ 1106972ms] [LOG] [Fast Refresh] done in 51ms @ http://localhost:3000/_next/static/chunks/node_modules_next_dist_1e8vcs8._.js:776
[ 1107036ms] [LOG] [Fast Refresh] done in 51ms @ http://localhost:3000/_next/static/chunks/node_modules_next_dist_1e8vcs8._.js:776
[ 1107085ms] [LOG] [Fast Refresh] done in 51ms @ http://localhost:3000/_next/static/chunks/node_modules_next_dist_1e8vcs8._.js:776
[ 1107143ms] [LOG] [Fast Refresh] done in 51ms @ http://localhost:3000/_next/static/chunks/node_modules_next_dist_1e8vcs8._.js:776
[ 1107195ms] [LOG] [Fast Refresh] done in 51ms @ http://localhost:3000/_next/static/chunks/node_modules_next_dist_1e8vcs8._.js:776
[ 1107251ms] [LOG] [Fast Refresh] done in 51ms @ http://localhost:3000/_next/static/chunks/node_modules_next_dist_1e8vcs8._.js:776
[ 1107306ms] [LOG] [Fast Refresh] done in 51ms @ http://localhost:3000/_next/static/chunks/node_modules_next_dist_1e8vcs8._.js:776
[ 1107355ms] [LOG] [Fast Refresh] done in 51ms @ http://localhost:3000/_next/static/chunks/node_modules_next_dist_1e8vcs8._.js:776
[ 1107414ms] [LOG] [Fast Refresh] done in 51ms @ http://localhost:3000/_next/static/chunks/node_modules_next_dist_1e8vcs8._.js:776
[ 1107470ms] [LOG] [Fast Refresh] done in 51ms @ http://localhost:3000/_next/static/chunks/node_modules_next_dist_1e8vcs8._.js:776
[ 1107528ms] [LOG] [Fast Refresh] done in 51ms @ http://localhost:3000/_next/static/chunks/node_modules_next_dist_1e8vcs8._.js:776
[ 1107583ms] [LOG] [Fast Refresh] done in 51ms @ http://localhost:3000/_next/static/chunks/node_modules_next_dist_1e8vcs8._.js:776
[ 1107638ms] [LOG] [Fast Refresh] done in 51ms @ http://localhost:3000/_next/static/chunks/node_modules_next_dist_1e8vcs8._.js:776
[ 1107689ms] [LOG] [Fast Refresh] done in 51ms @ http://localhost:3000/_next/static/chunks/node_modules_next_dist_1e8vcs8._.js:776
[ 1107750ms] [LOG] [Fast Refresh] done in 51ms @ http://localhost:3000/_next/static/chunks/node_modules_next_dist_1e8vcs8._.js:776
[ 1107837ms] [LOG] [Fast Refresh] done in 51ms @ http://localhost:3000/_next/static/chunks/node_modules_next_dist_1e8vcs8._.js:776
[ 1107907ms] [LOG] [Fast Refresh] done in 51ms @ http://localhost:3000/_next/static/chunks/node_modules_next_dist_1e8vcs8._.js:776
[ 1107961ms] [LOG] [Fast Refresh] done in 51ms @ http://localhost:3000/_next/static/chunks/node_modules_next_dist_1e8vcs8._.js:776
[ 1108016ms] [LOG] [Fast Refresh] done in 51ms @ http://localhost:3000/_next/static/chunks/node_modules_next_dist_1e8vcs8._.js:776
[ 1108067ms] [LOG] [Fast Refresh] done in 51ms @ http://localhost:3000/_next/static/chunks/node_modules_next_dist_1e8vcs8._.js:776
[ 1108118ms] [LOG] [Fast Refresh] done in 51ms @ http://localhost:3000/_next/static/chunks/node_modules_next_dist_1e8vcs8._.js:776
[ 1108169ms] [LOG] [Fast Refresh] done in 51ms @ http://localhost:3000/_next/static/chunks/node_modules_next_dist_1e8vcs8._.js:776
[ 1108223ms] [LOG] [Fast Refresh] done in 51ms @ http://localhost:3000/_next/static/chunks/node_modules_next_dist_1e8vcs8._.js:776
[ 1108274ms] [LOG] [Fast Refresh] done in 51ms @ http://localhost:3000/_next/static/chunks/node_modules_next_dist_1e8vcs8._.js:776
[ 1108320ms] [LOG] [Fast Refresh] done in 51ms @ http://localhost:3000/_next/static/chunks/node_modules_next_dist_1e8vcs8._.js:776
[ 1108369ms] [LOG] [Fast Refresh] done in 51ms @ http://localhost:3000/_next/static/chunks/node_modules_next_dist_1e8vcs8._.js:776
[ 1108419ms] [LOG] [Fast Refresh] done in 51ms @ http://localhost:3000/_next/static/chunks/node_modules_next_dist_1e8vcs8._.js:776
[ 1108469ms] [LOG] [Fast Refresh] done in 51ms @ http://localhost:3000/_next/static/chunks/node_modules_next_dist_1e8vcs8._.js:776
[ 1108524ms] [LOG] [Fast Refresh] done in 51ms @ http://localhost:3000/_next/static/chunks/node_modules_next_dist_1e8vcs8._.js:776
[ 1108573ms] [LOG] [Fast Refresh] done in 51ms @ http://localhost:3000/_next/static/chunks/node_modules_next_dist_1e8vcs8._.js:776
[ 1108629ms] [LOG] [Fast Refresh] done in 51ms @ http://localhost:3000/_next/static/chunks/node_modules_next_dist_1e8vcs8._.js:776
[ 1108682ms] [LOG] [Fast Refresh] done in 51ms @ http://localhost:3000/_next/static/chunks/node_modules_next_dist_1e8vcs8._.js:776
[ 1108739ms] [LOG] [Fast Refresh] done in 51ms @ http://localhost:3000/_next/static/chunks/node_modules_next_dist_1e8vcs8._.js:776
[ 1108803ms] [LOG] [Fast Refresh] done in 51ms @ http://localhost:3000/_next/static/chunks/node_modules_next_dist_1e8vcs8._.js:776
[ 1108860ms] [LOG] [Fast Refresh] done in 51ms @ http://localhost:3000/_next/static/chunks/node_modules_next_dist_1e8vcs8._.js:776
[ 1108906ms] [LOG] [Fast Refresh] done in 51ms @ http://localhost:3000/_next/static/chunks/node_modules_next_dist_1e8vcs8._.js:776
[ 1108959ms] [LOG] [Fast Refresh] done in 51ms @ http://localhost:3000/_next/static/chunks/node_modules_next_dist_1e8vcs8._.js:776
[ 1109013ms] [LOG] [Fast Refresh] done in 51ms @ http://localhost:3000/_next/static/chunks/node_modules_next_dist_1e8vcs8._.js:776
[ 1109062ms] [LOG] [Fast Refresh] done in 51ms @ http://localhost:3000/_next/static/chunks/node_modules_next_dist_1e8vcs8._.js:776
[ 1109117ms] [LOG] [Fast Refresh] done in 51ms @ http://localhost:3000/_next/static/chunks/node_modules_next_dist_1e8vcs8._.js:776
[ 1109163ms] [LOG] [Fast Refresh] done in 51ms @ http://localhost:3000/_next/static/chunks/node_modules_next_dist_1e8vcs8._.js:776
[ 1109217ms] [LOG] [Fast Refresh] done in 51ms @ http://localhost:3000/_next/static/chunks/node_modules_next_dist_1e8vcs8._.js:776
[ 1109276ms] [LOG] [Fast Refresh] done in 51ms @ http://localhost:3000/_next/static/chunks/node_modules_next_dist_1e8vcs8._.js:776
[ 1109332ms] [LOG] [Fast Refresh] done in 51ms @ http://localhost:3000/_next/static/chunks/node_modules_next_dist_1e8vcs8._.js:776
[ 1109386ms] [LOG] [Fast Refresh] done in 51ms @ http://localhost:3000/_next/static/chunks/node_modules_next_dist_1e8vcs8._.js:776
[ 1109442ms] [LOG] [Fast Refresh] done in 51ms @ http://localhost:3000/_next/static/chunks/node_modules_next_dist_1e8vcs8._.js:776
[ 1109497ms] [LOG] [Fast Refresh] done in 51ms @ http://localhost:3000/_next/static/chunks/node_modules_next_dist_1e8vcs8._.js:776
[ 1109549ms] [LOG] [Fast Refresh] done in 51ms @ http://localhost:3000/_next/static/chunks/node_modules_next_dist_1e8vcs8._.js:776
[ 1109604ms] [LOG] [Fast Refresh] done in 51ms @ http://localhost:3000/_next/static/chunks/node_modules_next_dist_1e8vcs8._.js:776
[ 1109658ms] [LOG] [Fast Refresh] done in 51ms @ http://localhost:3000/_next/static/chunks/node_modules_next_dist_1e8vcs8._.js:776
[ 1109713ms] [LOG] [Fast Refresh] done in 51ms @ http://localhost:3000/_next/static/chunks/node_modules_next_dist_1e8vcs8._.js:776
[ 1109772ms] [LOG] [Fast Refresh] done in 51ms @ http://localhost:3000/_next/static/chunks/node_modules_next_dist_1e8vcs8._.js:776
[ 1109821ms] [LOG] [Fast Refresh] done in 51ms @ http://localhost:3000/_next/static/chunks/node_modules_next_dist_1e8vcs8._.js:776
[ 1109873ms] [LOG] [Fast Refresh] done in 51ms @ http://localhost:3000/_next/static/chunks/node_modules_next_dist_1e8vcs8._.js:776
[ 1109932ms] [LOG] [Fast Refresh] done in 51ms @ http://localhost:3000/_next/static/chunks/node_modules_next_dist_1e8vcs8._.js:776
[ 1109987ms] [LOG] [Fast Refresh] done in 51ms @ http://localhost:3000/_next/static/chunks/node_modules_next_dist_1e8vcs8._.js:776
[ 1110047ms] [LOG] [Fast Refresh] done in 51ms @ http://localhost:3000/_next/static/chunks/node_modules_next_dist_1e8vcs8._.js:776
[ 1110098ms] [LOG] [Fast Refresh] done in 51ms @ http://localhost:3000/_next/static/chunks/node_modules_next_dist_1e8vcs8._.js:776
[ 1110157ms] [LOG] [Fast Refresh] done in 51ms @ http://localhost:3000/_next/static/chunks/node_modules_next_dist_1e8vcs8._.js:776
[ 1110212ms] [LOG] [Fast Refresh] done in 51ms @ http://localhost:3000/_next/static/chunks/node_modules_next_dist_1e8vcs8._.js:776
[ 1110272ms] [LOG] [Fast Refresh] done in 51ms @ http://localhost:3000/_next/static/chunks/node_modules_next_dist_1e8vcs8._.js:776
[ 1110327ms] [LOG] [Fast Refresh] done in 51ms @ http://localhost:3000/_next/static/chunks/node_modules_next_dist_1e8vcs8._.js:776
[ 1110387ms] [LOG] [Fast Refresh] done in 51ms @ http://localhost:3000/_next/static/chunks/node_modules_next_dist_1e8vcs8._.js:776
[ 1110432ms] [LOG] [Fast Refresh] done in 51ms @ http://localhost:3000/_next/static/chunks/node_modules_next_dist_1e8vcs8._.js:776
[ 1110484ms] [LOG] [Fast Refresh] done in 51ms @ http://localhost:3000/_next/static/chunks/node_modules_next_dist_1e8vcs8._.js:776
[ 1110532ms] [LOG] [Fast Refresh] done in 51ms @ http://localhost:3000/_next/static/chunks/node_modules_next_dist_1e8vcs8._.js:776
[ 1110589ms] [LOG] [Fast Refresh] done in 51ms @ http://localhost:3000/_next/static/chunks/node_modules_next_dist_1e8vcs8._.js:776
[ 1110645ms] [LOG] [Fast Refresh] done in 51ms @ http://localhost:3000/_next/static/chunks/node_modules_next_dist_1e8vcs8._.js:776
[ 1110704ms] [LOG] [Fast Refresh] done in 51ms @ http://localhost:3000/_next/static/chunks/node_modules_next_dist_1e8vcs8._.js:776
[ 1110759ms] [LOG] [Fast Refresh] done in 51ms @ http://localhost:3000/_next/static/chunks/node_modules_next_dist_1e8vcs8._.js:776
[ 1110815ms] [LOG] [Fast Refresh] done in 51ms @ http://localhost:3000/_next/static/chunks/node_modules_next_dist_1e8vcs8._.js:776
[ 1110868ms] [LOG] [Fast Refresh] done in 51ms @ http://localhost:3000/_next/static/chunks/node_modules_next_dist_1e8vcs8._.js:776
[ 1110929ms] [LOG] [Fast Refresh] done in 51ms @ http://localhost:3000/_next/static/chunks/node_modules_next_dist_1e8vcs8._.js:776
[ 1110987ms] [LOG] [Fast Refresh] done in 51ms @ http://localhost:3000/_next/static/chunks/node_modules_next_dist_1e8vcs8._.js:776
[ 1111041ms] [LOG] [Fast Refresh] done in 51ms @ http://localhost:3000/_next/static/chunks/node_modules_next_dist_1e8vcs8._.js:776
[ 1111086ms] [LOG] [Fast Refresh] done in 51ms @ http://localhost:3000/_next/static/chunks/node_modules_next_dist_1e8vcs8._.js:776
[ 1111145ms] [LOG] [Fast Refresh] done in 51ms @ http://localhost:3000/_next/static/chunks/node_modules_next_dist_1e8vcs8._.js:776
[ 1111203ms] [LOG] [Fast Refresh] done in 51ms @ http://localhost:3000/_next/static/chunks/node_modules_next_dist_1e8vcs8._.js:776
[ 1111258ms] [LOG] [Fast Refresh] done in 51ms @ http://localhost:3000/_next/static/chunks/node_modules_next_dist_1e8vcs8._.js:776
[ 1111321ms] [LOG] [Fast Refresh] done in 51ms @ http://localhost:3000/_next/static/chunks/node_modules_next_dist_1e8vcs8._.js:776
[ 1111371ms] [LOG] [Fast Refresh] done in 51ms @ http://localhost:3000/_next/static/chunks/node_modules_next_dist_1e8vcs8._.js:776
[ 1111435ms] [LOG] [Fast Refresh] done in 51ms @ http://localhost:3000/_next/static/chunks/node_modules_next_dist_1e8vcs8._.js:776
[ 1111488ms] [LOG] [Fast Refresh] done in 51ms @ http://localhost:3000/_next/static/chunks/node_modules_next_dist_1e8vcs8._.js:776
[ 1111532ms] [LOG] [Fast Refresh] done in 51ms @ http://localhost:3000/_next/static/chunks/node_modules_next_dist_1e8vcs8._.js:776
[ 1111587ms] [LOG] [Fast Refresh] done in 51ms @ http://localhost:3000/_next/static/chunks/node_modules_next_dist_1e8vcs8._.js:776
[ 1111643ms] [LOG] [Fast Refresh] done in 51ms @ http://localhost:3000/_next/static/chunks/node_modules_next_dist_1e8vcs8._.js:776
[ 1111701ms] [LOG] [Fast Refresh] done in 51ms @ http://localhost:3000/_next/static/chunks/node_modules_next_dist_1e8vcs8._.js:776
[ 1111755ms] [LOG] [Fast Refresh] done in 51ms @ http://localhost:3000/_next/static/chunks/node_modules_next_dist_1e8vcs8._.js:776
[ 1111813ms] [LOG] [Fast Refresh] done in 51ms @ http://localhost:3000/_next/static/chunks/node_modules_next_dist_1e8vcs8._.js:776
[ 1111866ms] [LOG] [Fast Refresh] done in 51ms @ http://localhost:3000/_next/static/chunks/node_modules_next_dist_1e8vcs8._.js:776
[ 1111921ms] [LOG] [Fast Refresh] done in 51ms @ http://localhost:3000/_next/static/chunks/node_modules_next_dist_1e8vcs8._.js:776
[ 1111978ms] [LOG] [Fast Refresh] done in 51ms @ http://localhost:3000/_next/static/chunks/node_modules_next_dist_1e8vcs8._.js:776
[ 1112034ms] [LOG] [Fast Refresh] done in 51ms @ http://localhost:3000/_next/static/chunks/node_modules_next_dist_1e8vcs8._.js:776
[ 1112087ms] [LOG] [Fast Refresh] done in 51ms @ http://localhost:3000/_next/static/chunks/node_modules_next_dist_1e8vcs8._.js:776
[ 1112133ms] [LOG] [Fast Refresh] done in 51ms @ http://localhost:3000/_next/static/chunks/node_modules_next_dist_1e8vcs8._.js:776
[ 1112189ms] [LOG] [Fast Refresh] done in 51ms @ http://localhost:3000/_next/static/chunks/node_modules_next_dist_1e8vcs8._.js:776
[ 1112250ms] [LOG] [Fast Refresh] done in 51ms @ http://localhost:3000/_next/static/chunks/node_modules_next_dist_1e8vcs8._.js:776
[ 1112308ms] [LOG] [Fast Refresh] done in 51ms @ http://localhost:3000/_next/static/chunks/node_modules_next_dist_1e8vcs8._.js:776
[ 1112365ms] [LOG] [Fast Refresh] done in 51ms @ http://localhost:3000/_next/static/chunks/node_modules_next_dist_1e8vcs8._.js:776
[ 1112425ms] [LOG] [Fast Refresh] done in 51ms @ http://localhost:3000/_next/static/chunks/node_modules_next_dist_1e8vcs8._.js:776
[ 1112486ms] [LOG] [Fast Refresh] done in 51ms @ http://localhost:3000/_next/static/chunks/node_modules_next_dist_1e8vcs8._.js:776
[ 1112542ms] [LOG] [Fast Refresh] done in 51ms @ http://localhost:3000/_next/static/chunks/node_modules_next_dist_1e8vcs8._.js:776
[ 1112590ms] [LOG] [Fast Refresh] done in 51ms @ http://localhost:3000/_next/static/chunks/node_modules_next_dist_1e8vcs8._.js:776
[ 1112646ms] [LOG] [Fast Refresh] done in 51ms @ http://localhost:3000/_next/static/chunks/node_modules_next_dist_1e8vcs8._.js:776
[ 1112705ms] [LOG] [Fast Refresh] done in 51ms @ http://localhost:3000/_next/static/chunks/node_modules_next_dist_1e8vcs8._.js:776
[ 1112758ms] [LOG] [Fast Refresh] done in 51ms @ http://localhost:3000/_next/static/chunks/node_modules_next_dist_1e8vcs8._.js:776
[ 1112812ms] [LOG] [Fast Refresh] done in 51ms @ http://localhost:3000/_next/static/chunks/node_modules_next_dist_1e8vcs8._.js:776
[ 1112862ms] [LOG] [Fast Refresh] done in 51ms @ http://localhost:3000/_next/static/chunks/node_modules_next_dist_1e8vcs8._.js:776
[ 1112911ms] [LOG] [Fast Refresh] done in 51ms @ http://localhost:3000/_next/static/chunks/node_modules_next_dist_1e8vcs8._.js:776
[ 1112965ms] [LOG] [Fast Refresh] done in 51ms @ http://localhost:3000/_next/static/chunks/node_modules_next_dist_1e8vcs8._.js:776
[ 1113023ms] [LOG] [Fast Refresh] done in 51ms @ http://localhost:3000/_next/static/chunks/node_modules_next_dist_1e8vcs8._.js:776
[ 1113068ms] [LOG] [Fast Refresh] done in 51ms @ http://localhost:3000/_next/static/chunks/node_modules_next_dist_1e8vcs8._.js:776
[ 1113127ms] [LOG] [Fast Refresh] done in 51ms @ http://localhost:3000/_next/static/chunks/node_modules_next_dist_1e8vcs8._.js:776
[ 1113184ms] [LOG] [Fast Refresh] done in 51ms @ http://localhost:3000/_next/static/chunks/node_modules_next_dist_1e8vcs8._.js:776
[ 1113242ms] [LOG] [Fast Refresh] done in 51ms @ http://localhost:3000/_next/static/chunks/node_modules_next_dist_1e8vcs8._.js:776
[ 1113299ms] [LOG] [Fast Refresh] done in 51ms @ http://localhost:3000/_next/static/chunks/node_modules_next_dist_1e8vcs8._.js:776
[ 1113346ms] [LOG] [Fast Refresh] done in 51ms @ http://localhost:3000/_next/static/chunks/node_modules_next_dist_1e8vcs8._.js:776
[ 1113395ms] [LOG] [Fast Refresh] done in 51ms @ http://localhost:3000/_next/static/chunks/node_modules_next_dist_1e8vcs8._.js:776
[ 1113454ms] [LOG] [Fast Refresh] done in 51ms @ http://localhost:3000/_next/static/chunks/node_modules_next_dist_1e8vcs8._.js:776
[ 1113519ms] [LOG] [Fast Refresh] done in 51ms @ http://localhost:3000/_next/static/chunks/node_modules_next_dist_1e8vcs8._.js:776
[ 1113569ms] [LOG] [Fast Refresh] done in 51ms @ http://localhost:3000/_next/static/chunks/node_modules_next_dist_1e8vcs8._.js:776
[ 1113627ms] [LOG] [Fast Refresh] done in 51ms @ http://localhost:3000/_next/static/chunks/node_modules_next_dist_1e8vcs8._.js:776
[ 1113680ms] [LOG] [Fast Refresh] done in 51ms @ http://localhost:3000/_next/static/chunks/node_modules_next_dist_1e8vcs8._.js:776
[ 1113729ms] [LOG] [Fast Refresh] done in 51ms @ http://localhost:3000/_next/static/chunks/node_modules_next_dist_1e8vcs8._.js:776
[ 1113791ms] [LOG] [Fast Refresh] done in 51ms @ http://localhost:3000/_next/static/chunks/node_modules_next_dist_1e8vcs8._.js:776
[ 1113851ms] [LOG] [Fast Refresh] done in 51ms @ http://localhost:3000/_next/static/chunks/node_modules_next_dist_1e8vcs8._.js:776
[ 1113898ms] [LOG] [Fast Refresh] done in 51ms @ http://localhost:3000/_next/static/chunks/node_modules_next_dist_1e8vcs8._.js:776
[ 1113952ms] [LOG] [Fast Refresh] done in 51ms @ http://localhost:3000/_next/static/chunks/node_modules_next_dist_1e8vcs8._.js:776
[ 1114013ms] [LOG] [Fast Refresh] done in 51ms @ http://localhost:3000/_next/static/chunks/node_modules_next_dist_1e8vcs8._.js:776
[ 1114071ms] [LOG] [Fast Refresh] done in 51ms @ http://localhost:3000/_next/static/chunks/node_modules_next_dist_1e8vcs8._.js:776
[ 1114120ms] [LOG] [Fast Refresh] done in 51ms @ http://localhost:3000/_next/static/chunks/node_modules_next_dist_1e8vcs8._.js:776
[ 1114176ms] [LOG] [Fast Refresh] done in 51ms @ http://localhost:3000/_next/static/chunks/node_modules_next_dist_1e8vcs8._.js:776
[ 1114234ms] [LOG] [Fast Refresh] done in 51ms @ http://localhost:3000/_next/static/chunks/node_modules_next_dist_1e8vcs8._.js:776
[ 1114284ms] [LOG] [Fast Refresh] done in 51ms @ http://localhost:3000/_next/static/chunks/node_modules_next_dist_1e8vcs8._.js:776
[ 1114330ms] [LOG] [Fast Refresh] done in 51ms @ http://localhost:3000/_next/static/chunks/node_modules_next_dist_1e8vcs8._.js:776
[ 1114377ms] [LOG] [Fast Refresh] done in 51ms @ http://localhost:3000/_next/static/chunks/node_modules_next_dist_1e8vcs8._.js:776
[ 1114435ms] [LOG] [Fast Refresh] done in 51ms @ http://localhost:3000/_next/static/chunks/node_modules_next_dist_1e8vcs8._.js:776
[ 1114481ms] [LOG] [Fast Refresh] done in 51ms @ http://localhost:3000/_next/static/chunks/node_modules_next_dist_1e8vcs8._.js:776
[ 1114538ms] [LOG] [Fast Refresh] done in 51ms @ http://localhost:3000/_next/static/chunks/node_modules_next_dist_1e8vcs8._.js:776
[ 1114598ms] [LOG] [Fast Refresh] done in 51ms @ http://localhost:3000/_next/static/chunks/node_modules_next_dist_1e8vcs8._.js:776
[ 1114663ms] [LOG] [Fast Refresh] done in 51ms @ http://localhost:3000/_next/static/chunks/node_modules_next_dist_1e8vcs8._.js:776
[ 1114723ms] [LOG] [Fast Refresh] done in 51ms @ http://localhost:3000/_next/static/chunks/node_modules_next_dist_1e8vcs8._.js:776
[ 1114782ms] [LOG] [Fast Refresh] done in 51ms @ http://localhost:3000/_next/static/chunks/node_modules_next_dist_1e8vcs8._.js:776
[ 1114831ms] [LOG] [Fast Refresh] done in 51ms @ http://localhost:3000/_next/static/chunks/node_modules_next_dist_1e8vcs8._.js:776
[ 1114880ms] [LOG] [Fast Refresh] done in 51ms @ http://localhost:3000/_next/static/chunks/node_modules_next_dist_1e8vcs8._.js:776
[ 1114939ms] [LOG] [Fast Refresh] done in 51ms @ http://localhost:3000/_next/static/chunks/node_modules_next_dist_1e8vcs8._.js:776
[ 1114992ms] [LOG] [Fast Refresh] done in 51ms @ http://localhost:3000/_next/static/chunks/node_modules_next_dist_1e8vcs8._.js:776
[ 1115051ms] [LOG] [Fast Refresh] done in 51ms @ http://localhost:3000/_next/static/chunks/node_modules_next_dist_1e8vcs8._.js:776
[ 1115102ms] [LOG] [Fast Refresh] done in 51ms @ http://localhost:3000/_next/static/chunks/node_modules_next_dist_1e8vcs8._.js:776
[ 1115161ms] [LOG] [Fast Refresh] done in 51ms @ http://localhost:3000/_next/static/chunks/node_modules_next_dist_1e8vcs8._.js:776
[ 1115221ms] [LOG] [Fast Refresh] done in 51ms @ http://localhost:3000/_next/static/chunks/node_modules_next_dist_1e8vcs8._.js:776
[ 1115269ms] [LOG] [Fast Refresh] done in 51ms @ http://localhost:3000/_next/static/chunks/node_modules_next_dist_1e8vcs8._.js:776
[ 1115327ms] [LOG] [Fast Refresh] done in 51ms @ http://localhost:3000/_next/static/chunks/node_modules_next_dist_1e8vcs8._.js:776
[ 1115385ms] [LOG] [Fast Refresh] done in 51ms @ http://localhost:3000/_next/static/chunks/node_modules_next_dist_1e8vcs8._.js:776
[ 1115431ms] [LOG] [Fast Refresh] done in 51ms @ http://localhost:3000/_next/static/chunks/node_modules_next_dist_1e8vcs8._.js:776
[ 1115492ms] [LOG] [Fast Refresh] done in 51ms @ http://localhost:3000/_next/static/chunks/node_modules_next_dist_1e8vcs8._.js:776
[ 1115549ms] [LOG] [Fast Refresh] done in 51ms @ http://localhost:3000/_next/static/chunks/node_modules_next_dist_1e8vcs8._.js:776
[ 1115602ms] [LOG] [Fast Refresh] done in 51ms @ http://localhost:3000/_next/static/chunks/node_modules_next_dist_1e8vcs8._.js:776
[ 1115661ms] [LOG] [Fast Refresh] done in 51ms @ http://localhost:3000/_next/static/chunks/node_modules_next_dist_1e8vcs8._.js:776
[ 1115717ms] [LOG] [Fast Refresh] done in 51ms @ http://localhost:3000/_next/static/chunks/node_modules_next_dist_1e8vcs8._.js:776
[ 1115770ms] [LOG] [Fast Refresh] done in 51ms @ http://localhost:3000/_next/static/chunks/node_modules_next_dist_1e8vcs8._.js:776
[ 1115827ms] [LOG] [Fast Refresh] done in 51ms @ http://localhost:3000/_next/static/chunks/node_modules_next_dist_1e8vcs8._.js:776
[ 1115888ms] [LOG] [Fast Refresh] done in 51ms @ http://localhost:3000/_next/static/chunks/node_modules_next_dist_1e8vcs8._.js:776
[ 1115942ms] [LOG] [Fast Refresh] done in 51ms @ http://localhost:3000/_next/static/chunks/node_modules_next_dist_1e8vcs8._.js:776
[ 1115987ms] [LOG] [Fast Refresh] done in 51ms @ http://localhost:3000/_next/static/chunks/node_modules_next_dist_1e8vcs8._.js:776
[ 1116032ms] [LOG] [Fast Refresh] done in 51ms @ http://localhost:3000/_next/static/chunks/node_modules_next_dist_1e8vcs8._.js:776
[ 1116092ms] [LOG] [Fast Refresh] done in 51ms @ http://localhost:3000/_next/static/chunks/node_modules_next_dist_1e8vcs8._.js:776
[ 1116148ms] [LOG] [Fast Refresh] done in 51ms @ http://localhost:3000/_next/static/chunks/node_modules_next_dist_1e8vcs8._.js:776
[ 1116209ms] [LOG] [Fast Refresh] done in 51ms @ http://localhost:3000/_next/static/chunks/node_modules_next_dist_1e8vcs8._.js:776
[ 1116260ms] [LOG] [Fast Refresh] done in 51ms @ http://localhost:3000/_next/static/chunks/node_modules_next_dist_1e8vcs8._.js:776
[ 1116323ms] [LOG] [Fast Refresh] done in 51ms @ http://localhost:3000/_next/static/chunks/node_modules_next_dist_1e8vcs8._.js:776
[ 1116373ms] [LOG] [Fast Refresh] done in 51ms @ http://localhost:3000/_next/static/chunks/node_modules_next_dist_1e8vcs8._.js:776
[ 1116433ms] [LOG] [Fast Refresh] done in 51ms @ http://localhost:3000/_next/static/chunks/node_modules_next_dist_1e8vcs8._.js:776
[ 1116490ms] [LOG] [Fast Refresh] done in 51ms @ http://localhost:3000/_next/static/chunks/node_modules_next_dist_1e8vcs8._.js:776
[ 1116549ms] [LOG] [Fast Refresh] done in 51ms @ http://localhost:3000/_next/static/chunks/node_modules_next_dist_1e8vcs8._.js:776
[ 1116605ms] [LOG] [Fast Refresh] done in 51ms @ http://localhost:3000/_next/static/chunks/node_modules_next_dist_1e8vcs8._.js:776
[ 1116660ms] [LOG] [Fast Refresh] done in 51ms @ http://localhost:3000/_next/static/chunks/node_modules_next_dist_1e8vcs8._.js:776
[ 1116718ms] [LOG] [Fast Refresh] done in 51ms @ http://localhost:3000/_next/static/chunks/node_modules_next_dist_1e8vcs8._.js:776
[ 1116777ms] [LOG] [Fast Refresh] done in 51ms @ http://localhost:3000/_next/static/chunks/node_modules_next_dist_1e8vcs8._.js:776
[ 1116836ms] [LOG] [Fast Refresh] done in 51ms @ http://localhost:3000/_next/static/chunks/node_modules_next_dist_1e8vcs8._.js:776
[ 1116882ms] [LOG] [Fast Refresh] done in 51ms @ http://localhost:3000/_next/static/chunks/node_modules_next_dist_1e8vcs8._.js:776
[ 1116927ms] [LOG] [Fast Refresh] done in 51ms @ http://localhost:3000/_next/static/chunks/node_modules_next_dist_1e8vcs8._.js:776
[ 1116991ms] [LOG] [Fast Refresh] done in 51ms @ http://localhost:3000/_next/static/chunks/node_modules_next_dist_1e8vcs8._.js:776
[ 1117035ms] [LOG] [Fast Refresh] done in 51ms @ http://localhost:3000/_next/static/chunks/node_modules_next_dist_1e8vcs8._.js:776
[ 1117090ms] [LOG] [Fast Refresh] done in 51ms @ http://localhost:3000/_next/static/chunks/node_modules_next_dist_1e8vcs8._.js:776
[ 1117149ms] [LOG] [Fast Refresh] done in 51ms @ http://localhost:3000/_next/static/chunks/node_modules_next_dist_1e8vcs8._.js:776
[ 1117200ms] [LOG] [Fast Refresh] done in 51ms @ http://localhost:3000/_next/static/chunks/node_modules_next_dist_1e8vcs8._.js:776
[ 1117259ms] [LOG] [Fast Refresh] done in 51ms @ http://localhost:3000/_next/static/chunks/node_modules_next_dist_1e8vcs8._.js:776
[ 1117316ms] [LOG] [Fast Refresh] done in 51ms @ http://localhost:3000/_next/static/chunks/node_modules_next_dist_1e8vcs8._.js:776
[ 1117374ms] [LOG] [Fast Refresh] done in 51ms @ http://localhost:3000/_next/static/chunks/node_modules_next_dist_1e8vcs8._.js:776
[ 1117436ms] [LOG] [Fast Refresh] done in 51ms @ http://localhost:3000/_next/static/chunks/node_modules_next_dist_1e8vcs8._.js:776
[ 1117495ms] [LOG] [Fast Refresh] done in 51ms @ http://localhost:3000/_next/static/chunks/node_modules_next_dist_1e8vcs8._.js:776
[ 1117555ms] [LOG] [Fast Refresh] done in 51ms @ http://localhost:3000/_next/static/chunks/node_modules_next_dist_1e8vcs8._.js:776
[ 1117617ms] [LOG] [Fast Refresh] done in 51ms @ http://localhost:3000/_next/static/chunks/node_modules_next_dist_1e8vcs8._.js:776
[ 1117680ms] [LOG] [Fast Refresh] done in 51ms @ http://localhost:3000/_next/static/chunks/node_modules_next_dist_1e8vcs8._.js:776
[ 1117726ms] [LOG] [Fast Refresh] done in 51ms @ http://localhost:3000/_next/static/chunks/node_modules_next_dist_1e8vcs8._.js:776
[ 1117777ms] [LOG] [Fast Refresh] done in 51ms @ http://localhost:3000/_next/static/chunks/node_modules_next_dist_1e8vcs8._.js:776
[ 1117842ms] [LOG] [Fast Refresh] done in 51ms @ http://localhost:3000/_next/static/chunks/node_modules_next_dist_1e8vcs8._.js:776
[ 1117894ms] [LOG] [Fast Refresh] done in 51ms @ http://localhost:3000/_next/static/chunks/node_modules_next_dist_1e8vcs8._.js:776
[ 1117951ms] [LOG] [Fast Refresh] done in 51ms @ http://localhost:3000/_next/static/chunks/node_modules_next_dist_1e8vcs8._.js:776
[ 1118010ms] [LOG] [Fast Refresh] done in 51ms @ http://localhost:3000/_next/static/chunks/node_modules_next_dist_1e8vcs8._.js:776
[ 1118058ms] [LOG] [Fast Refresh] done in 51ms @ http://localhost:3000/_next/static/chunks/node_modules_next_dist_1e8vcs8._.js:776
[ 1118115ms] [LOG] [Fast Refresh] done in 51ms @ http://localhost:3000/_next/static/chunks/node_modules_next_dist_1e8vcs8._.js:776
[ 1118166ms] [LOG] [Fast Refresh] done in 51ms @ http://localhost:3000/_next/static/chunks/node_modules_next_dist_1e8vcs8._.js:776
[ 1118215ms] [LOG] [Fast Refresh] done in 51ms @ http://localhost:3000/_next/static/chunks/node_modules_next_dist_1e8vcs8._.js:776
[ 1118281ms] [LOG] [Fast Refresh] done in 51ms @ http://localhost:3000/_next/static/chunks/node_modules_next_dist_1e8vcs8._.js:776
[ 1118327ms] [LOG] [Fast Refresh] done in 51ms @ http://localhost:3000/_next/static/chunks/node_modules_next_dist_1e8vcs8._.js:776
[ 1118389ms] [LOG] [Fast Refresh] done in 51ms @ http://localhost:3000/_next/static/chunks/node_modules_next_dist_1e8vcs8._.js:776
[ 1118453ms] [LOG] [Fast Refresh] done in 51ms @ http://localhost:3000/_next/static/chunks/node_modules_next_dist_1e8vcs8._.js:776
[ 1118501ms] [LOG] [Fast Refresh] done in 51ms @ http://localhost:3000/_next/static/chunks/node_modules_next_dist_1e8vcs8._.js:776
[ 1118562ms] [LOG] [Fast Refresh] done in 51ms @ http://localhost:3000/_next/static/chunks/node_modules_next_dist_1e8vcs8._.js:776
[ 1118620ms] [LOG] [Fast Refresh] done in 51ms @ http://localhost:3000/_next/static/chunks/node_modules_next_dist_1e8vcs8._.js:776
[ 1118666ms] [LOG] [Fast Refresh] done in 51ms @ http://localhost:3000/_next/static/chunks/node_modules_next_dist_1e8vcs8._.js:776
[ 1118729ms] [LOG] [Fast Refresh] done in 51ms @ http://localhost:3000/_next/static/chunks/node_modules_next_dist_1e8vcs8._.js:776
[ 1118779ms] [LOG] [Fast Refresh] done in 51ms @ http://localhost:3000/_next/static/chunks/node_modules_next_dist_1e8vcs8._.js:776
[ 1118837ms] [LOG] [Fast Refresh] done in 51ms @ http://localhost:3000/_next/static/chunks/node_modules_next_dist_1e8vcs8._.js:776
[ 1118896ms] [LOG] [Fast Refresh] done in 51ms @ http://localhost:3000/_next/static/chunks/node_modules_next_dist_1e8vcs8._.js:776
[ 1118956ms] [LOG] [Fast Refresh] done in 51ms @ http://localhost:3000/_next/static/chunks/node_modules_next_dist_1e8vcs8._.js:776
[ 1119004ms] [LOG] [Fast Refresh] done in 51ms @ http://localhost:3000/_next/static/chunks/node_modules_next_dist_1e8vcs8._.js:776
[ 1119063ms] [LOG] [Fast Refresh] done in 51ms @ http://localhost:3000/_next/static/chunks/node_modules_next_dist_1e8vcs8._.js:776
[ 1119117ms] [LOG] [Fast Refresh] done in 51ms @ http://localhost:3000/_next/static/chunks/node_modules_next_dist_1e8vcs8._.js:776
[ 1119172ms] [LOG] [Fast Refresh] done in 51ms @ http://localhost:3000/_next/static/chunks/node_modules_next_dist_1e8vcs8._.js:776
[ 1119232ms] [LOG] [Fast Refresh] done in 51ms @ http://localhost:3000/_next/static/chunks/node_modules_next_dist_1e8vcs8._.js:776
[ 1119284ms] [LOG] [Fast Refresh] done in 51ms @ http://localhost:3000/_next/static/chunks/node_modules_next_dist_1e8vcs8._.js:776
[ 1119337ms] [LOG] [Fast Refresh] done in 51ms @ http://localhost:3000/_next/static/chunks/node_modules_next_dist_1e8vcs8._.js:776
[ 1119395ms] [LOG] [Fast Refresh] done in 51ms @ http://localhost:3000/_next/static/chunks/node_modules_next_dist_1e8vcs8._.js:776
[ 1119447ms] [LOG] [Fast Refresh] done in 51ms @ http://localhost:3000/_next/static/chunks/node_modules_next_dist_1e8vcs8._.js:776
[ 1119506ms] [LOG] [Fast Refresh] done in 51ms @ http://localhost:3000/_next/static/chunks/node_modules_next_dist_1e8vcs8._.js:776
[ 1119567ms] [LOG] [Fast Refresh] done in 51ms @ http://localhost:3000/_next/static/chunks/node_modules_next_dist_1e8vcs8._.js:776
[ 1119627ms] [LOG] [Fast Refresh] done in 51ms @ http://localhost:3000/_next/static/chunks/node_modules_next_dist_1e8vcs8._.js:776
[ 1119672ms] [LOG] [Fast Refresh] done in 51ms @ http://localhost:3000/_next/static/chunks/node_modules_next_dist_1e8vcs8._.js:776
[ 1119731ms] [LOG] [Fast Refresh] done in 51ms @ http://localhost:3000/_next/static/chunks/node_modules_next_dist_1e8vcs8._.js:776
[ 1119787ms] [LOG] [Fast Refresh] done in 51ms @ http://localhost:3000/_next/static/chunks/node_modules_next_dist_1e8vcs8._.js:776
[ 1119847ms] [LOG] [Fast Refresh] done in 51ms @ http://localhost:3000/_next/static/chunks/node_modules_next_dist_1e8vcs8._.js:776
[ 1119897ms] [LOG] [Fast Refresh] done in 51ms @ http://localhost:3000/_next/static/chunks/node_modules_next_dist_1e8vcs8._.js:776
[ 1119954ms] [LOG] [Fast Refresh] done in 51ms @ http://localhost:3000/_next/static/chunks/node_modules_next_dist_1e8vcs8._.js:776
[ 1120010ms] [LOG] [Fast Refresh] done in 51ms @ http://localhost:3000/_next/static/chunks/node_modules_next_dist_1e8vcs8._.js:776
[ 1120056ms] [LOG] [Fast Refresh] done in 51ms @ http://localhost:3000/_next/static/chunks/node_modules_next_dist_1e8vcs8._.js:776
[ 1120108ms] [LOG] [Fast Refresh] done in 51ms @ http://localhost:3000/_next/static/chunks/node_modules_next_dist_1e8vcs8._.js:776
[ 1120166ms] [LOG] [Fast Refresh] done in 51ms @ http://localhost:3000/_next/static/chunks/node_modules_next_dist_1e8vcs8._.js:776
[ 1120221ms] [LOG] [Fast Refresh] done in 51ms @ http://localhost:3000/_next/static/chunks/node_modules_next_dist_1e8vcs8._.js:776
[ 1120267ms] [LOG] [Fast Refresh] done in 51ms @ http://localhost:3000/_next/static/chunks/node_modules_next_dist_1e8vcs8._.js:776
[ 1120330ms] [LOG] [Fast Refresh] done in 51ms @ http://localhost:3000/_next/static/chunks/node_modules_next_dist_1e8vcs8._.js:776
[ 1120386ms] [LOG] [Fast Refresh] done in 51ms @ http://localhost:3000/_next/static/chunks/node_modules_next_dist_1e8vcs8._.js:776
[ 1120440ms] [LOG] [Fast Refresh] done in 51ms @ http://localhost:3000/_next/static/chunks/node_modules_next_dist_1e8vcs8._.js:776
[ 1120503ms] [LOG] [Fast Refresh] done in 51ms @ http://localhost:3000/_next/static/chunks/node_modules_next_dist_1e8vcs8._.js:776
[ 1120549ms] [LOG] [Fast Refresh] done in 51ms @ http://localhost:3000/_next/static/chunks/node_modules_next_dist_1e8vcs8._.js:776
[ 1120607ms] [LOG] [Fast Refresh] done in 51ms @ http://localhost:3000/_next/static/chunks/node_modules_next_dist_1e8vcs8._.js:776
[ 1120660ms] [LOG] [Fast Refresh] done in 51ms @ http://localhost:3000/_next/static/chunks/node_modules_next_dist_1e8vcs8._.js:776
[ 1120710ms] [LOG] [Fast Refresh] done in 51ms @ http://localhost:3000/_next/static/chunks/node_modules_next_dist_1e8vcs8._.js:776
[ 1120755ms] [LOG] [Fast Refresh] done in 51ms @ http://localhost:3000/_next/static/chunks/node_modules_next_dist_1e8vcs8._.js:776
[ 1120802ms] [LOG] [Fast Refresh] done in 51ms @ http://localhost:3000/_next/static/chunks/node_modules_next_dist_1e8vcs8._.js:776
[ 1120858ms] [LOG] [Fast Refresh] done in 51ms @ http://localhost:3000/_next/static/chunks/node_modules_next_dist_1e8vcs8._.js:776
[ 1120922ms] [LOG] [Fast Refresh] done in 51ms @ http://localhost:3000/_next/static/chunks/node_modules_next_dist_1e8vcs8._.js:776
[ 1120980ms] [LOG] [Fast Refresh] done in 51ms @ http://localhost:3000/_next/static/chunks/node_modules_next_dist_1e8vcs8._.js:776
[ 1121031ms] [LOG] [Fast Refresh] done in 51ms @ http://localhost:3000/_next/static/chunks/node_modules_next_dist_1e8vcs8._.js:776
[ 1121078ms] [LOG] [Fast Refresh] done in 51ms @ http://localhost:3000/_next/static/chunks/node_modules_next_dist_1e8vcs8._.js:776
[ 1121136ms] [LOG] [Fast Refresh] done in 51ms @ http://localhost:3000/_next/static/chunks/node_modules_next_dist_1e8vcs8._.js:776
[ 1121195ms] [LOG] [Fast Refresh] done in 51ms @ http://localhost:3000/_next/static/chunks/node_modules_next_dist_1e8vcs8._.js:776
[ 1121251ms] [LOG] [Fast Refresh] done in 51ms @ http://localhost:3000/_next/static/chunks/node_modules_next_dist_1e8vcs8._.js:776
[ 1121305ms] [LOG] [Fast Refresh] done in 51ms @ http://localhost:3000/_next/static/chunks/node_modules_next_dist_1e8vcs8._.js:776
[ 1121352ms] [LOG] [Fast Refresh] done in 51ms @ http://localhost:3000/_next/static/chunks/node_modules_next_dist_1e8vcs8._.js:776
[ 1121403ms] [LOG] [Fast Refresh] done in 51ms @ http://localhost:3000/_next/static/chunks/node_modules_next_dist_1e8vcs8._.js:776
[ 1121458ms] [LOG] [Fast Refresh] done in 51ms @ http://localhost:3000/_next/static/chunks/node_modules_next_dist_1e8vcs8._.js:776
[ 1121512ms] [LOG] [Fast Refresh] done in 51ms @ http://localhost:3000/_next/static/chunks/node_modules_next_dist_1e8vcs8._.js:776
[ 1121562ms] [LOG] [Fast Refresh] done in 51ms @ http://localhost:3000/_next/static/chunks/node_modules_next_dist_1e8vcs8._.js:776
[ 1121623ms] [LOG] [Fast Refresh] done in 51ms @ http://localhost:3000/_next/static/chunks/node_modules_next_dist_1e8vcs8._.js:776
[ 1121676ms] [LOG] [Fast Refresh] done in 51ms @ http://localhost:3000/_next/static/chunks/node_modules_next_dist_1e8vcs8._.js:776
[ 1121734ms] [LOG] [Fast Refresh] done in 51ms @ http://localhost:3000/_next/static/chunks/node_modules_next_dist_1e8vcs8._.js:776
[ 1121790ms] [LOG] [Fast Refresh] done in 51ms @ http://localhost:3000/_next/static/chunks/node_modules_next_dist_1e8vcs8._.js:776
[ 1121844ms] [LOG] [Fast Refresh] done in 51ms @ http://localhost:3000/_next/static/chunks/node_modules_next_dist_1e8vcs8._.js:776
[ 1121902ms] [LOG] [Fast Refresh] done in 51ms @ http://localhost:3000/_next/static/chunks/node_modules_next_dist_1e8vcs8._.js:776
[ 1121950ms] [LOG] [Fast Refresh] done in 51ms @ http://localhost:3000/_next/static/chunks/node_modules_next_dist_1e8vcs8._.js:776
[ 1122012ms] [LOG] [Fast Refresh] done in 51ms @ http://localhost:3000/_next/static/chunks/node_modules_next_dist_1e8vcs8._.js:776
[ 1122062ms] [LOG] [Fast Refresh] done in 51ms @ http://localhost:3000/_next/static/chunks/node_modules_next_dist_1e8vcs8._.js:776
[ 1122121ms] [LOG] [Fast Refresh] done in 51ms @ http://localhost:3000/_next/static/chunks/node_modules_next_dist_1e8vcs8._.js:776
[ 1122174ms] [LOG] [Fast Refresh] done in 51ms @ http://localhost:3000/_next/static/chunks/node_modules_next_dist_1e8vcs8._.js:776
[ 1122218ms] [LOG] [Fast Refresh] done in 51ms @ http://localhost:3000/_next/static/chunks/node_modules_next_dist_1e8vcs8._.js:776
[ 1122283ms] [LOG] [Fast Refresh] done in 51ms @ http://localhost:3000/_next/static/chunks/node_modules_next_dist_1e8vcs8._.js:776
[ 1122339ms] [LOG] [Fast Refresh] done in 51ms @ http://localhost:3000/_next/static/chunks/node_modules_next_dist_1e8vcs8._.js:776
[ 1122384ms] [LOG] [Fast Refresh] done in 51ms @ http://localhost:3000/_next/static/chunks/node_modules_next_dist_1e8vcs8._.js:776
[ 1122442ms] [LOG] [Fast Refresh] done in 51ms @ http://localhost:3000/_next/static/chunks/node_modules_next_dist_1e8vcs8._.js:776
[ 1122501ms] [LOG] [Fast Refresh] done in 51ms @ http://localhost:3000/_next/static/chunks/node_modules_next_dist_1e8vcs8._.js:776
[ 1122546ms] [LOG] [Fast Refresh] done in 51ms @ http://localhost:3000/_next/static/chunks/node_modules_next_dist_1e8vcs8._.js:776
[ 1122604ms] [LOG] [Fast Refresh] done in 51ms @ http://localhost:3000/_next/static/chunks/node_modules_next_dist_1e8vcs8._.js:776
[ 1122651ms] [LOG] [Fast Refresh] done in 51ms @ http://localhost:3000/_next/static/chunks/node_modules_next_dist_1e8vcs8._.js:776
[ 1122708ms] [LOG] [Fast Refresh] done in 51ms @ http://localhost:3000/_next/static/chunks/node_modules_next_dist_1e8vcs8._.js:776
[ 1122761ms] [LOG] [Fast Refresh] done in 51ms @ http://localhost:3000/_next/static/chunks/node_modules_next_dist_1e8vcs8._.js:776
[ 1122821ms] [LOG] [Fast Refresh] done in 51ms @ http://localhost:3000/_next/static/chunks/node_modules_next_dist_1e8vcs8._.js:776
[ 1122876ms] [LOG] [Fast Refresh] done in 51ms @ http://localhost:3000/_next/static/chunks/node_modules_next_dist_1e8vcs8._.js:776
[ 1122920ms] [LOG] [Fast Refresh] done in 51ms @ http://localhost:3000/_next/static/chunks/node_modules_next_dist_1e8vcs8._.js:776
[ 1122978ms] [LOG] [Fast Refresh] done in 51ms @ http://localhost:3000/_next/static/chunks/node_modules_next_dist_1e8vcs8._.js:776
[ 1123036ms] [LOG] [Fast Refresh] done in 51ms @ http://localhost:3000/_next/static/chunks/node_modules_next_dist_1e8vcs8._.js:776
[ 1123090ms] [LOG] [Fast Refresh] done in 51ms @ http://localhost:3000/_next/static/chunks/node_modules_next_dist_1e8vcs8._.js:776
[ 1123135ms] [LOG] [Fast Refresh] done in 51ms @ http://localhost:3000/_next/static/chunks/node_modules_next_dist_1e8vcs8._.js:776
[ 1123185ms] [LOG] [Fast Refresh] done in 51ms @ http://localhost:3000/_next/static/chunks/node_modules_next_dist_1e8vcs8._.js:776
[ 1123247ms] [LOG] [Fast Refresh] done in 51ms @ http://localhost:3000/_next/static/chunks/node_modules_next_dist_1e8vcs8._.js:776
[ 1123309ms] [LOG] [Fast Refresh] done in 51ms @ http://localhost:3000/_next/static/chunks/node_modules_next_dist_1e8vcs8._.js:776
[ 1123365ms] [LOG] [Fast Refresh] done in 51ms @ http://localhost:3000/_next/static/chunks/node_modules_next_dist_1e8vcs8._.js:776
[ 1123411ms] [LOG] [Fast Refresh] done in 51ms @ http://localhost:3000/_next/static/chunks/node_modules_next_dist_1e8vcs8._.js:776
[ 1123469ms] [LOG] [Fast Refresh] done in 51ms @ http://localhost:3000/_next/static/chunks/node_modules_next_dist_1e8vcs8._.js:776
[ 1123532ms] [LOG] [Fast Refresh] done in 51ms @ http://localhost:3000/_next/static/chunks/node_modules_next_dist_1e8vcs8._.js:776
[ 1123582ms] [LOG] [Fast Refresh] done in 51ms @ http://localhost:3000/_next/static/chunks/node_modules_next_dist_1e8vcs8._.js:776
[ 1123628ms] [LOG] [Fast Refresh] done in 51ms @ http://localhost:3000/_next/static/chunks/node_modules_next_dist_1e8vcs8._.js:776
[ 1123682ms] [LOG] [Fast Refresh] done in 51ms @ http://localhost:3000/_next/static/chunks/node_modules_next_dist_1e8vcs8._.js:776
[ 1123733ms] [LOG] [Fast Refresh] done in 51ms @ http://localhost:3000/_next/static/chunks/node_modules_next_dist_1e8vcs8._.js:776
[ 1123793ms] [LOG] [Fast Refresh] done in 51ms @ http://localhost:3000/_next/static/chunks/node_modules_next_dist_1e8vcs8._.js:776
[ 1123850ms] [LOG] [Fast Refresh] done in 51ms @ http://localhost:3000/_next/static/chunks/node_modules_next_dist_1e8vcs8._.js:776
[ 1123911ms] [LOG] [Fast Refresh] done in 51ms @ http://localhost:3000/_next/static/chunks/node_modules_next_dist_1e8vcs8._.js:776
[ 1123971ms] [LOG] [Fast Refresh] done in 51ms @ http://localhost:3000/_next/static/chunks/node_modules_next_dist_1e8vcs8._.js:776
[ 1124028ms] [LOG] [Fast Refresh] done in 51ms @ http://localhost:3000/_next/static/chunks/node_modules_next_dist_1e8vcs8._.js:776
[ 1124085ms] [LOG] [Fast Refresh] done in 51ms @ http://localhost:3000/_next/static/chunks/node_modules_next_dist_1e8vcs8._.js:776
[ 1124138ms] [LOG] [Fast Refresh] done in 51ms @ http://localhost:3000/_next/static/chunks/node_modules_next_dist_1e8vcs8._.js:776
[ 1124198ms] [LOG] [Fast Refresh] done in 51ms @ http://localhost:3000/_next/static/chunks/node_modules_next_dist_1e8vcs8._.js:776
[ 1124258ms] [LOG] [Fast Refresh] done in 51ms @ http://localhost:3000/_next/static/chunks/node_modules_next_dist_1e8vcs8._.js:776
[ 1124316ms] [LOG] [Fast Refresh] done in 51ms @ http://localhost:3000/_next/static/chunks/node_modules_next_dist_1e8vcs8._.js:776
[ 1124375ms] [LOG] [Fast Refresh] done in 51ms @ http://localhost:3000/_next/static/chunks/node_modules_next_dist_1e8vcs8._.js:776
[ 1124430ms] [LOG] [Fast Refresh] done in 51ms @ http://localhost:3000/_next/static/chunks/node_modules_next_dist_1e8vcs8._.js:776
[ 1124491ms] [LOG] [Fast Refresh] done in 51ms @ http://localhost:3000/_next/static/chunks/node_modules_next_dist_1e8vcs8._.js:776
[ 1124537ms] [LOG] [Fast Refresh] done in 51ms @ http://localhost:3000/_next/static/chunks/node_modules_next_dist_1e8vcs8._.js:776
[ 1124590ms] [LOG] [Fast Refresh] done in 51ms @ http://localhost:3000/_next/static/chunks/node_modules_next_dist_1e8vcs8._.js:776
[ 1124646ms] [LOG] [Fast Refresh] done in 51ms @ http://localhost:3000/_next/static/chunks/node_modules_next_dist_1e8vcs8._.js:776
[ 1124703ms] [LOG] [Fast Refresh] done in 51ms @ http://localhost:3000/_next/static/chunks/node_modules_next_dist_1e8vcs8._.js:776
[ 1124761ms] [LOG] [Fast Refresh] done in 51ms @ http://localhost:3000/_next/static/chunks/node_modules_next_dist_1e8vcs8._.js:776
[ 1124817ms] [LOG] [Fast Refresh] done in 51ms @ http://localhost:3000/_next/static/chunks/node_modules_next_dist_1e8vcs8._.js:776
[ 1124873ms] [LOG] [Fast Refresh] done in 51ms @ http://localhost:3000/_next/static/chunks/node_modules_next_dist_1e8vcs8._.js:776
[ 1124928ms] [LOG] [Fast Refresh] done in 51ms @ http://localhost:3000/_next/static/chunks/node_modules_next_dist_1e8vcs8._.js:776
[ 1124980ms] [LOG] [Fast Refresh] done in 51ms @ http://localhost:3000/_next/static/chunks/node_modules_next_dist_1e8vcs8._.js:776
[ 1125031ms] [LOG] [Fast Refresh] done in 51ms @ http://localhost:3000/_next/static/chunks/node_modules_next_dist_1e8vcs8._.js:776
[ 1125086ms] [LOG] [Fast Refresh] done in 51ms @ http://localhost:3000/_next/static/chunks/node_modules_next_dist_1e8vcs8._.js:776
[ 1125133ms] [LOG] [Fast Refresh] done in 51ms @ http://localhost:3000/_next/static/chunks/node_modules_next_dist_1e8vcs8._.js:776
[ 1125181ms] [LOG] [Fast Refresh] done in 51ms @ http://localhost:3000/_next/static/chunks/node_modules_next_dist_1e8vcs8._.js:776
[ 1125240ms] [LOG] [Fast Refresh] done in 51ms @ http://localhost:3000/_next/static/chunks/node_modules_next_dist_1e8vcs8._.js:776
[ 1125298ms] [LOG] [Fast Refresh] done in 51ms @ http://localhost:3000/_next/static/chunks/node_modules_next_dist_1e8vcs8._.js:776
[ 1125357ms] [LOG] [Fast Refresh] done in 51ms @ http://localhost:3000/_next/static/chunks/node_modules_next_dist_1e8vcs8._.js:776
[ 1125414ms] [LOG] [Fast Refresh] done in 51ms @ http://localhost:3000/_next/static/chunks/node_modules_next_dist_1e8vcs8._.js:776
[ 1125464ms] [LOG] [Fast Refresh] done in 51ms @ http://localhost:3000/_next/static/chunks/node_modules_next_dist_1e8vcs8._.js:776
[ 1125508ms] [LOG] [Fast Refresh] done in 51ms @ http://localhost:3000/_next/static/chunks/node_modules_next_dist_1e8vcs8._.js:776
[ 1125563ms] [LOG] [Fast Refresh] done in 51ms @ http://localhost:3000/_next/static/chunks/node_modules_next_dist_1e8vcs8._.js:776
[ 1125625ms] [LOG] [Fast Refresh] done in 51ms @ http://localhost:3000/_next/static/chunks/node_modules_next_dist_1e8vcs8._.js:776
[ 1125682ms] [LOG] [Fast Refresh] done in 51ms @ http://localhost:3000/_next/static/chunks/node_modules_next_dist_1e8vcs8._.js:776
[ 1125732ms] [LOG] [Fast Refresh] done in 51ms @ http://localhost:3000/_next/static/chunks/node_modules_next_dist_1e8vcs8._.js:776
[ 1125787ms] [LOG] [Fast Refresh] done in 51ms @ http://localhost:3000/_next/static/chunks/node_modules_next_dist_1e8vcs8._.js:776
[ 1125849ms] [LOG] [Fast Refresh] done in 51ms @ http://localhost:3000/_next/static/chunks/node_modules_next_dist_1e8vcs8._.js:776
[ 1125908ms] [LOG] [Fast Refresh] done in 51ms @ http://localhost:3000/_next/static/chunks/node_modules_next_dist_1e8vcs8._.js:776
[ 1125958ms] [LOG] [Fast Refresh] done in 51ms @ http://localhost:3000/_next/static/chunks/node_modules_next_dist_1e8vcs8._.js:776
[ 1126004ms] [LOG] [Fast Refresh] done in 51ms @ http://localhost:3000/_next/static/chunks/node_modules_next_dist_1e8vcs8._.js:776
[ 1126068ms] [LOG] [Fast Refresh] done in 51ms @ http://localhost:3000/_next/static/chunks/node_modules_next_dist_1e8vcs8._.js:776
[ 1126121ms] [LOG] [Fast Refresh] done in 51ms @ http://localhost:3000/_next/static/chunks/node_modules_next_dist_1e8vcs8._.js:776
[ 1126175ms] [LOG] [Fast Refresh] done in 51ms @ http://localhost:3000/_next/static/chunks/node_modules_next_dist_1e8vcs8._.js:776
[ 1126233ms] [LOG] [Fast Refresh] done in 51ms @ http://localhost:3000/_next/static/chunks/node_modules_next_dist_1e8vcs8._.js:776
[ 1126291ms] [LOG] [Fast Refresh] done in 51ms @ http://localhost:3000/_next/static/chunks/node_modules_next_dist_1e8vcs8._.js:776
[ 1126349ms] [LOG] [Fast Refresh] done in 51ms @ http://localhost:3000/_next/static/chunks/node_modules_next_dist_1e8vcs8._.js:776
[ 1126406ms] [LOG] [Fast Refresh] done in 51ms @ http://localhost:3000/_next/static/chunks/node_modules_next_dist_1e8vcs8._.js:776
[ 1126459ms] [LOG] [Fast Refresh] done in 51ms @ http://localhost:3000/_next/static/chunks/node_modules_next_dist_1e8vcs8._.js:776
[ 1126538ms] [LOG] [Fast Refresh] done in 51ms @ http://localhost:3000/_next/static/chunks/node_modules_next_dist_1e8vcs8._.js:776
[ 1126601ms] [LOG] [Fast Refresh] done in 51ms @ http://localhost:3000/_next/static/chunks/node_modules_next_dist_1e8vcs8._.js:776
[ 1126652ms] [LOG] [Fast Refresh] done in 51ms @ http://localhost:3000/_next/static/chunks/node_modules_next_dist_1e8vcs8._.js:776
[ 1126701ms] [LOG] [Fast Refresh] done in 51ms @ http://localhost:3000/_next/static/chunks/node_modules_next_dist_1e8vcs8._.js:776
[ 1126754ms] [LOG] [Fast Refresh] done in 51ms @ http://localhost:3000/_next/static/chunks/node_modules_next_dist_1e8vcs8._.js:776
[ 1126804ms] [LOG] [Fast Refresh] done in 51ms @ http://localhost:3000/_next/static/chunks/node_modules_next_dist_1e8vcs8._.js:776
[ 1126854ms] [LOG] [Fast Refresh] done in 51ms @ http://localhost:3000/_next/static/chunks/node_modules_next_dist_1e8vcs8._.js:776
[ 1126904ms] [LOG] [Fast Refresh] done in 51ms @ http://localhost:3000/_next/static/chunks/node_modules_next_dist_1e8vcs8._.js:776
[ 1126953ms] [LOG] [Fast Refresh] done in 51ms @ http://localhost:3000/_next/static/chunks/node_modules_next_dist_1e8vcs8._.js:776
[ 1127004ms] [LOG] [Fast Refresh] done in 51ms @ http://localhost:3000/_next/static/chunks/node_modules_next_dist_1e8vcs8._.js:776
[ 1127055ms] [LOG] [Fast Refresh] done in 51ms @ http://localhost:3000/_next/static/chunks/node_modules_next_dist_1e8vcs8._.js:776
[ 1127105ms] [LOG] [Fast Refresh] done in 51ms @ http://localhost:3000/_next/static/chunks/node_modules_next_dist_1e8vcs8._.js:776
[ 1127156ms] [LOG] [Fast Refresh] done in 51ms @ http://localhost:3000/_next/static/chunks/node_modules_next_dist_1e8vcs8._.js:776
[ 1127211ms] [LOG] [Fast Refresh] done in 51ms @ http://localhost:3000/_next/static/chunks/node_modules_next_dist_1e8vcs8._.js:776
[ 1127261ms] [LOG] [Fast Refresh] done in 51ms @ http://localhost:3000/_next/static/chunks/node_modules_next_dist_1e8vcs8._.js:776
[ 1127311ms] [LOG] [Fast Refresh] done in 51ms @ http://localhost:3000/_next/static/chunks/node_modules_next_dist_1e8vcs8._.js:776
[ 1127362ms] [LOG] [Fast Refresh] done in 51ms @ http://localhost:3000/_next/static/chunks/node_modules_next_dist_1e8vcs8._.js:776
[ 1127411ms] [LOG] [Fast Refresh] done in 51ms @ http://localhost:3000/_next/static/chunks/node_modules_next_dist_1e8vcs8._.js:776
[ 1127461ms] [LOG] [Fast Refresh] done in 51ms @ http://localhost:3000/_next/static/chunks/node_modules_next_dist_1e8vcs8._.js:776
[ 1127510ms] [LOG] [Fast Refresh] done in 51ms @ http://localhost:3000/_next/static/chunks/node_modules_next_dist_1e8vcs8._.js:776
[ 1127561ms] [LOG] [Fast Refresh] done in 51ms @ http://localhost:3000/_next/static/chunks/node_modules_next_dist_1e8vcs8._.js:776
[ 1127610ms] [LOG] [Fast Refresh] done in 51ms @ http://localhost:3000/_next/static/chunks/node_modules_next_dist_1e8vcs8._.js:776
[ 1127669ms] [LOG] [Fast Refresh] done in 51ms @ http://localhost:3000/_next/static/chunks/node_modules_next_dist_1e8vcs8._.js:776
[ 1127723ms] [LOG] [Fast Refresh] done in 51ms @ http://localhost:3000/_next/static/chunks/node_modules_next_dist_1e8vcs8._.js:776
[ 1127773ms] [LOG] [Fast Refresh] done in 51ms @ http://localhost:3000/_next/static/chunks/node_modules_next_dist_1e8vcs8._.js:776
[ 1127819ms] [LOG] [Fast Refresh] done in 51ms @ http://localhost:3000/_next/static/chunks/node_modules_next_dist_1e8vcs8._.js:776
[ 1127880ms] [LOG] [Fast Refresh] done in 51ms @ http://localhost:3000/_next/static/chunks/node_modules_next_dist_1e8vcs8._.js:776
[ 1127931ms] [LOG] [Fast Refresh] done in 51ms @ http://localhost:3000/_next/static/chunks/node_modules_next_dist_1e8vcs8._.js:776
[ 1127990ms] [LOG] [Fast Refresh] done in 51ms @ http://localhost:3000/_next/static/chunks/node_modules_next_dist_1e8vcs8._.js:776
[ 1128046ms] [LOG] [Fast Refresh] done in 51ms @ http://localhost:3000/_next/static/chunks/node_modules_next_dist_1e8vcs8._.js:776
[ 1128109ms] [LOG] [Fast Refresh] done in 51ms @ http://localhost:3000/_next/static/chunks/node_modules_next_dist_1e8vcs8._.js:776
[ 1128166ms] [LOG] [Fast Refresh] done in 51ms @ http://localhost:3000/_next/static/chunks/node_modules_next_dist_1e8vcs8._.js:776
[ 1128220ms] [LOG] [Fast Refresh] done in 51ms @ http://localhost:3000/_next/static/chunks/node_modules_next_dist_1e8vcs8._.js:776
[ 1128275ms] [LOG] [Fast Refresh] done in 51ms @ http://localhost:3000/_next/static/chunks/node_modules_next_dist_1e8vcs8._.js:776
[ 1128333ms] [LOG] [Fast Refresh] done in 51ms @ http://localhost:3000/_next/static/chunks/node_modules_next_dist_1e8vcs8._.js:776
[ 1128388ms] [LOG] [Fast Refresh] done in 51ms @ http://localhost:3000/_next/static/chunks/node_modules_next_dist_1e8vcs8._.js:776
[ 1128445ms] [LOG] [Fast Refresh] done in 51ms @ http://localhost:3000/_next/static/chunks/node_modules_next_dist_1e8vcs8._.js:776
[ 1128504ms] [LOG] [Fast Refresh] done in 51ms @ http://localhost:3000/_next/static/chunks/node_modules_next_dist_1e8vcs8._.js:776
[ 1128557ms] [LOG] [Fast Refresh] done in 51ms @ http://localhost:3000/_next/static/chunks/node_modules_next_dist_1e8vcs8._.js:776
[ 1128612ms] [LOG] [Fast Refresh] done in 51ms @ http://localhost:3000/_next/static/chunks/node_modules_next_dist_1e8vcs8._.js:776
[ 1128671ms] [LOG] [Fast Refresh] done in 51ms @ http://localhost:3000/_next/static/chunks/node_modules_next_dist_1e8vcs8._.js:776
[ 1128733ms] [LOG] [Fast Refresh] done in 51ms @ http://localhost:3000/_next/static/chunks/node_modules_next_dist_1e8vcs8._.js:776
[ 1128792ms] [LOG] [Fast Refresh] done in 51ms @ http://localhost:3000/_next/static/chunks/node_modules_next_dist_1e8vcs8._.js:776
[ 1128845ms] [LOG] [Fast Refresh] done in 51ms @ http://localhost:3000/_next/static/chunks/node_modules_next_dist_1e8vcs8._.js:776
[ 1128893ms] [LOG] [Fast Refresh] done in 51ms @ http://localhost:3000/_next/static/chunks/node_modules_next_dist_1e8vcs8._.js:776
[ 1128942ms] [LOG] [Fast Refresh] done in 51ms @ http://localhost:3000/_next/static/chunks/node_modules_next_dist_1e8vcs8._.js:776
[ 1129001ms] [LOG] [Fast Refresh] done in 51ms @ http://localhost:3000/_next/static/chunks/node_modules_next_dist_1e8vcs8._.js:776
[ 1129059ms] [LOG] [Fast Refresh] done in 51ms @ http://localhost:3000/_next/static/chunks/node_modules_next_dist_1e8vcs8._.js:776
[ 1129117ms] [LOG] [Fast Refresh] done in 51ms @ http://localhost:3000/_next/static/chunks/node_modules_next_dist_1e8vcs8._.js:776
[ 1129166ms] [LOG] [Fast Refresh] done in 51ms @ http://localhost:3000/_next/static/chunks/node_modules_next_dist_1e8vcs8._.js:776
[ 1129224ms] [LOG] [Fast Refresh] done in 51ms @ http://localhost:3000/_next/static/chunks/node_modules_next_dist_1e8vcs8._.js:776
[ 1129274ms] [LOG] [Fast Refresh] done in 51ms @ http://localhost:3000/_next/static/chunks/node_modules_next_dist_1e8vcs8._.js:776
[ 1129337ms] [LOG] [Fast Refresh] done in 51ms @ http://localhost:3000/_next/static/chunks/node_modules_next_dist_1e8vcs8._.js:776
[ 1129386ms] [LOG] [Fast Refresh] done in 51ms @ http://localhost:3000/_next/static/chunks/node_modules_next_dist_1e8vcs8._.js:776
[ 1129444ms] [LOG] [Fast Refresh] done in 51ms @ http://localhost:3000/_next/static/chunks/node_modules_next_dist_1e8vcs8._.js:776
[ 1129496ms] [LOG] [Fast Refresh] done in 51ms @ http://localhost:3000/_next/static/chunks/node_modules_next_dist_1e8vcs8._.js:776
[ 1129554ms] [LOG] [Fast Refresh] done in 51ms @ http://localhost:3000/_next/static/chunks/node_modules_next_dist_1e8vcs8._.js:776
[ 1129609ms] [LOG] [Fast Refresh] done in 51ms @ http://localhost:3000/_next/static/chunks/node_modules_next_dist_1e8vcs8._.js:776
[ 1129660ms] [LOG] [Fast Refresh] done in 51ms @ http://localhost:3000/_next/static/chunks/node_modules_next_dist_1e8vcs8._.js:776
[ 1129717ms] [LOG] [Fast Refresh] done in 51ms @ http://localhost:3000/_next/static/chunks/node_modules_next_dist_1e8vcs8._.js:776
[ 1129774ms] [LOG] [Fast Refresh] done in 51ms @ http://localhost:3000/_next/static/chunks/node_modules_next_dist_1e8vcs8._.js:776
[ 1129832ms] [LOG] [Fast Refresh] done in 51ms @ http://localhost:3000/_next/static/chunks/node_modules_next_dist_1e8vcs8._.js:776
[ 1129886ms] [LOG] [Fast Refresh] done in 51ms @ http://localhost:3000/_next/static/chunks/node_modules_next_dist_1e8vcs8._.js:776
[ 1129949ms] [LOG] [Fast Refresh] done in 51ms @ http://localhost:3000/_next/static/chunks/node_modules_next_dist_1e8vcs8._.js:776
[ 1130003ms] [LOG] [Fast Refresh] done in 51ms @ http://localhost:3000/_next/static/chunks/node_modules_next_dist_1e8vcs8._.js:776
[ 1130061ms] [LOG] [Fast Refresh] done in 51ms @ http://localhost:3000/_next/static/chunks/node_modules_next_dist_1e8vcs8._.js:776
[ 1130109ms] [LOG] [Fast Refresh] done in 51ms @ http://localhost:3000/_next/static/chunks/node_modules_next_dist_1e8vcs8._.js:776
[ 1130162ms] [LOG] [Fast Refresh] done in 51ms @ http://localhost:3000/_next/static/chunks/node_modules_next_dist_1e8vcs8._.js:776
[ 1130217ms] [LOG] [Fast Refresh] done in 51ms @ http://localhost:3000/_next/static/chunks/node_modules_next_dist_1e8vcs8._.js:776
[ 1130271ms] [LOG] [Fast Refresh] done in 51ms @ http://localhost:3000/_next/static/chunks/node_modules_next_dist_1e8vcs8._.js:776
[ 1130325ms] [LOG] [Fast Refresh] done in 51ms @ http://localhost:3000/_next/static/chunks/node_modules_next_dist_1e8vcs8._.js:776
[ 1130384ms] [LOG] [Fast Refresh] done in 51ms @ http://localhost:3000/_next/static/chunks/node_modules_next_dist_1e8vcs8._.js:776
[ 1130444ms] [LOG] [Fast Refresh] done in 51ms @ http://localhost:3000/_next/static/chunks/node_modules_next_dist_1e8vcs8._.js:776
[ 1130498ms] [LOG] [Fast Refresh] done in 51ms @ http://localhost:3000/_next/static/chunks/node_modules_next_dist_1e8vcs8._.js:776
[ 1130556ms] [LOG] [Fast Refresh] done in 51ms @ http://localhost:3000/_next/static/chunks/node_modules_next_dist_1e8vcs8._.js:776
[ 1130615ms] [LOG] [Fast Refresh] done in 51ms @ http://localhost:3000/_next/static/chunks/node_modules_next_dist_1e8vcs8._.js:776
[ 1130677ms] [LOG] [Fast Refresh] done in 51ms @ http://localhost:3000/_next/static/chunks/node_modules_next_dist_1e8vcs8._.js:776
[ 1130734ms] [LOG] [Fast Refresh] done in 51ms @ http://localhost:3000/_next/static/chunks/node_modules_next_dist_1e8vcs8._.js:776
[ 1130795ms] [LOG] [Fast Refresh] done in 51ms @ http://localhost:3000/_next/static/chunks/node_modules_next_dist_1e8vcs8._.js:776
[ 1130855ms] [LOG] [Fast Refresh] done in 51ms @ http://localhost:3000/_next/static/chunks/node_modules_next_dist_1e8vcs8._.js:776
[ 1130911ms] [LOG] [Fast Refresh] done in 51ms @ http://localhost:3000/_next/static/chunks/node_modules_next_dist_1e8vcs8._.js:776
[ 1130969ms] [LOG] [Fast Refresh] done in 51ms @ http://localhost:3000/_next/static/chunks/node_modules_next_dist_1e8vcs8._.js:776
[ 1131030ms] [LOG] [Fast Refresh] done in 51ms @ http://localhost:3000/_next/static/chunks/node_modules_next_dist_1e8vcs8._.js:776
[ 1131084ms] [LOG] [Fast Refresh] done in 51ms @ http://localhost:3000/_next/static/chunks/node_modules_next_dist_1e8vcs8._.js:776
[ 1131132ms] [LOG] [Fast Refresh] done in 51ms @ http://localhost:3000/_next/static/chunks/node_modules_next_dist_1e8vcs8._.js:776
[ 1131185ms] [LOG] [Fast Refresh] done in 51ms @ http://localhost:3000/_next/static/chunks/node_modules_next_dist_1e8vcs8._.js:776
[ 1131240ms] [LOG] [Fast Refresh] done in 51ms @ http://localhost:3000/_next/static/chunks/node_modules_next_dist_1e8vcs8._.js:776
[ 1131297ms] [LOG] [Fast Refresh] done in 51ms @ http://localhost:3000/_next/static/chunks/node_modules_next_dist_1e8vcs8._.js:776
[ 1131359ms] [LOG] [Fast Refresh] done in 51ms @ http://localhost:3000/_next/static/chunks/node_modules_next_dist_1e8vcs8._.js:776
[ 1131420ms] [LOG] [Fast Refresh] done in 51ms @ http://localhost:3000/_next/static/chunks/node_modules_next_dist_1e8vcs8._.js:776
[ 1131474ms] [LOG] [Fast Refresh] done in 51ms @ http://localhost:3000/_next/static/chunks/node_modules_next_dist_1e8vcs8._.js:776
[ 1131539ms] [LOG] [Fast Refresh] done in 51ms @ http://localhost:3000/_next/static/chunks/node_modules_next_dist_1e8vcs8._.js:776
[ 1131595ms] [LOG] [Fast Refresh] done in 51ms @ http://localhost:3000/_next/static/chunks/node_modules_next_dist_1e8vcs8._.js:776
[ 1131644ms] [LOG] [Fast Refresh] done in 51ms @ http://localhost:3000/_next/static/chunks/node_modules_next_dist_1e8vcs8._.js:776
[ 1131698ms] [LOG] [Fast Refresh] done in 51ms @ http://localhost:3000/_next/static/chunks/node_modules_next_dist_1e8vcs8._.js:776
[ 1131752ms] [LOG] [Fast Refresh] done in 51ms @ http://localhost:3000/_next/static/chunks/node_modules_next_dist_1e8vcs8._.js:776
[ 1131807ms] [LOG] [Fast Refresh] done in 51ms @ http://localhost:3000/_next/static/chunks/node_modules_next_dist_1e8vcs8._.js:776
[ 1131865ms] [LOG] [Fast Refresh] done in 51ms @ http://localhost:3000/_next/static/chunks/node_modules_next_dist_1e8vcs8._.js:776
[ 1131915ms] [LOG] [Fast Refresh] done in 51ms @ http://localhost:3000/_next/static/chunks/node_modules_next_dist_1e8vcs8._.js:776
[ 1131977ms] [LOG] [Fast Refresh] done in 51ms @ http://localhost:3000/_next/static/chunks/node_modules_next_dist_1e8vcs8._.js:776
[ 1132030ms] [LOG] [Fast Refresh] done in 51ms @ http://localhost:3000/_next/static/chunks/node_modules_next_dist_1e8vcs8._.js:776
[ 1132087ms] [LOG] [Fast Refresh] done in 51ms @ http://localhost:3000/_next/static/chunks/node_modules_next_dist_1e8vcs8._.js:776
[ 1132141ms] [LOG] [Fast Refresh] done in 51ms @ http://localhost:3000/_next/static/chunks/node_modules_next_dist_1e8vcs8._.js:776
[ 1132202ms] [LOG] [Fast Refresh] done in 51ms @ http://localhost:3000/_next/static/chunks/node_modules_next_dist_1e8vcs8._.js:776
[ 1132260ms] [LOG] [Fast Refresh] done in 51ms @ http://localhost:3000/_next/static/chunks/node_modules_next_dist_1e8vcs8._.js:776
[ 1132314ms] [LOG] [Fast Refresh] done in 51ms @ http://localhost:3000/_next/static/chunks/node_modules_next_dist_1e8vcs8._.js:776
[ 1132368ms] [LOG] [Fast Refresh] done in 51ms @ http://localhost:3000/_next/static/chunks/node_modules_next_dist_1e8vcs8._.js:776
[ 1132413ms] [LOG] [Fast Refresh] done in 51ms @ http://localhost:3000/_next/static/chunks/node_modules_next_dist_1e8vcs8._.js:776
[ 1132462ms] [LOG] [Fast Refresh] done in 51ms @ http://localhost:3000/_next/static/chunks/node_modules_next_dist_1e8vcs8._.js:776
[ 1132521ms] [LOG] [Fast Refresh] done in 51ms @ http://localhost:3000/_next/static/chunks/node_modules_next_dist_1e8vcs8._.js:776
[ 1132575ms] [LOG] [Fast Refresh] done in 51ms @ http://localhost:3000/_next/static/chunks/node_modules_next_dist_1e8vcs8._.js:776
[ 1132628ms] [LOG] [Fast Refresh] done in 51ms @ http://localhost:3000/_next/static/chunks/node_modules_next_dist_1e8vcs8._.js:776
[ 1132682ms] [LOG] [Fast Refresh] done in 51ms @ http://localhost:3000/_next/static/chunks/node_modules_next_dist_1e8vcs8._.js:776
[ 1132737ms] [LOG] [Fast Refresh] done in 51ms @ http://localhost:3000/_next/static/chunks/node_modules_next_dist_1e8vcs8._.js:776
[ 1132795ms] [LOG] [Fast Refresh] done in 51ms @ http://localhost:3000/_next/static/chunks/node_modules_next_dist_1e8vcs8._.js:776
[ 1132844ms] [LOG] [Fast Refresh] done in 51ms @ http://localhost:3000/_next/static/chunks/node_modules_next_dist_1e8vcs8._.js:776
[ 1132899ms] [LOG] [Fast Refresh] done in 51ms @ http://localhost:3000/_next/static/chunks/node_modules_next_dist_1e8vcs8._.js:776
[ 1132953ms] [LOG] [Fast Refresh] done in 51ms @ http://localhost:3000/_next/static/chunks/node_modules_next_dist_1e8vcs8._.js:776
[ 1133002ms] [LOG] [Fast Refresh] done in 51ms @ http://localhost:3000/_next/static/chunks/node_modules_next_dist_1e8vcs8._.js:776
[ 1133052ms] [LOG] [Fast Refresh] done in 51ms @ http://localhost:3000/_next/static/chunks/node_modules_next_dist_1e8vcs8._.js:776
[ 1133102ms] [LOG] [Fast Refresh] done in 51ms @ http://localhost:3000/_next/static/chunks/node_modules_next_dist_1e8vcs8._.js:776
[ 1133154ms] [LOG] [Fast Refresh] done in 51ms @ http://localhost:3000/_next/static/chunks/node_modules_next_dist_1e8vcs8._.js:776
[ 1133208ms] [LOG] [Fast Refresh] done in 51ms @ http://localhost:3000/_next/static/chunks/node_modules_next_dist_1e8vcs8._.js:776
[ 1133268ms] [LOG] [Fast Refresh] done in 51ms @ http://localhost:3000/_next/static/chunks/node_modules_next_dist_1e8vcs8._.js:776
[ 1133330ms] [LOG] [Fast Refresh] done in 51ms @ http://localhost:3000/_next/static/chunks/node_modules_next_dist_1e8vcs8._.js:776
[ 1133387ms] [LOG] [Fast Refresh] done in 51ms @ http://localhost:3000/_next/static/chunks/node_modules_next_dist_1e8vcs8._.js:776
[ 1133448ms] [LOG] [Fast Refresh] done in 51ms @ http://localhost:3000/_next/static/chunks/node_modules_next_dist_1e8vcs8._.js:776
[ 1133508ms] [LOG] [Fast Refresh] done in 51ms @ http://localhost:3000/_next/static/chunks/node_modules_next_dist_1e8vcs8._.js:776
[ 1133567ms] [LOG] [Fast Refresh] done in 51ms @ http://localhost:3000/_next/static/chunks/node_modules_next_dist_1e8vcs8._.js:776
[ 1133626ms] [LOG] [Fast Refresh] done in 51ms @ http://localhost:3000/_next/static/chunks/node_modules_next_dist_1e8vcs8._.js:776
[ 1133678ms] [LOG] [Fast Refresh] done in 51ms @ http://localhost:3000/_next/static/chunks/node_modules_next_dist_1e8vcs8._.js:776
[ 1133738ms] [LOG] [Fast Refresh] done in 51ms @ http://localhost:3000/_next/static/chunks/node_modules_next_dist_1e8vcs8._.js:776
[ 1133795ms] [LOG] [Fast Refresh] done in 51ms @ http://localhost:3000/_next/static/chunks/node_modules_next_dist_1e8vcs8._.js:776
[ 1133849ms] [LOG] [Fast Refresh] done in 51ms @ http://localhost:3000/_next/static/chunks/node_modules_next_dist_1e8vcs8._.js:776
[ 1133911ms] [LOG] [Fast Refresh] done in 51ms @ http://localhost:3000/_next/static/chunks/node_modules_next_dist_1e8vcs8._.js:776
[ 1133961ms] [LOG] [Fast Refresh] done in 51ms @ http://localhost:3000/_next/static/chunks/node_modules_next_dist_1e8vcs8._.js:776
[ 1134005ms] [LOG] [Fast Refresh] done in 51ms @ http://localhost:3000/_next/static/chunks/node_modules_next_dist_1e8vcs8._.js:776
[ 1134050ms] [LOG] [Fast Refresh] done in 51ms @ http://localhost:3000/_next/static/chunks/node_modules_next_dist_1e8vcs8._.js:776
[ 1134109ms] [LOG] [Fast Refresh] done in 51ms @ http://localhost:3000/_next/static/chunks/node_modules_next_dist_1e8vcs8._.js:776
[ 1134167ms] [LOG] [Fast Refresh] done in 51ms @ http://localhost:3000/_next/static/chunks/node_modules_next_dist_1e8vcs8._.js:776
[ 1134215ms] [LOG] [Fast Refresh] done in 51ms @ http://localhost:3000/_next/static/chunks/node_modules_next_dist_1e8vcs8._.js:776
[ 1134273ms] [LOG] [Fast Refresh] done in 51ms @ http://localhost:3000/_next/static/chunks/node_modules_next_dist_1e8vcs8._.js:776
[ 1134336ms] [LOG] [Fast Refresh] done in 51ms @ http://localhost:3000/_next/static/chunks/node_modules_next_dist_1e8vcs8._.js:776
[ 1134396ms] [LOG] [Fast Refresh] done in 51ms @ http://localhost:3000/_next/static/chunks/node_modules_next_dist_1e8vcs8._.js:776
[ 1134447ms] [LOG] [Fast Refresh] done in 51ms @ http://localhost:3000/_next/static/chunks/node_modules_next_dist_1e8vcs8._.js:776
[ 1134495ms] [LOG] [Fast Refresh] done in 51ms @ http://localhost:3000/_next/static/chunks/node_modules_next_dist_1e8vcs8._.js:776
[ 1134557ms] [LOG] [Fast Refresh] done in 51ms @ http://localhost:3000/_next/static/chunks/node_modules_next_dist_1e8vcs8._.js:776
[ 1134618ms] [LOG] [Fast Refresh] done in 51ms @ http://localhost:3000/_next/static/chunks/node_modules_next_dist_1e8vcs8._.js:776
[ 1134679ms] [LOG] [Fast Refresh] done in 51ms @ http://localhost:3000/_next/static/chunks/node_modules_next_dist_1e8vcs8._.js:776
[ 1134736ms] [LOG] [Fast Refresh] done in 51ms @ http://localhost:3000/_next/static/chunks/node_modules_next_dist_1e8vcs8._.js:776
[ 1134789ms] [LOG] [Fast Refresh] done in 51ms @ http://localhost:3000/_next/static/chunks/node_modules_next_dist_1e8vcs8._.js:776
[ 1134846ms] [LOG] [Fast Refresh] done in 51ms @ http://localhost:3000/_next/static/chunks/node_modules_next_dist_1e8vcs8._.js:776
[ 1134904ms] [LOG] [Fast Refresh] done in 51ms @ http://localhost:3000/_next/static/chunks/node_modules_next_dist_1e8vcs8._.js:776
[ 1134965ms] [LOG] [Fast Refresh] done in 51ms @ http://localhost:3000/_next/static/chunks/node_modules_next_dist_1e8vcs8._.js:776
[ 1135020ms] [LOG] [Fast Refresh] done in 51ms @ http://localhost:3000/_next/static/chunks/node_modules_next_dist_1e8vcs8._.js:776
[ 1135078ms] [LOG] [Fast Refresh] done in 51ms @ http://localhost:3000/_next/static/chunks/node_modules_next_dist_1e8vcs8._.js:776
[ 1135128ms] [LOG] [Fast Refresh] done in 51ms @ http://localhost:3000/_next/static/chunks/node_modules_next_dist_1e8vcs8._.js:776
[ 1135179ms] [LOG] [Fast Refresh] done in 51ms @ http://localhost:3000/_next/static/chunks/node_modules_next_dist_1e8vcs8._.js:776
[ 1135237ms] [LOG] [Fast Refresh] done in 51ms @ http://localhost:3000/_next/static/chunks/node_modules_next_dist_1e8vcs8._.js:776
[ 1135298ms] [LOG] [Fast Refresh] done in 51ms @ http://localhost:3000/_next/static/chunks/node_modules_next_dist_1e8vcs8._.js:776
[ 1135347ms] [LOG] [Fast Refresh] done in 51ms @ http://localhost:3000/_next/static/chunks/node_modules_next_dist_1e8vcs8._.js:776
[ 1135407ms] [LOG] [Fast Refresh] done in 51ms @ http://localhost:3000/_next/static/chunks/node_modules_next_dist_1e8vcs8._.js:776
[ 1135457ms] [LOG] [Fast Refresh] done in 51ms @ http://localhost:3000/_next/static/chunks/node_modules_next_dist_1e8vcs8._.js:776
[ 1135518ms] [LOG] [Fast Refresh] done in 51ms @ http://localhost:3000/_next/static/chunks/node_modules_next_dist_1e8vcs8._.js:776
[ 1135579ms] [LOG] [Fast Refresh] done in 51ms @ http://localhost:3000/_next/static/chunks/node_modules_next_dist_1e8vcs8._.js:776
[ 1135631ms] [LOG] [Fast Refresh] done in 51ms @ http://localhost:3000/_next/static/chunks/node_modules_next_dist_1e8vcs8._.js:776
[ 1135684ms] [LOG] [Fast Refresh] done in 51ms @ http://localhost:3000/_next/static/chunks/node_modules_next_dist_1e8vcs8._.js:776
[ 1135736ms] [LOG] [Fast Refresh] done in 51ms @ http://localhost:3000/_next/static/chunks/node_modules_next_dist_1e8vcs8._.js:776
[ 1135782ms] [LOG] [Fast Refresh] done in 51ms @ http://localhost:3000/_next/static/chunks/node_modules_next_dist_1e8vcs8._.js:776
[ 1135836ms] [LOG] [Fast Refresh] done in 51ms @ http://localhost:3000/_next/static/chunks/node_modules_next_dist_1e8vcs8._.js:776
[ 1135893ms] [LOG] [Fast Refresh] done in 51ms @ http://localhost:3000/_next/static/chunks/node_modules_next_dist_1e8vcs8._.js:776
[ 1135941ms] [LOG] [Fast Refresh] done in 51ms @ http://localhost:3000/_next/static/chunks/node_modules_next_dist_1e8vcs8._.js:776
[ 1135993ms] [LOG] [Fast Refresh] done in 51ms @ http://localhost:3000/_next/static/chunks/node_modules_next_dist_1e8vcs8._.js:776
[ 1136047ms] [LOG] [Fast Refresh] done in 51ms @ http://localhost:3000/_next/static/chunks/node_modules_next_dist_1e8vcs8._.js:776
[ 1136102ms] [LOG] [Fast Refresh] done in 51ms @ http://localhost:3000/_next/static/chunks/node_modules_next_dist_1e8vcs8._.js:776
[ 1136148ms] [LOG] [Fast Refresh] done in 51ms @ http://localhost:3000/_next/static/chunks/node_modules_next_dist_1e8vcs8._.js:776
[ 1136193ms] [LOG] [Fast Refresh] done in 51ms @ http://localhost:3000/_next/static/chunks/node_modules_next_dist_1e8vcs8._.js:776
[ 1136255ms] [LOG] [Fast Refresh] done in 51ms @ http://localhost:3000/_next/static/chunks/node_modules_next_dist_1e8vcs8._.js:776
[ 1136310ms] [LOG] [Fast Refresh] done in 51ms @ http://localhost:3000/_next/static/chunks/node_modules_next_dist_1e8vcs8._.js:776
[ 1136367ms] [LOG] [Fast Refresh] done in 51ms @ http://localhost:3000/_next/static/chunks/node_modules_next_dist_1e8vcs8._.js:776
[ 1136423ms] [LOG] [Fast Refresh] done in 51ms @ http://localhost:3000/_next/static/chunks/node_modules_next_dist_1e8vcs8._.js:776
